internal_cv_RF_bal_acc,internal_cv_leanness,internal_RF_bal_acc,internal_leanness,test_RF_bal_acc,test_leanness
0.8397571395228647,0.16666666666666666,0.9776617958421552,0.16666666666666666,0.7343594035896814,0.16666666666666666
0.8121016371305203,0.2,0.9819241285030758,0.2,0.7298535606560232,0.2
0.7863452561559108,0.25,0.9789712918660287,0.25,0.723189358071712,0.25
0.6703166313788907,0.3333333333333333,0.9382183285264158,0.3333333333333333,0.6092737403686774,0.3333333333333333
0.43829264124835365,0.5,0.8625526815931179,0.5,0.4455195833300933,0.5
0.2,1.0,0.2,1.0,0.2,1.0
