inner_cv_svm_bal_acc,inner_cv_root_leanness,train_svm_bal_acc,train_root_leanness
,0.0,0.017210343166557777,0.0
,0.0,0.014618264883576159,0.0
,0.0,0.009229783553220246,0.0
,0.0,0.010687671112890042,0.0
,0.0,0.007765148452161904,0.0
,0.0,0.015018529288237987,0.0
,0.0,0.01580986212486269,0.0
,0.0,0.01626956029679716,0.0
,0.0,0.024833377322145665,0.0
,0.0,0.0,0.0
