inner_cv_SKSurvCox_c-index,inner_cv_root_leanness,train_SKSurvCox_c-index,train_root_leanness
,0.0,0.018057628534527956,0.0
,0.0,0.020687596546074417,0.0
,0.0,0.019272664012538552,0.0
,0.0,0.016165549537711803,0.0
,0.0,0.01885515658655694,0.0
,0.0,0.02080566023716876,0.0
,0.0,0.03079832705086839,0.0
,0.0,0.03640287484970623,0.0
,0.0,0.02256687413994907,0.0
,0.0,0.025121296203637504,0.0
,0.0,0.0,0.0
