inner_cv_RF_bal_acc,inner_cv_leanness,train_RF_bal_acc,train_leanness,test_RF_bal_acc,test_leanness
0.9059586998053493,0.09090909090909091,0.9883266459700094,0.09090909090909091,0.8515625,0.09090909090909091
0.8949696365168337,0.1,0.9811837365276477,0.1,0.8489851804123711,0.1
0.8943403165777521,0.16666666666666666,0.9779368263823806,0.16666666666666666,0.8025358983799705,0.16666666666666666
0.8755541293435944,0.2,0.9746800316307405,0.2,0.764244293078056,0.2
0.8580664865096245,0.25,0.9643004627460169,0.25,0.8103483983799705,0.25
0.8192146609833466,0.3333333333333333,0.9345149615204384,0.3333333333333333,0.8222800073637703,0.3333333333333333
0.7102940431025161,0.5,0.8929717350948021,0.5,0.6910898379970544,0.5
0.25,1.0,0.25,1.0,0.25,1.0
