inner_cv_RF_bal_acc,inner_cv_leanness,train_RF_bal_acc,train_leanness,test_RF_bal_acc,test_leanness
0.8869920149116348,0.16666666666666666,0.9749286634756995,0.16666666666666666,0.7969908919158465,0.16666666666666666
0.8769473720544918,0.2,0.9762374585787923,0.2,0.7804179835098195,0.2
0.8609369247054492,0.25,0.9602270112297496,0.25,0.8074612527405887,0.25
0.8012213503313697,0.3333333333333333,0.949963756443299,0.3333333333333333,0.8222476763306432,0.3333333333333333
0.698816043814433,0.5,0.8654155927835051,0.5,0.7438562707001912,0.5
0.25,1.0,0.25,1.0,0.25,1.0
