inner_cv_SKSurvCox_c-index,inner_cv_root_leanness,train_SKSurvCox_c-index,train_root_leanness
0.6385147340621472,0.408248290463863,0.7388398782106331,0.408248290463863
0.6381613043424077,0.4472135954999579,0.7206651573112656,0.4472135954999579
0.6368464198052942,0.5,0.7268326957607932,0.5
0.5885376428167178,0.5773502691896257,0.6934655320477789,0.5773502691896257
0.5478039716717503,0.7071067811865476,0.6447810133499883,0.7071067811865476
0.4985257889913232,1.0,0.5,1.0
