inner_cv_SKSurvCox_c-index,inner_cv_root_leanness,train_SKSurvCox_c-index,train_root_leanness
,0.0,0.033924350577290915,0.0
,0.0,0.028564137518034605,0.0
,0.0,0.03156798267984696,0.0
,0.0,0.03308775626126157,0.0
,0.0,0.02837247365598022,0.0
,0.0,0.0,0.0
