inner_cv_SKSurvCox_c-index,inner_cv_root_leanness,train_SKSurvCox_c-index,train_root_leanness
,0.408248290463863,0.6927046841651991,0.408248290463863
,0.4472135954999579,0.6668475816137823,0.4472135954999579
,0.5,0.6681074198982929,0.5
,0.5773502691896257,0.6234453155894941,0.5773502691896257
,0.7071067811865476,0.5861186617827125,0.7071067811865476
,1.0,0.5,1.0
