
OPTIMIZING ON FOLD NUMBER 0
Number of workers = 96

COMPUTING LOCAL ACTIVE FEATURES
Computing active features for view clinic
Existing features: 8
Applying union strategy for feature selection using composite feature selector with
categorical: feature selector any na and anova
survival: feature selector Cox

Computing active features for outcome survival
Features selected for this outcome: 1
Features active in total: 1
Computing active features for view log_mirna
Existing features: 740
Applying union strategy for feature selection using composite feature selector with
categorical: feature selector any na and anova
survival: feature selector Cox

Computing active features for outcome survival
Features selected for this outcome: 362
Features active in total: 362
Computing active features for view log_mrna
Existing features: 20210
Applying union strategy for feature selection using composite feature selector with
categorical: feature selector any na and anova
survival: feature selector Cox

Computing active features for outcome survival
Features selected for this outcome: 9533
Features active in total: 9533
Computing feature importance
Running optimizer

STARTING 2-STEPS GENETIC ALGORITHM

CREATING INNER FOLDS

ASSIGNING STRATA FOR MULTI-OUTCOME DATA LGG_MV
Assigning strata for outcome named survival of type survival
Counts:
censored 0: 160
censored 1: 92
deceased 0: 38
deceased 1: 38

STARTING SWEEP NUMBER 1
folds_creator_seed = 1199896279

ASSIGNING STRATA FOR MULTI-OUTCOME DATA LGG_MV
Assigning strata for outcome named survival of type survival
Counts:
censored 0: 160
censored 1: 92
deceased 0: 38
deceased 1: 38
ga_runner_seed = 1704641791
VIEW: CLINIC
   	     	         	        	  survival SKSurv Cox model concordance index   	                 root leanness                  
   	     	         	        	------------------------------------------------	------------------------------------------------
gen	evals	gen_feats	explored	min	avg     	max     	std                  	min     	avg     	max	std     
0  	500  	1        	1       	0.5	0.631198	0.768848	0.134385             	0.707107	0.857068	1  	0.146404
1  	258  	1        	1       	0.5	0.634424	0.768848	0.134424             	0.707107	0.853553	1  	0.146447
2  	248  	1        	1       	0.5	0.634424	0.768848	0.134424             	0.707107	0.853553	1  	0.146447
3  	253  	1        	1       	0.5	0.634424	0.768848	0.134424             	0.707107	0.853553	1  	0.146447
4  	256  	1        	1       	0.5	0.634424	0.768848	0.134424             	0.707107	0.853553	1  	0.146447
5  	261  	1        	1       	0.5	0.634424	0.768848	0.134424             	0.707107	0.853553	1  	0.146447
6  	270  	1        	1       	0.5	0.634424	0.768848	0.134424             	0.707107	0.853553	1  	0.146447
7  	254  	1        	1       	0.5	0.634424	0.768848	0.134424             	0.707107	0.853553	1  	0.146447
8  	253  	1        	1       	0.5	0.634424	0.768848	0.134424             	0.707107	0.853553	1  	0.146447
9  	260  	1        	1       	0.5	0.634424	0.768848	0.134424             	0.707107	0.853553	1  	0.146447
10 	260  	1        	1       	0.5	0.634424	0.768848	0.134424             	0.707107	0.853553	1  	0.146447
11 	242  	1        	1       	0.5	0.634424	0.768848	0.134424             	0.707107	0.853553	1  	0.146447
12 	252  	1        	1       	0.5	0.634424	0.768848	0.134424             	0.707107	0.853553	1  	0.146447
13 	249  	1        	1       	0.5	0.634424	0.768848	0.134424             	0.707107	0.853553	1  	0.146447
14 	250  	1        	1       	0.5	0.634424	0.768848	0.134424             	0.707107	0.853553	1  	0.146447
15 	250  	1        	1       	0.5	0.634424	0.768848	0.134424             	0.707107	0.853553	1  	0.146447
16 	247  	1        	1       	0.5	0.634424	0.768848	0.134424             	0.707107	0.853553	1  	0.146447
17 	237  	1        	1       	0.5	0.634424	0.768848	0.134424             	0.707107	0.853553	1  	0.146447
18 	247  	1        	1       	0.5	0.634424	0.768848	0.134424             	0.707107	0.853553	1  	0.146447
19 	257  	1        	1       	0.5	0.634424	0.768848	0.134424             	0.707107	0.853553	1  	0.146447
20 	247  	1        	1       	0.5	0.634424	0.768848	0.134424             	0.707107	0.853553	1  	0.146447
21 	259  	1        	1       	0.5	0.634424	0.768848	0.134424             	0.707107	0.853553	1  	0.146447
22 	228  	1        	1       	0.5	0.634424	0.768848	0.134424             	0.707107	0.853553	1  	0.146447
23 	237  	1        	1       	0.5	0.634424	0.768848	0.134424             	0.707107	0.853553	1  	0.146447
24 	266  	1        	1       	0.5	0.634424	0.768848	0.134424             	0.707107	0.853553	1  	0.146447
25 	246  	1        	1       	0.5	0.634424	0.768848	0.134424             	0.707107	0.853553	1  	0.146447
26 	246  	1        	1       	0.5	0.634424	0.768848	0.134424             	0.707107	0.853553	1  	0.146447
27 	239  	1        	1       	0.5	0.634424	0.768848	0.134424             	0.707107	0.853553	1  	0.146447
28 	252  	1        	1       	0.5	0.634424	0.768848	0.134424             	0.707107	0.853553	1  	0.146447
29 	262  	1        	1       	0.5	0.634424	0.768848	0.134424             	0.707107	0.853553	1  	0.146447
30 	263  	1        	1       	0.5	0.634424	0.768848	0.134424             	0.707107	0.853553	1  	0.146447
31 	261  	1        	1       	0.5	0.634424	0.768848	0.134424             	0.707107	0.853553	1  	0.146447
32 	253  	1        	1       	0.5	0.634424	0.768848	0.134424             	0.707107	0.853553	1  	0.146447
33 	234  	1        	1       	0.5	0.634424	0.768848	0.134424             	0.707107	0.853553	1  	0.146447
34 	263  	1        	1       	0.5	0.634424	0.768848	0.134424             	0.707107	0.853553	1  	0.146447
35 	236  	1        	1       	0.5	0.634424	0.768848	0.134424             	0.707107	0.853553	1  	0.146447
36 	257  	1        	1       	0.5	0.634424	0.768848	0.134424             	0.707107	0.853553	1  	0.146447
37 	243  	1        	1       	0.5	0.634424	0.768848	0.134424             	0.707107	0.853553	1  	0.146447
38 	243  	1        	1       	0.5	0.634424	0.768848	0.134424             	0.707107	0.853553	1  	0.146447
39 	250  	1        	1       	0.5	0.634424	0.768848	0.134424             	0.707107	0.853553	1  	0.146447
40 	251  	1        	1       	0.5	0.634424	0.768848	0.134424             	0.707107	0.853553	1  	0.146447
41 	253  	1        	1       	0.5	0.634424	0.768848	0.134424             	0.707107	0.853553	1  	0.146447
42 	242  	1        	1       	0.5	0.634424	0.768848	0.134424             	0.707107	0.853553	1  	0.146447
43 	268  	1        	1       	0.5	0.634424	0.768848	0.134424             	0.707107	0.853553	1  	0.146447
44 	258  	1        	1       	0.5	0.634424	0.768848	0.134424             	0.707107	0.853553	1  	0.146447
45 	239  	1        	1       	0.5	0.634424	0.768848	0.134424             	0.707107	0.853553	1  	0.146447
46 	256  	1        	1       	0.5	0.634424	0.768848	0.134424             	0.707107	0.853553	1  	0.146447
47 	248  	1        	1       	0.5	0.634424	0.768848	0.134424             	0.707107	0.853553	1  	0.146447
48 	251  	1        	1       	0.5	0.634424	0.768848	0.134424             	0.707107	0.853553	1  	0.146447
49 	263  	1        	1       	0.5	0.634424	0.768848	0.134424             	0.707107	0.853553	1  	0.146447

ASSIGNING STRATA FOR MULTI-OUTCOME DATA LGG_MV
Assigning strata for outcome named survival of type survival
Counts:
censored 0: 160
censored 1: 92
deceased 0: 38
deceased 1: 38
VIEW: LOG_MIRNA
   	     	         	        	   survival SKSurv Cox model concordance index   	                 root leanness                  
   	     	         	        	-------------------------------------------------	------------------------------------------------
gen	evals	gen_feats	explored	min	avg     	max     	std                  	min     	avg     	max	std     
0  	500  	18       	18      	0.5	0.732637	0.854534	0.0524594            	0.229416	0.293925	1  	0.144391
1  	351  	192      	192     	0.5	0.756436	0.854534	0.0576054            	0.208514	0.320643	1  	0.125127
2  	365  	232      	271     	0.5	0.785509	0.870341	0.0553212            	0.213201	0.347699	1  	0.114099
3  	381  	249      	319     	0.5	0.808584	0.870341	0.0498142            	0.223607	0.379357	1  	0.115374
4  	398  	267      	340     	0.5	0.815406	0.870341	0.0493938            	0.223607	0.394567	1  	0.118385
5  	370  	265      	348     	0.5	0.820197	0.870341	0.0493968            	0.213201	0.400243	1  	0.125965
6  	383  	262      	354     	0.5	0.822602	0.870341	0.0521798            	0.213201	0.406292	1  	0.127487
7  	368  	256      	357     	0.5	0.823153	0.870341	0.0583936            	0.213201	0.406674	1  	0.13374 
8  	384  	268      	358     	0.5	0.825959	0.871885	0.0575062            	0.208514	0.406554	1  	0.133921
9  	379  	267      	360     	0.5	0.829443	0.871885	0.0541619            	0.208514	0.401143	1  	0.133184
10 	369  	273      	361     	0.5	0.832192	0.871885	0.0517175            	0.208514	0.399435	1  	0.132149
11 	385  	273      	362     	0.5	0.833587	0.874264	0.0521886            	0.223607	0.398751	1  	0.132608
12 	387  	274      	362     	0.5	0.835004	0.874509	0.0522731            	0.229416	0.399687	1  	0.131867
13 	372  	279      	362     	0.5	0.838196	0.885479	0.0502101            	0.223607	0.392225	1  	0.132027
14 	382  	271      	362     	0.5	0.840336	0.887865	0.0491791            	0.223607	0.388549	1  	0.132689
15 	396  	273      	362     	0.5	0.842448	0.887865	0.0486222            	0.223607	0.385062	1  	0.132685
16 	373  	272      	362     	0.5	0.844787	0.887865	0.0475695            	0.218218	0.381408	1  	0.132418
17 	372  	276      	362     	0.5	0.84609 	0.887865	0.0478885            	0.213201	0.379988	1  	0.132921
18 	381  	263      	362     	0.5	0.8472  	0.887865	0.0482948            	0.213201	0.379866	1  	0.133145
19 	383  	270      	362     	0.5	0.848801	0.890183	0.0476199            	0.213201	0.378341	1  	0.132888
20 	373  	285      	362     	0.5	0.849646	0.890183	0.0479472            	0.208514	0.378186	1  	0.133114
21 	379  	280      	362     	0.5	0.851038	0.896789	0.0481026            	0.208514	0.375479	1  	0.133718
22 	388  	283      	362     	0.5	0.852573	0.896789	0.0478089            	0.208514	0.372406	1  	0.133775
23 	365  	268      	362     	0.5	0.853884	0.896789	0.04739              	0.213201	0.370662	1  	0.133014
24 	379  	265      	362     	0.5	0.854637	0.896789	0.0477461            	0.213201	0.371266	1  	0.13242 
25 	399  	272      	362     	0.5	0.855368	0.896789	0.047832             	0.213201	0.371537	1  	0.132254
26 	394  	266      	362     	0.5	0.857272	0.896789	0.0461698            	0.213201	0.367867	1  	0.131963
27 	404  	282      	362     	0.5	0.857858	0.896789	0.0461258            	0.213201	0.367911	1  	0.131894
28 	382  	274      	362     	0.5	0.858814	0.897043	0.0455754            	0.213201	0.368042	1  	0.131772
29 	376  	270      	362     	0.5	0.859449	0.897043	0.0455332            	0.208514	0.367524	1  	0.132211
30 	379  	257      	362     	0.5	0.85929 	0.897043	0.0469103            	0.208514	0.369306	1  	0.132976
31 	371  	265      	362     	0.5	0.860501	0.897043	0.0457276            	0.213201	0.367872	1  	0.131875
32 	382  	258      	362     	0.5	0.861913	0.897043	0.0452641            	0.208514	0.36375 	1  	0.131852
33 	378  	276      	362     	0.5	0.861445	0.899286	0.0459916            	0.208514	0.367799	1  	0.131957
34 	384  	258      	362     	0.5	0.861938	0.899286	0.0462048            	0.208514	0.36795 	1  	0.131831
35 	385  	259      	362     	0.5	0.862461	0.899286	0.0459026            	0.204124	0.367983	1  	0.131846
36 	390  	263      	362     	0.5	0.862987	0.899286	0.0458921            	0.204124	0.366932	1  	0.13257 
37 	371  	254      	362     	0.5	0.864192	0.904018	0.0453333            	0.204124	0.363953	1  	0.131738
38 	371  	269      	362     	0.5	0.863967	0.904018	0.0460468            	0.204124	0.36682 	1  	0.132482
39 	359  	268      	362     	0.5	0.864273	0.904018	0.0457919            	0.208514	0.368048	1  	0.131809
40 	362  	268      	362     	0.5	0.864685	0.904018	0.0459741            	0.208514	0.367771	1  	0.132056
41 	379  	277      	362     	0.5	0.865989	0.906105	0.0453277            	0.204124	0.363795	1  	0.131908
42 	367  	276      	362     	0.5	0.865899	0.906105	0.0461547            	0.204124	0.364827	1  	0.132777
43 	365  	271      	362     	0.5	0.866739	0.906105	0.0456754            	0.204124	0.362802	1  	0.132723
44 	368  	269      	362     	0.5	0.867222	0.906105	0.0455785            	0.204124	0.362188	1  	0.133151
45 	374  	284      	362     	0.5	0.868032	0.906621	0.0456682            	0.204124	0.360178	1  	0.133347
46 	376  	277      	362     	0.5	0.868851	0.906621	0.0452086            	0.204124	0.359089	1  	0.1322  
47 	377  	269      	362     	0.5	0.869435	0.908137	0.0454992            	0.196116	0.358678	1  	0.132515
48 	374  	255      	362     	0.5	0.870418	0.908137	0.0450651            	0.196116	0.356218	1  	0.132127
49 	372  	274      	362     	0.5	0.871167	0.911722	0.0452622            	0.196116	0.354236	1  	0.132438

ASSIGNING STRATA FOR MULTI-OUTCOME DATA LGG_MV
Assigning strata for outcome named survival of type survival
Counts:
censored 0: 160
censored 1: 92
deceased 0: 38
deceased 1: 38
Generations completed = 1
VIEW: LOG_MRNA
   	     	         	        	       survival SKSurv Cox model concordance index       	                 root leanness                  
   	     	         	        	---------------------------------------------------------	------------------------------------------------
gen	evals	gen_feats	explored	min     	avg     	max     	std             	min     	avg     	max	std     
0  	500  	30       	30      	0.479031	0.719234	0.909706	0.148498        	0.179605	0.25281 	1  	0.124835
1  	364  	277      	277     	0.5     	0.842732	0.909706	0.0792114       	0.174078	0.289611	1  	0.110701
2  	377  	333      	504     	0.5     	0.878783	0.910101	0.0395781       	0.204124	0.331915	1  	0.108036
3  	387  	393      	765     	0.5     	0.877984	0.91021 	0.0464449       	0.213201	0.356787	1  	0.113208
4  	372  	403      	1003    	0.5     	0.87551 	0.911365	0.057583        	0.208514	0.374688	1  	0.124623
5  	382  	382      	1208    	0.5     	0.877513	0.916485	0.057611        	0.229416	0.383498	1  	0.127502
6  	387  	409      	1443    	0.5     	0.876847	0.916485	0.061117        	0.229416	0.392655	1  	0.132435
7  	373  	374      	1628    	0.5     	0.881355	0.917005	0.0542609       	0.223607	0.389973	1  	0.132207
8  	365  	394      	1825    	0.5     	0.883448	0.917005	0.0518251       	0.218218	0.38953 	1  	0.132398
9  	396  	414      	2015    	0.5     	0.885342	0.917005	0.0494515       	0.218218	0.389377	1  	0.132286
10 	365  	382      	2189    	0.5     	0.886276	0.917005	0.0492869       	0.218218	0.389075	1  	0.132531
11 	384  	411      	2373    	0.5     	0.887475	0.917005	0.0487159       	0.218218	0.390355	1  	0.13155 
12 	376  	436      	2582    	0.5     	0.888114	0.917005	0.0487353       	0.218218	0.390489	1  	0.131368
13 	357  	400      	2760    	0.5     	0.889631	0.919525	0.0472347       	0.218218	0.386411	1  	0.131538
14 	373  	422      	2952    	0.5     	0.890996	0.919525	0.0458576       	0.229416	0.384123	1  	0.131049
15 	388  	439      	3112    	0.5     	0.89159 	0.919525	0.0460328       	0.229416	0.383877	1  	0.131258
16 	392  	418      	3265    	0.5     	0.892361	0.922376	0.0448309       	0.223607	0.384142	1  	0.131062
17 	392  	432      	3423    	0.5     	0.893035	0.922376	0.0440599       	0.235702	0.384504	1  	0.130684
18 	373  	435      	3598    	0.5     	0.893331	0.922376	0.0440337       	0.235702	0.385756	1  	0.130531
19 	360  	384      	3738    	0.5     	0.893116	0.922376	0.0448784       	0.235702	0.388378	1  	0.130344
20 	388  	415      	3886    	0.5     	0.893474	0.922376	0.0449397       	0.235702	0.387198	1  	0.131097
21 	372  	395      	4016    	0.5     	0.893814	0.922376	0.0448821       	0.235702	0.387941	1  	0.130703
22 	380  	418      	4149    	0.5     	0.894271	0.923006	0.0445289       	0.235702	0.38809 	1  	0.13055 
23 	369  	429      	4299    	0.5     	0.894062	0.923006	0.0445932       	0.235702	0.391194	1  	0.130794
24 	379  	452      	4448    	0.5     	0.894398	0.923006	0.0447168       	0.235702	0.390828	1  	0.130901
25 	371  	439      	4568    	0.5     	0.894926	0.925381	0.0448568       	0.235702	0.389033	1  	0.131157
26 	378  	434      	4697    	0.5     	0.895598	0.925381	0.0442435       	0.235702	0.387823	1  	0.130805
27 	387  	494      	4866    	0.5     	0.895215	0.925381	0.0458441       	0.235702	0.38933 	1  	0.131404
28 	362  	418      	5002    	0.5     	0.896093	0.925381	0.0443864       	0.229416	0.387737	1  	0.130861
29 	378  	426      	5113    	0.5     	0.896311	0.925381	0.044475        	0.229416	0.387576	1  	0.130999
30 	376  	429      	5227    	0.5     	0.896747	0.927858	0.0442852       	0.229416	0.386649	1  	0.131531
31 	383  	432      	5347    	0.5     	0.897165	0.927858	0.0440611       	0.229416	0.38566 	1  	0.131793
32 	377  	431      	5443    	0.5     	0.89807 	0.927858	0.0428659       	0.223607	0.383364	1  	0.131378
33 	365  	424      	5543    	0.5     	0.898338	0.927858	0.0429529       	0.218218	0.382714	1  	0.131747
34 	399  	482      	5665    	0.5     	0.898735	0.927858	0.0430207       	0.218218	0.381125	1  	0.131967
35 	369  	456      	5766    	0.5     	0.898979	0.927858	0.0426654       	0.218218	0.381919	1  	0.131738
36 	366  	475      	5871    	0.5     	0.899326	0.927858	0.0421025       	0.218218	0.381588	1  	0.131823
37 	364  	439      	5958    	0.5     	0.899989	0.927858	0.0412418       	0.218218	0.380022	1  	0.131518
38 	387  	466      	6066    	0.5     	0.900478	0.928279	0.0413703       	0.218218	0.377635	1  	0.13226 
39 	382  	447      	6142    	0.5     	0.900699	0.928279	0.0412247       	0.218218	0.377511	1  	0.132265
40 	370  	442      	6209    	0.5     	0.901339	0.928279	0.040526        	0.218218	0.375898	1  	0.131828
41 	389  	469      	6308    	0.5     	0.900994	0.931126	0.0414898       	0.218218	0.37747 	1  	0.132695
42 	367  	469      	6397    	0.5     	0.901016	0.931126	0.0415425       	0.218218	0.378231	1  	0.132875
43 	369  	451      	6493    	0.5     	0.901908	0.931723	0.040752        	0.218218	0.375459	1  	0.132194
44 	368  	500      	6581    	0.5     	0.901594	0.931723	0.0415457       	0.218218	0.377338	1  	0.132789
45 	366  	455      	6656    	0.5     	0.90211 	0.931723	0.0406192       	0.218218	0.376846	1  	0.131883
46 	378  	455      	6740    	0.5     	0.901675	0.931723	0.0413221       	0.223607	0.379892	1  	0.131587
47 	357  	431      	6808    	0.5     	0.902158	0.931723	0.0414147       	0.223607	0.377548	1  	0.131919
48 	396  	485      	6893    	0.5     	0.902707	0.931723	0.0408041       	0.218218	0.376481	1  	0.131266
49 	371  	447      	6976    	0.5     	0.902901	0.931723	0.0406534       	0.218218	0.376422	1  	0.131334

STARTING MASTER RUNNER RESAMPLING
Generations completed = 6
Generations completed = 15
Generations completed = 24
Generations completed = 33
Generations completed = 42
MASTER
   	     	         	        	       survival SKSurv Cox model concordance index       	                      root leanness                      
   	     	         	        	---------------------------------------------------------	---------------------------------------------------------
gen	evals	gen_feats	explored	min     	avg     	max     	std             	min     	avg     	max     	std      
0  	500  	434      	434     	0.435067	0.838627	0.933109	0.097569        	0.154303	0.243909	0.5     	0.0619908
1  	420  	387      	481     	0.701836	0.898273	0.935126	0.0268928       	0.176777	0.273576	0.5     	0.0585396
2  	388  	368      	502     	0.840546	0.904792	0.939391	0.0163166       	0.185695	0.294278	0.57735 	0.0671653
3  	390  	369      	516     	0.818515	0.905575	0.939391	0.0186266       	0.185695	0.303687	0.57735 	0.0735164
4  	403  	362      	524     	0.818515	0.906991	0.939391	0.0196045       	0.182574	0.308144	0.57735 	0.0788809
5  	399  	361      	536     	0.818515	0.90707 	0.939391	0.0206587       	0.182574	0.314003	0.57735 	0.0825367
6  	404  	357      	540     	0.763429	0.907532	0.939391	0.0228273       	0.182574	0.316974	0.57735 	0.0863804
7  	391  	365      	544     	0.763429	0.907948	0.942995	0.0231576       	0.182574	0.320675	0.57735 	0.0887046
8  	385  	371      	546     	0.763429	0.909281	0.944124	0.0220769       	0.182574	0.321278	0.57735 	0.0882028
9  	391  	362      	548     	0.763429	0.909776	0.944124	0.0226908       	0.182574	0.322663	0.57735 	0.0894782
10 	380  	353      	550     	0.763429	0.909659	0.944124	0.0242701       	0.182574	0.325113	0.57735 	0.0920982
11 	391  	334      	550     	0.763429	0.909804	0.944124	0.024833        	0.182574	0.326488	0.57735 	0.0932703
12 	392  	325      	550     	0.763429	0.909657	0.944124	0.0257458       	0.182574	0.327995	0.57735 	0.0962565
13 	400  	328      	551     	0.731247	0.909781	0.944124	0.0271462       	0.182574	0.328114	0.707107	0.0988013
14 	386  	349      	551     	0.731247	0.910004	0.944124	0.0277924       	0.176777	0.328332	0.707107	0.0995473
15 	402  	357      	551     	0.731247	0.910293	0.944124	0.0279753       	0.176777	0.328661	0.707107	0.100053 
16 	403  	346      	552     	0.731247	0.909512	0.944124	0.0296158       	0.176777	0.332113	0.707107	0.102562 
17 	399  	353      	552     	0.731247	0.90969 	0.944124	0.0290022       	0.176777	0.333458	0.707107	0.103125 
18 	407  	355      	552     	0.731247	0.910751	0.944124	0.0269901       	0.176777	0.331559	0.707107	0.102888 
19 	386  	334      	552     	0.731247	0.911576	0.944124	0.0263076       	0.176777	0.329079	0.707107	0.10232  
20 	374  	323      	552     	0.731247	0.911848	0.944124	0.0260599       	0.176777	0.32911 	0.707107	0.102309 
21 	401  	353      	552     	0.716843	0.911808	0.944124	0.0272298       	0.176777	0.32991 	0.707107	0.103737 
22 	395  	332      	552     	0.716843	0.911962	0.944124	0.0272253       	0.176777	0.330819	0.707107	0.105044 
23 	398  	318      	552     	0.716843	0.911897	0.944124	0.0281972       	0.176777	0.331241	0.707107	0.106713 
24 	383  	332      	552     	0.716843	0.912383	0.944124	0.0273094       	0.176777	0.33133 	0.707107	0.106644 
25 	404  	343      	552     	0.716843	0.912936	0.944124	0.0270848       	0.176777	0.3296  	0.707107	0.107539 
26 	395  	327      	552     	0.716843	0.913426	0.944124	0.0274648       	0.176777	0.326972	0.707107	0.108936 
27 	394  	327      	552     	0.716843	0.913236	0.944124	0.0275903       	0.182574	0.329137	0.707107	0.109755 
28 	395  	336      	552     	0.716843	0.913656	0.944124	0.027289        	0.182574	0.327878	0.707107	0.109951 
29 	389  	327      	552     	0.716843	0.913899	0.944124	0.0270479       	0.182574	0.327641	0.707107	0.109338 
30 	397  	321      	552     	0.716843	0.913895	0.944124	0.0279371       	0.182574	0.327615	0.707107	0.110487 
31 	403  	325      	552     	0.716843	0.913686	0.944124	0.0288896       	0.182574	0.327933	0.707107	0.112164 
32 	394  	336      	552     	0.716843	0.914152	0.944124	0.0287758       	0.182574	0.32534 	0.707107	0.112572 
33 	393  	320      	552     	0.716843	0.91451 	0.944124	0.0283741       	0.182574	0.324507	0.707107	0.112207 
34 	377  	327      	552     	0.716843	0.914772	0.944124	0.0283682       	0.182574	0.32284 	0.707107	0.112956 
35 	400  	335      	552     	0.716843	0.915036	0.944124	0.0283371       	0.182574	0.321953	0.707107	0.113664 
36 	391  	322      	552     	0.716843	0.915176	0.944124	0.0283668       	0.182574	0.32153 	0.707107	0.113751 
37 	412  	342      	552     	0.716843	0.915295	0.944124	0.0283984       	0.182574	0.321187	0.707107	0.114001 
38 	403  	334      	552     	0.716843	0.915362	0.944124	0.0284093       	0.182574	0.320967	0.707107	0.114162 
39 	380  	309      	552     	0.716843	0.915589	0.944124	0.0282127       	0.182574	0.320346	0.707107	0.114438 
40 	379  	326      	552     	0.716843	0.915918	0.944124	0.0282277       	0.179605	0.318231	0.707107	0.114471 
41 	399  	304      	552     	0.716843	0.915789	0.944124	0.0282398       	0.179605	0.320261	0.707107	0.114465 
42 	386  	338      	552     	0.716843	0.915825	0.944124	0.0282503       	0.179605	0.319991	0.707107	0.114555 
43 	399  	338      	552     	0.716843	0.916423	0.944596	0.0278862       	0.179605	0.317298	0.707107	0.114161 
44 	393  	330      	552     	0.716843	0.916628	0.944596	0.0276166       	0.179605	0.317189	0.707107	0.11424  
45 	384  	320      	552     	0.716843	0.916853	0.944596	0.0274011       	0.179605	0.316769	0.707107	0.114576 
46 	401  	356      	552     	0.716843	0.916885	0.944596	0.0273802       	0.179605	0.316953	0.707107	0.114458 
47 	385  	334      	552     	0.716843	0.916184	0.944596	0.0295926       	0.179605	0.318631	0.707107	0.118615 
48 	380  	312      	552     	0.716843	0.916196	0.944596	0.0296179       	0.179605	0.319501	0.707107	0.118421 
49 	400  	326      	552     	0.716843	0.916329	0.944596	0.0295201       	0.179605	0.319147	0.707107	0.118625 

CURRENT HALLS OF FAME

PARETO FRONT
Number of solutions = 18
(0.9445964768591583, 0.19245008972987526) 26 features: [0_age_at_initial_pathologic_diagnosis, 1_hsa.miR.105.5p, 1_hsa.miR.10b.3p, 1_hsa.miR.1228.3p, 1_hsa.miR.135a.3p, 1_hsa.miR.142.5p, 1_hsa.miR.15b.5p, 1_hsa.miR.196b.5p, 1_hsa.miR.346, 1_hsa.miR.382.3p, 1_hsa.miR.452.5p, 2_CER1.9350, 2_CNOT4.4850, 2_CREM.1390, 2_HIST1H2BD.3017, 2_HOXD12.3238, 2_IGF2BP3.10643, 2_KLHL25.64410, 2_LOC388387.388387, 2_MTAP.4507, 2_NFXL1.152518, 2_SKI.6497, 2_SLC22A23.63027, 2_SLC6A1.6529, 2_TAP1.6890, 2_WEE1.7465]
(0.9425662153584162, 0.21320071635561044) 21 features: [0_age_at_initial_pathologic_diagnosis, 1_hsa.miR.1228.3p, 1_hsa.miR.15b.5p, 1_hsa.miR.346, 1_hsa.miR.382.3p, 1_hsa.miR.452.5p, 2_CER1.9350, 2_CNOT4.4850, 2_CREM.1390, 2_HIST1H2BD.3017, 2_HOXD12.3238, 2_IGF2BP3.10643, 2_KLHL25.64410, 2_LOC388387.388387, 2_MTAP.4507, 2_NFXL1.152518, 2_SKI.6497, 2_SLC22A23.63027, 2_SLC6A1.6529, 2_TAP1.6890, 2_WEE1.7465]
(0.9369038208165422, 0.21821789023599236) 20 features: [0_age_at_initial_pathologic_diagnosis, 1_hsa.miR.1228.3p, 1_hsa.miR.15b.5p, 1_hsa.miR.346, 1_hsa.miR.452.5p, 2_CER1.9350, 2_CNOT4.4850, 2_CREM.1390, 2_HIST1H2BD.3017, 2_HOXD12.3238, 2_IGF2BP3.10643, 2_KLHL25.64410, 2_LOC388387.388387, 2_MTAP.4507, 2_NFXL1.152518, 2_SKI.6497, 2_SLC22A23.63027, 2_SLC6A1.6529, 2_TAP1.6890, 2_WEE1.7465]
(0.9359162744664188, 0.22360679774997896) 19 features: [0_age_at_initial_pathologic_diagnosis, 1_hsa.miR.10b.5p, 1_hsa.miR.1228.3p, 1_hsa.miR.142.5p, 1_hsa.miR.15b.5p, 1_hsa.miR.346, 1_hsa.miR.381.5p, 1_hsa.miR.432.5p, 1_hsa.miR.452.5p, 2_CREM.1390, 2_HIST1H2BD.3017, 2_HOXD12.3238, 2_KLHL25.64410, 2_LDOC1.23641, 2_LOC100128811.100128811, 2_MTAP.4507, 2_NFXL1.152518, 2_SKI.6497, 2_WEE1.7465]
(0.9336600384873699, 0.2581988897471611) 14 features: [0_age_at_initial_pathologic_diagnosis, 1_hsa.miR.10b.5p, 1_hsa.miR.1228.3p, 1_hsa.miR.15b.5p, 1_hsa.miR.502.5p, 2_DEFB118.117285, 2_MTAP.4507, 2_MUC1.4582, 2_NFXL1.152518, 2_RIPK1.8737, 2_SERPINA5.5104, 2_SKI.6497, 2_SULF2.55959, 2_WEE1.7465]
(0.9307303860259917, 0.2672612419124244) 13 features: [0_age_at_initial_pathologic_diagnosis, 1_hsa.miR.15b.5p, 1_hsa.miR.502.5p, 2_CD70.970, 2_DEFB118.117285, 2_MTAP.4507, 2_MUC1.4582, 2_NFXL1.152518, 2_RIPK1.8737, 2_SERPINA5.5104, 2_SKI.6497, 2_SULF2.55959, 2_WEE1.7465]
(0.9291354970422848, 0.2773500981126146) 12 features: [0_age_at_initial_pathologic_diagnosis, 1_hsa.miR.144.3p, 1_hsa.miR.15b.5p, 1_hsa.miR.346, 1_hsa.miR.382.3p, 2_HIST1H2BD.3017, 2_HOXD10.3236, 2_MTAP.4507, 2_RPP30.10556, 2_SKI.6497, 2_SULF2.55959, 2_WEE1.7465]
(0.9290227845079647, 0.28867513459481287) 11 features: [0_age_at_initial_pathologic_diagnosis, 1_hsa.miR.15b.5p, 1_hsa.miR.346, 1_hsa.miR.432.5p, 2_ELK1.2002, 2_HIST1H2BD.3017, 2_HOXD10.3236, 2_HOXD12.3238, 2_MTAP.4507, 2_SULF2.55959, 2_WEE1.7465]
(0.9257132763981889, 0.30151134457776363) 10 features: [0_age_at_initial_pathologic_diagnosis, 1_hsa.miR.1266.5p, 2_ELK1.2002, 2_HIST1H2BD.3017, 2_HOXD10.3236, 2_HOXD12.3238, 2_MTAP.4507, 2_SULF2.55959, 2_WEE1.7465, 2_ZNF648.127665]
(0.9256487150563225, 0.31622776601683794) 9 features: [0_age_at_initial_pathologic_diagnosis, 1_hsa.let.7i.5p, 2_ELK1.2002, 2_HIST1H2BD.3017, 2_HOXD10.3236, 2_HOXD12.3238, 2_MTAP.4507, 2_SULF2.55959, 2_WEE1.7465]
(0.9229851068896885, 0.3333333333333333) 8 features: [0_age_at_initial_pathologic_diagnosis, 1_hsa.miR.15b.5p, 1_hsa.miR.450b.5p, 2_HIST1H2BD.3017, 2_HOXD12.3238, 2_MTAP.4507, 2_SULF2.55959, 2_WEE1.7465]
(0.9217489901622086, 0.3535533905932738) 7 features: [0_age_at_initial_pathologic_diagnosis, 1_hsa.miR.10b.3p, 2_HIST1H2BD.3017, 2_HOXD12.3238, 2_MTAP.4507, 2_SULF2.55959, 2_WEE1.7465]
(0.9201426116692266, 0.3779644730092272) 6 features: [0_age_at_initial_pathologic_diagnosis, 2_HIST1H2BD.3017, 2_HOXD12.3238, 2_MTAP.4507, 2_SULF2.55959, 2_WEE1.7465]
(0.9146977621615009, 0.408248290463863) 5 features: [0_age_at_initial_pathologic_diagnosis, 1_hsa.miR.10b.3p, 2_MTAP.4507, 2_SULF2.55959, 2_WEE1.7465]
(0.9084777893561382, 0.4472135954999579) 4 features: [0_age_at_initial_pathologic_diagnosis, 1_hsa.miR.10b.5p, 2_ELK1.2002, 2_WEE1.7465]
(0.9052725643365241, 0.5) [0_age_at_initial_pathologic_diagnosis, 2_ELK1.2002, 2_WEE1.7465]
(0.8868894640246224, 0.5773502691896257) [0_age_at_initial_pathologic_diagnosis, 2_WEE1.7465]
(0.8553675469970247, 0.7071067811865476) [2_WEE1.7465]
Features in hall of fame by prevalence:
46 features: [2_WEE1.7465, 0_age_at_initial_pathologic_diagnosis, 2_MTAP.4507, 2_HIST1H2BD.3017, 2_HOXD12.3238, 2_SULF2.55959, 1_hsa.miR.15b.5p, 2_SKI.6497, 1_hsa.miR.346, 2_NFXL1.152518, 1_hsa.miR.1228.3p, 2_ELK1.2002, 1_hsa.miR.452.5p, 2_CREM.1390, 2_HOXD10.3236, 2_KLHL25.64410, 1_hsa.miR.10b.3p, 1_hsa.miR.10b.5p, 1_hsa.miR.382.3p, 2_CER1.9350, 2_CNOT4.4850, 2_IGF2BP3.10643, 2_LOC388387.388387, 2_SLC22A23.63027, 2_SLC6A1.6529, 2_TAP1.6890, 1_hsa.miR.142.5p, 1_hsa.miR.432.5p, 1_hsa.miR.502.5p, 2_DEFB118.117285, 2_MUC1.4582, 2_RIPK1.8737, 2_SERPINA5.5104, 1_hsa.let.7i.5p, 1_hsa.miR.105.5p, 1_hsa.miR.1266.5p, 1_hsa.miR.135a.3p, 1_hsa.miR.144.3p, 1_hsa.miR.196b.5p, 1_hsa.miR.381.5p, 1_hsa.miR.450b.5p, 2_CD70.970, 2_LDOC1.23641, 2_LOC100128811.100128811, 2_RPP30.10556, 2_ZNF648.127665]

LAST POPULATION
Number of solutions = 500
Features in hall of fame by prevalence:
174 features: [2_WEE1.7465, 0_age_at_initial_pathologic_diagnosis, 2_MTAP.4507, 2_HIST1H2BD.3017, 1_hsa.miR.15b.5p, 2_SKI.6497, 2_HOXD12.3238, 2_NFXL1.152518, 1_hsa.miR.346, 2_SULF2.55959, 2_KLHL25.64410, 2_IGF2BP3.10643, 2_SLC6A1.6529, 1_hsa.miR.1228.3p, 2_LOC388387.388387, 1_hsa.miR.452.5p, 2_CREM.1390, 2_SLC22A23.63027, 1_hsa.miR.382.3p, 2_CER1.9350, 2_TAP1.6890, 2_HOXD10.3236, 2_CNOT4.4850, 1_hsa.miR.10b.5p, 2_ELK1.2002, 1_hsa.miR.10b.3p, 1_hsa.miR.381.5p, 1_hsa.miR.144.3p, 2_SERPINA5.5104, 1_hsa.miR.196b.5p, 2_RIPK1.8737, 2_DEFB118.117285, 2_MUC1.4582, 1_hsa.miR.222.5p, 2_ZNF648.127665, 1_hsa.miR.502.5p, 2_LOC100128811.100128811, 1_hsa.miR.432.5p, 1_hsa.miR.6502.5p, 1_hsa.miR.27a.3p, 2_WISP1.8840, 1_hsa.miR.299.5p, 1_hsa.miR.142.5p, 1_hsa.miR.1537.5p, 2_LDOC1.23641, 2_RPP30.10556, 1_hsa.miR.671.5p, 2_TRIM16L.147166, 1_hsa.miR.15b.3p, 1_hsa.miR.655.3p, 1_hsa.miR.135a.3p, 1_hsa.miR.651.5p, 1_hsa.miR.1468.5p, 1_hsa.miR.193b.5p, 2_UBA5.79876, 1_hsa.let.7e.5p, 2_CD70.970, 1_hsa.miR.339.5p, 1_hsa.miR.769.3p, 1_hsa.miR.1266.5p, 1_hsa.miR.615.3p, 2_CCKAR.886, 2_DUSP26.78986, 2_MYH7.4625, 1_hsa.let.7i.5p, 1_hsa.miR.125b.1.3p, 1_hsa.miR.1307.5p, 1_hsa.miR.187.3p, 1_hsa.miR.21.5p, 1_hsa.miR.6892.5p, 2_DPCD.25911, 2_GSTO2.119391, 2_KLK15.55554, 2_BMP2.650, 2_IGFBP2.3485, 2_KLHL28.54813, 2_LOC100190939.100190939, 2_LOC219347.219347, 2_RPN1.6184, 1_hsa.miR.146b.3p, 1_hsa.miR.148a.5p, 1_hsa.miR.204.3p, 1_hsa.miR.335.3p, 1_hsa.miR.370.3p, 1_hsa.miR.9.5p, 2_C6.729, 2_C9orf110.100128385, 1_hsa.miR.105.5p, 1_hsa.miR.148b.5p, 1_hsa.miR.2355.3p, 1_hsa.miR.31.3p, 1_hsa.miR.3923, 1_hsa.miR.423.5p, 1_hsa.miR.487a.3p, 2_HSPA14.51182, 2_PDE6B.5158, 2_SLC25A3.5250, 1_hsa.miR.10a.3p, 1_hsa.miR.135b.5p, 1_hsa.miR.141.5p, ...]

BEST SUMS WITH SIZE 50
Number of solutions = 50
Features in hall of fame by prevalence:
40 features: [2_WEE1.7465, 0_age_at_initial_pathologic_diagnosis, 1_hsa.miR.15b.5p, 2_IGFBP2.3485, 1_hsa.miR.10b.3p, 1_hsa.miR.10b.5p, 1_hsa.miR.15b.3p, 1_hsa.miR.651.5p, 2_AOX1.316, 2_BMP2.650, 2_RAD18.56852, 2_RASL10A.10633, 1_hsa.let.7e.5p, 1_hsa.let.7i.5p, 1_hsa.miR.1266.5p, 1_hsa.miR.135b.5p, 1_hsa.miR.146b.3p, 1_hsa.miR.196b.5p, 1_hsa.miR.27a.5p, 1_hsa.miR.335.3p, 1_hsa.miR.335.5p, 1_hsa.miR.4677.3p, 1_hsa.miR.615.3p, 1_hsa.miR.671.5p, 1_hsa.miR.6892.5p, 1_hsa.miR.9.5p, 2_ADO.84890, 2_C11orf82.220042, 2_CUTC.51076, 2_ELK1.2002, 2_FHDC1.85462, 2_HOXD10.3236, 2_KLK15.55554, 2_MTAP.4507, 2_NTNG2.84628, 2_PRMT5.10419, 2_RPP30.10556, 2_SLITRK5.26050, 2_TRIM16L.147166, 2_WISP1.8840]

BEST SUMS WITH SIZE 100
Number of solutions = 100
Features in hall of fame by prevalence:
57 features: [2_WEE1.7465, 0_age_at_initial_pathologic_diagnosis, 1_hsa.miR.15b.5p, 2_RAD18.56852, 1_hsa.miR.10b.3p, 1_hsa.miR.10b.5p, 2_BMP2.650, 2_IGFBP2.3485, 1_hsa.miR.15b.3p, 2_MAP1LC3C.440738, 2_MTAP.4507, 2_RASL10A.10633, 1_hsa.miR.196b.5p, 1_hsa.miR.651.5p, 1_hsa.miR.671.5p, 1_hsa.miR.6892.5p, 2_WISP1.8840, 1_hsa.let.7e.5p, 1_hsa.let.7i.5p, 1_hsa.miR.1266.5p, 1_hsa.miR.4677.3p, 1_hsa.miR.615.3p, 1_hsa.miR.9.5p, 2_AOX1.316, 2_C11orf82.220042, 2_ELK1.2002, 2_FHDC1.85462, 2_HOXD10.3236, 2_KLK15.55554, 2_RPP30.10556, 2_TRIM16L.147166, 1_hsa.miR.1228.3p, 1_hsa.miR.135b.5p, 1_hsa.miR.146b.3p, 1_hsa.miR.146b.5p, 1_hsa.miR.222.5p, 1_hsa.miR.27a.5p, 1_hsa.miR.335.3p, 1_hsa.miR.335.5p, 1_hsa.miR.423.5p, 1_hsa.miR.450b.5p, 1_hsa.miR.99b.3p, 2_ADO.84890, 2_BRIP1.83990, 2_C9orf110.100128385, 2_CUTC.51076, 2_DLL3.10683, 2_DNAH11.8701, 2_DPY19L1.23333, 2_KLHL25.64410, 2_NTNG2.84628, 2_PRMT5.10419, 2_RPRM.56475, 2_SERPINA5.5104, 2_SLITRK5.26050, 2_SULF2.55959, 2_TDH.157739]

STARTING SWEEP NUMBER 2
folds_creator_seed = 3641023306

ASSIGNING STRATA FOR MULTI-OUTCOME DATA LGG_MV
Assigning strata for outcome named survival of type survival
Counts:
censored 0: 160
censored 1: 92
deceased 0: 38
deceased 1: 38
ga_runner_seed = 1749102809
VIEW: CLINIC
   	     	         	        	   survival SKSurv Cox model concordance index   	                  root leanness                  
   	     	         	        	-------------------------------------------------	-------------------------------------------------
gen	evals	gen_feats	explored	min	avg     	max     	std                  	min     	avg     	max	std      
0  	0    	1        	1       	0.5	0.736049	0.768848	0.0879902            	0.707107	0.74284 	1  	0.0958598
1  	261  	1        	1       	0.5	0.634424	0.768848	0.134424             	0.707107	0.853553	1  	0.146447 
2  	264  	1        	1       	0.5	0.634424	0.768848	0.134424             	0.707107	0.853553	1  	0.146447 
3  	251  	1        	1       	0.5	0.634424	0.768848	0.134424             	0.707107	0.853553	1  	0.146447 
4  	264  	1        	1       	0.5	0.634424	0.768848	0.134424             	0.707107	0.853553	1  	0.146447 
5  	246  	1        	1       	0.5	0.634424	0.768848	0.134424             	0.707107	0.853553	1  	0.146447 
6  	231  	1        	1       	0.5	0.634424	0.768848	0.134424             	0.707107	0.853553	1  	0.146447 
7  	240  	1        	1       	0.5	0.634424	0.768848	0.134424             	0.707107	0.853553	1  	0.146447 
8  	245  	1        	1       	0.5	0.634424	0.768848	0.134424             	0.707107	0.853553	1  	0.146447 
9  	252  	1        	1       	0.5	0.634424	0.768848	0.134424             	0.707107	0.853553	1  	0.146447 
10 	254  	1        	1       	0.5	0.634424	0.768848	0.134424             	0.707107	0.853553	1  	0.146447 
11 	255  	1        	1       	0.5	0.634424	0.768848	0.134424             	0.707107	0.853553	1  	0.146447 
12 	252  	1        	1       	0.5	0.634424	0.768848	0.134424             	0.707107	0.853553	1  	0.146447 
13 	264  	1        	1       	0.5	0.634424	0.768848	0.134424             	0.707107	0.853553	1  	0.146447 
14 	242  	1        	1       	0.5	0.634424	0.768848	0.134424             	0.707107	0.853553	1  	0.146447 
15 	261  	1        	1       	0.5	0.634424	0.768848	0.134424             	0.707107	0.853553	1  	0.146447 
16 	249  	1        	1       	0.5	0.634424	0.768848	0.134424             	0.707107	0.853553	1  	0.146447 
17 	238  	1        	1       	0.5	0.634424	0.768848	0.134424             	0.707107	0.853553	1  	0.146447 
18 	239  	1        	1       	0.5	0.634424	0.768848	0.134424             	0.707107	0.853553	1  	0.146447 
19 	262  	1        	1       	0.5	0.634424	0.768848	0.134424             	0.707107	0.853553	1  	0.146447 
20 	259  	1        	1       	0.5	0.634424	0.768848	0.134424             	0.707107	0.853553	1  	0.146447 
21 	250  	1        	1       	0.5	0.634424	0.768848	0.134424             	0.707107	0.853553	1  	0.146447 
22 	246  	1        	1       	0.5	0.634424	0.768848	0.134424             	0.707107	0.853553	1  	0.146447 
23 	246  	1        	1       	0.5	0.634424	0.768848	0.134424             	0.707107	0.853553	1  	0.146447 
24 	251  	1        	1       	0.5	0.634424	0.768848	0.134424             	0.707107	0.853553	1  	0.146447 
25 	257  	1        	1       	0.5	0.634424	0.768848	0.134424             	0.707107	0.853553	1  	0.146447 
26 	243  	1        	1       	0.5	0.634424	0.768848	0.134424             	0.707107	0.853553	1  	0.146447 
27 	252  	1        	1       	0.5	0.634424	0.768848	0.134424             	0.707107	0.853553	1  	0.146447 
28 	250  	1        	1       	0.5	0.634424	0.768848	0.134424             	0.707107	0.853553	1  	0.146447 
29 	247  	1        	1       	0.5	0.634424	0.768848	0.134424             	0.707107	0.853553	1  	0.146447 
30 	251  	1        	1       	0.5	0.634424	0.768848	0.134424             	0.707107	0.853553	1  	0.146447 
31 	249  	1        	1       	0.5	0.634424	0.768848	0.134424             	0.707107	0.853553	1  	0.146447 
32 	225  	1        	1       	0.5	0.634424	0.768848	0.134424             	0.707107	0.853553	1  	0.146447 
33 	253  	1        	1       	0.5	0.634424	0.768848	0.134424             	0.707107	0.853553	1  	0.146447 
34 	263  	1        	1       	0.5	0.634424	0.768848	0.134424             	0.707107	0.853553	1  	0.146447 
35 	244  	1        	1       	0.5	0.634424	0.768848	0.134424             	0.707107	0.853553	1  	0.146447 
36 	244  	1        	1       	0.5	0.634424	0.768848	0.134424             	0.707107	0.853553	1  	0.146447 
37 	243  	1        	1       	0.5	0.634424	0.768848	0.134424             	0.707107	0.853553	1  	0.146447 
38 	261  	1        	1       	0.5	0.634424	0.768848	0.134424             	0.707107	0.853553	1  	0.146447 
39 	250  	1        	1       	0.5	0.634424	0.768848	0.134424             	0.707107	0.853553	1  	0.146447 
40 	246  	1        	1       	0.5	0.634424	0.768848	0.134424             	0.707107	0.853553	1  	0.146447 
41 	260  	1        	1       	0.5	0.634424	0.768848	0.134424             	0.707107	0.853553	1  	0.146447 
42 	261  	1        	1       	0.5	0.634424	0.768848	0.134424             	0.707107	0.853553	1  	0.146447 
43 	252  	1        	1       	0.5	0.634424	0.768848	0.134424             	0.707107	0.853553	1  	0.146447 
44 	258  	1        	1       	0.5	0.634424	0.768848	0.134424             	0.707107	0.853553	1  	0.146447 
45 	245  	1        	1       	0.5	0.634424	0.768848	0.134424             	0.707107	0.853553	1  	0.146447 
46 	267  	1        	1       	0.5	0.634424	0.768848	0.134424             	0.707107	0.853553	1  	0.146447 
47 	237  	1        	1       	0.5	0.634424	0.768848	0.134424             	0.707107	0.853553	1  	0.146447 
48 	249  	1        	1       	0.5	0.634424	0.768848	0.134424             	0.707107	0.853553	1  	0.146447 
49 	247  	1        	1       	0.5	0.634424	0.768848	0.134424             	0.707107	0.853553	1  	0.146447 

ASSIGNING STRATA FOR MULTI-OUTCOME DATA LGG_MV
Assigning strata for outcome named survival of type survival
Counts:
censored 0: 160
censored 1: 92
deceased 0: 38
deceased 1: 38
VIEW: LOG_MIRNA
   	     	         	        	   survival SKSurv Cox model concordance index   	                 root leanness                  
   	     	         	        	-------------------------------------------------	------------------------------------------------
gen	evals	gen_feats	explored	min	avg     	max     	std                  	min     	avg     	max	std     
0  	0    	94       	94      	0.5	0.777621	0.911722	0.117092             	0.235702	0.58501 	1  	0.209074
1  	362  	218      	229     	0.5	0.807795	0.911722	0.0807247            	0.235702	0.459136	1  	0.137895
2  	367  	277      	303     	0.5	0.827992	0.911722	0.0600262            	0.235702	0.426281	1  	0.132546
3  	381  	274      	336     	0.5	0.838276	0.911722	0.0517117            	0.235702	0.412736	1  	0.131577
4  	382  	273      	350     	0.5	0.842134	0.911722	0.0505594            	0.229416	0.407198	1  	0.133153
5  	368  	267      	360     	0.5	0.845848	0.911722	0.0492404            	0.223607	0.400033	1  	0.133298
6  	382  	259      	361     	0.5	0.847741	0.911722	0.0489186            	0.223607	0.397959	1  	0.133586
7  	382  	261      	361     	0.5	0.850536	0.911722	0.0476224            	0.213201	0.390162	1  	0.134519
8  	388  	259      	361     	0.5	0.852159	0.911722	0.0472204            	0.213201	0.388563	1  	0.13339 
9  	382  	260      	362     	0.5	0.852359	0.911722	0.0481668            	0.213201	0.390046	1  	0.134568
10 	390  	285      	362     	0.5	0.85348 	0.911722	0.0476177            	0.208514	0.388448	1  	0.133461
11 	373  	260      	362     	0.5	0.854161	0.911722	0.0473299            	0.208514	0.387825	1  	0.134027
12 	386  	277      	362     	0.5	0.856444	0.911722	0.0463559            	0.208514	0.380825	1  	0.133917
13 	389  	260      	362     	0.5	0.858103	0.911722	0.0456305            	0.213201	0.376627	1  	0.133597
14 	392  	264      	362     	0.5	0.858523	0.911722	0.0459142            	0.218218	0.377538	1  	0.133553
15 	390  	261      	362     	0.5	0.85979 	0.911722	0.0455109            	0.208514	0.373557	1  	0.133744
16 	373  	261      	362     	0.5	0.861177	0.911722	0.0449119            	0.204124	0.369608	1  	0.133735
17 	380  	277      	362     	0.5	0.862562	0.911722	0.044327             	0.204124	0.366115	1  	0.133271
18 	381  	262      	362     	0.5	0.863085	0.911722	0.0445116            	0.204124	0.364658	1  	0.133997
19 	380  	277      	362     	0.5	0.864112	0.911722	0.0440373            	0.204124	0.362493	1  	0.132856
20 	370  	253      	362     	0.5	0.86457 	0.911722	0.0442085            	0.204124	0.362884	1  	0.132526
21 	376  	267      	362     	0.5	0.864333	0.911722	0.0447672            	0.204124	0.364668	1  	0.133473
22 	366  	255      	362     	0.5	0.865091	0.911722	0.0442539            	0.204124	0.363055	1  	0.132412
23 	377  	276      	362     	0.5	0.865419	0.911722	0.0444151            	0.213201	0.363311	1  	0.132182
24 	380  	278      	362     	0.5	0.865677	0.911722	0.044496             	0.208514	0.363178	1  	0.132312
25 	357  	254      	362     	0.5	0.866392	0.911722	0.0446421            	0.208514	0.361091	1  	0.132662
26 	376  	257      	362     	0.5	0.866234	0.911722	0.0447757            	0.208514	0.362805	1  	0.132668
27 	368  	259      	362     	0.5	0.866553	0.911722	0.0449069            	0.208514	0.363115	1  	0.13242 
28 	380  	262      	362     	0.5	0.866696	0.911722	0.0449833            	0.208514	0.363302	1  	0.132337
29 	388  	271      	362     	0.5	0.867589	0.911722	0.0445722            	0.208514	0.360573	1  	0.132288
30 	361  	271      	362     	0.5	0.868064	0.911722	0.044624             	0.208514	0.359545	1  	0.131845
31 	373  	265      	362     	0.5	0.867915	0.911722	0.0454186            	0.208514	0.360754	1  	0.132384
32 	380  	280      	362     	0.5	0.868575	0.911722	0.0447826            	0.208514	0.359729	1  	0.131674
33 	386  	265      	362     	0.5	0.868762	0.911722	0.0448861            	0.204124	0.360071	1  	0.131382
34 	384  	265      	362     	0.5	0.869057	0.911722	0.0446075            	0.204124	0.359988	1  	0.131437
35 	369  	271      	362     	0.5	0.868187	0.911722	0.0456756            	0.204124	0.363852	1  	0.131779
36 	377  	263      	362     	0.5	0.867572	0.911722	0.0460059            	0.204124	0.367073	1  	0.132156
37 	367  	249      	362     	0.5	0.867919	0.911722	0.0456685            	0.208514	0.366817	1  	0.131861
38 	373  	239      	362     	0.5	0.868053	0.911722	0.0458505            	0.208514	0.367096	1  	0.132235
39 	374  	248      	362     	0.5	0.869097	0.911722	0.0453322            	0.208514	0.364144	1  	0.131552
40 	377  	256      	362     	0.5	0.869679	0.911722	0.0455335            	0.208514	0.362136	1  	0.132432
41 	396  	264      	362     	0.5	0.870738	0.911722	0.0450952            	0.208514	0.358867	1  	0.132136
42 	370  	254      	362     	0.5	0.871408	0.911722	0.044633             	0.208514	0.357381	1  	0.131361
43 	381  	266      	362     	0.5	0.870849	0.911722	0.0459045            	0.208514	0.359459	1  	0.131819
44 	374  	269      	362     	0.5	0.872232	0.911722	0.0448516            	0.208514	0.355507	1  	0.131484
45 	367  	253      	362     	0.5	0.872373	0.911722	0.0449195            	0.208514	0.355581	1  	0.131422
46 	386  	258      	362     	0.5	0.872593	0.911722	0.0450121            	0.208514	0.355433	1  	0.131546
47 	402  	267      	362     	0.5	0.872748	0.911722	0.045095             	0.208514	0.355572	1  	0.131426
48 	362  	255      	362     	0.5	0.872559	0.911722	0.0452482            	0.208514	0.356927	1  	0.131714
49 	389  	259      	362     	0.5	0.872437	0.911722	0.0459911            	0.208514	0.357824	1  	0.132385

ASSIGNING STRATA FOR MULTI-OUTCOME DATA LGG_MV
Assigning strata for outcome named survival of type survival
Counts:
censored 0: 160
censored 1: 92
deceased 0: 38
deceased 1: 38
VIEW: LOG_MRNA
   	     	         	        	   survival SKSurv Cox model concordance index   	                 root leanness                  
   	     	         	        	-------------------------------------------------	------------------------------------------------
gen	evals	gen_feats	explored	min	avg     	max     	std                  	min     	avg     	max	std     
0  	0    	79       	79      	0.5	0.904174	0.930468	0.0536551            	0.25    	0.383574	1  	0.14579 
1  	374  	303      	318     	0.5	0.875672	0.930468	0.0621431            	0.235702	0.386468	1  	0.124759
2  	355  	387      	544     	0.5	0.873515	0.930468	0.0699553            	0.242536	0.404794	1  	0.126075
3  	367  	416      	766     	0.5	0.876727	0.930468	0.069947             	0.242536	0.412138	1  	0.128528
4  	357  	423      	994     	0.5	0.878097	0.930468	0.0688194            	0.242536	0.414237	1  	0.131293
5  	386  	427      	1217    	0.5	0.881554	0.930468	0.0642909            	0.25    	0.413472	1  	0.129893
6  	377  	433      	1444    	0.5	0.882779	0.930468	0.0627917            	0.25    	0.4162  	1  	0.129139
7  	373  	413      	1652    	0.5	0.885828	0.930468	0.0559781            	0.25    	0.414647	1  	0.128971
8  	393  	422      	1885    	0.5	0.886688	0.930468	0.0545747            	0.242536	0.41477 	1  	0.128749
9  	361  	419      	2077    	0.5	0.887483	0.930468	0.0537729            	0.242536	0.414859	1  	0.128799
10 	363  	389      	2263    	0.5	0.888491	0.930468	0.0527679            	0.242536	0.413181	1  	0.129208
11 	401  	421      	2454    	0.5	0.888914	0.930468	0.0522344            	0.242536	0.415464	1  	0.128168
12 	370  	409      	2641    	0.5	0.889277	0.930468	0.0520911            	0.242536	0.415063	1  	0.128492
13 	371  	410      	2815    	0.5	0.889697	0.930468	0.051197             	0.242536	0.415051	1  	0.128496
14 	359  	375      	2974    	0.5	0.890242	0.930468	0.0503918            	0.25    	0.414825	1  	0.128591
15 	384  	412      	3154    	0.5	0.89017 	0.930468	0.0501554            	0.25    	0.417928	1  	0.128365
16 	370  	392      	3311    	0.5	0.89118 	0.930468	0.0491012            	0.25    	0.415502	1  	0.128128
17 	365  	390      	3460    	0.5	0.891586	0.930468	0.0488363            	0.25    	0.414739	1  	0.128652
18 	364  	367      	3595    	0.5	0.891741	0.930468	0.0486795            	0.25    	0.415464	1  	0.128154
19 	381  	428      	3773    	0.5	0.892111	0.930468	0.048463             	0.25    	0.41482 	1  	0.128392
20 	371  	396      	3914    	0.5	0.892564	0.930468	0.047815             	0.25    	0.414367	1  	0.128488
21 	370  	392      	4054    	0.5	0.89267 	0.930468	0.0478902            	0.25    	0.414525	1  	0.128928
22 	363  	409      	4195    	0.5	0.893486	0.930468	0.0472266            	0.25    	0.412233	1  	0.128603
23 	383  	405      	4326    	0.5	0.894705	0.930468	0.0454452            	0.25    	0.40886 	1  	0.129082
24 	380  	432      	4460    	0.5	0.894873	0.930468	0.0453122            	0.25    	0.408634	1  	0.129299
25 	365  	410      	4609    	0.5	0.895077	0.930468	0.0450818            	0.25    	0.408691	1  	0.129252
26 	391  	446      	4747    	0.5	0.895326	0.930468	0.0451721            	0.25    	0.408212	1  	0.129503
27 	372  	412      	4864    	0.5	0.895599	0.930468	0.0452747            	0.242536	0.406818	1  	0.130261
28 	357  	387      	4979    	0.5	0.89624 	0.930468	0.0446244            	0.242536	0.405068	1  	0.129864
29 	385  	408      	5103    	0.5	0.89712 	0.930468	0.0440429            	0.242536	0.401412	1  	0.130443
30 	382  	445      	5203    	0.5	0.897518	0.930468	0.0436268            	0.242536	0.399878	1  	0.131136
31 	375  	434      	5320    	0.5	0.898305	0.930468	0.0430842            	0.242536	0.39723 	1  	0.131239
32 	362  	406      	5426    	0.5	0.89938 	0.930468	0.0418169            	0.235702	0.393863	1  	0.131387
33 	383  	442      	5534    	0.5	0.900179	0.930468	0.0412747            	0.229416	0.390914	1  	0.131136
34 	381  	421      	5635    	0.5	0.900527	0.930468	0.0408334            	0.229416	0.390174	1  	0.131556
35 	373  	446      	5744    	0.5	0.900826	0.930468	0.0408577            	0.229416	0.389219	1  	0.13213 
36 	400  	444      	5848    	0.5	0.901519	0.930468	0.0403249            	0.223607	0.386871	1  	0.131658
37 	384  	419      	5933    	0.5	0.901824	0.930468	0.0404428            	0.223607	0.385648	1  	0.13236 
38 	376  	435      	6013    	0.5	0.90258 	0.938605	0.0399861            	0.223607	0.383522	1  	0.131549
39 	385  	444      	6110    	0.5	0.903423	0.938605	0.0395372            	0.223607	0.379953	1  	0.131478
40 	387  	442      	6205    	0.5	0.904333	0.938793	0.0391118            	0.223607	0.376078	1  	0.131581
41 	386  	435      	6289    	0.5	0.905207	0.938793	0.0386724            	0.223607	0.372144	1  	0.131629
42 	373  	416      	6363    	0.5	0.904811	0.938793	0.0393233            	0.223607	0.375526	1  	0.132003
43 	362  	429      	6450    	0.5	0.905207	0.938793	0.039393             	0.223607	0.373904	1  	0.132232
44 	372  	413      	6525    	0.5	0.905922	0.938793	0.0389564            	0.223607	0.370968	1  	0.132226
45 	373  	454      	6608    	0.5	0.906579	0.938793	0.0384402            	0.223607	0.368686	1  	0.131161
46 	366  	477      	6693    	0.5	0.9067  	0.938793	0.0384924            	0.223607	0.368575	1  	0.13127 
47 	375  	437      	6756    	0.5	0.906902	0.938793	0.038573             	0.223607	0.367969	1  	0.131631
48 	374  	430      	6816    	0.5	0.907129	0.938793	0.0385004            	0.218218	0.367684	1  	0.131852
49 	349  	409      	6870    	0.5	0.907944	0.938793	0.0380451            	0.218218	0.364462	1  	0.131306

STARTING MASTER RUNNER RESAMPLING
Generations completed = 6
Generations completed = 16
Generations completed = 26
Generations completed = 36
Generations completed = 46
MASTER
   	     	         	        	       survival SKSurv Cox model concordance index       	                      root leanness                      
   	     	         	        	---------------------------------------------------------	---------------------------------------------------------
gen	evals	gen_feats	explored	min     	avg     	max     	std             	min     	avg     	max     	std      
0  	500  	405      	405     	0.514445	0.872773	0.942106	0.0689219       	0.158114	0.237007	0.5     	0.0573304
1  	406  	357      	428     	0.816858	0.909475	0.942106	0.0159369       	0.179605	0.26604 	0.57735 	0.0617034
2  	386  	352      	444     	0.816858	0.911341	0.942106	0.0162899       	0.179605	0.277152	0.57735 	0.0672031
3  	403  	333      	456     	0.816858	0.911445	0.942106	0.0181289       	0.179605	0.287656	0.57735 	0.0737837
4  	370  	331      	459     	0.816858	0.912429	0.942106	0.0190073       	0.179605	0.291828	0.57735 	0.0794461
5  	389  	330      	467     	0.775082	0.912885	0.942106	0.0208625       	0.179605	0.294991	0.57735 	0.0842509
6  	392  	310      	468     	0.775082	0.91337 	0.942106	0.021597        	0.169031	0.298011	0.57735 	0.0879857
7  	395  	322      	474     	0.775082	0.914386	0.942106	0.0216041       	0.169031	0.297996	0.57735 	0.089413 
8  	384  	300      	476     	0.775082	0.915022	0.942917	0.0220659       	0.169031	0.29912 	0.57735 	0.0912869
9  	388  	311      	477     	0.775082	0.916012	0.942917	0.0218541       	0.169031	0.298213	0.57735 	0.0918024
10 	392  	322      	480     	0.775082	0.916175	0.942917	0.0229122       	0.169031	0.299408	0.57735 	0.0939913
11 	401  	320      	483     	0.770479	0.91645 	0.942917	0.0236485       	0.169031	0.299366	0.57735 	0.0952792
12 	402  	314      	483     	0.699225	0.916381	0.942917	0.0257674       	0.169031	0.300461	0.707107	0.0977629
13 	389  	317      	483     	0.699225	0.916559	0.942917	0.0257539       	0.169031	0.302071	0.707107	0.0978125
14 	391  	316      	484     	0.699225	0.916519	0.942917	0.0272484       	0.169031	0.30271 	0.707107	0.100871 
15 	396  	309      	484     	0.699225	0.916758	0.942917	0.0281162       	0.169031	0.302851	0.707107	0.102146 
16 	388  	303      	484     	0.699225	0.916917	0.942917	0.0283221       	0.171499	0.303935	0.707107	0.102527 
17 	393  	299      	484     	0.699225	0.917124	0.942917	0.0283222       	0.179605	0.304309	0.707107	0.102426 
18 	397  	302      	484     	0.699225	0.916756	0.942917	0.0298664       	0.179605	0.306195	0.707107	0.105381 
19 	403  	292      	484     	0.699225	0.916521	0.942917	0.0307454       	0.179605	0.307619	0.707107	0.107629 
20 	388  	292      	484     	0.699225	0.916857	0.942917	0.0303923       	0.179605	0.307259	0.707107	0.107789 
21 	388  	294      	484     	0.699225	0.917439	0.942917	0.0288657       	0.179605	0.308133	0.707107	0.109244 
22 	411  	308      	484     	0.699225	0.91814 	0.943052	0.0277727       	0.179605	0.306628	0.707107	0.109541 
23 	400  	320      	484     	0.699225	0.918367	0.943052	0.0269162       	0.179605	0.307973	0.707107	0.10933  
24 	411  	296      	484     	0.699225	0.918509	0.943976	0.0273097       	0.174078	0.30796 	0.707107	0.110577 
25 	393  	317      	484     	0.699225	0.918734	0.943976	0.0275177       	0.174078	0.307775	0.707107	0.111552 
26 	383  	283      	484     	0.699225	0.918701	0.943976	0.0281204       	0.174078	0.308367	0.707107	0.113368 
27 	401  	305      	484     	0.699225	0.918736	0.944301	0.0281749       	0.174078	0.309571	0.707107	0.114746 
28 	383  	291      	484     	0.5     	0.918148	0.948963	0.0338462       	0.174078	0.311029	1       	0.119526 
29 	386  	315      	484     	0.5     	0.918304	0.948963	0.0337631       	0.174078	0.311052	1       	0.119518 
30 	386  	313      	484     	0.5     	0.918208	0.948963	0.0341958       	0.174078	0.311887	1       	0.121059 
31 	385  	285      	484     	0.5     	0.918121	0.948963	0.0344512       	0.174078	0.313   	1       	0.122165 
32 	399  	302      	484     	0.5     	0.918203	0.948963	0.0344258       	0.174078	0.312956	1       	0.122204 
33 	400  	306      	484     	0.5     	0.918471	0.948963	0.0342348       	0.174078	0.312574	1       	0.122389 
34 	388  	297      	484     	0.5     	0.918747	0.948963	0.0342781       	0.174078	0.311261	1       	0.122649 
35 	387  	295      	484     	0.5     	0.918771	0.948963	0.0342946       	0.174078	0.31137 	1       	0.1227   
36 	402  	294      	484     	0.5     	0.918357	0.948963	0.0347376       	0.174078	0.313556	1       	0.123576 
37 	394  	299      	484     	0.5     	0.918631	0.948963	0.0346681       	0.174078	0.31273 	1       	0.123813 
38 	409  	310      	484     	0.5     	0.918632	0.948963	0.0346626       	0.174078	0.313569	1       	0.123584 
39 	404  	289      	484     	0.5     	0.918272	0.948963	0.0359368       	0.171499	0.314056	1       	0.126299 
40 	398  	301      	484     	0.5     	0.918259	0.948963	0.0357493       	0.174078	0.315178	1       	0.12595  
41 	406  	296      	484     	0.5     	0.918129	0.948963	0.0361478       	0.174078	0.315939	1       	0.127399 
42 	404  	288      	484     	0.5     	0.918506	0.948963	0.0360187       	0.171499	0.314204	1       	0.126962 
43 	381  	279      	484     	0.5     	0.918611	0.948963	0.0360233       	0.171499	0.31373 	1       	0.126919 
44 	402  	304      	484     	0.5     	0.918374	0.948963	0.0361871       	0.171499	0.314915	1       	0.127241 
45 	394  	308      	484     	0.5     	0.918414	0.948963	0.0360663       	0.171499	0.315592	1       	0.127431 
46 	403  	302      	484     	0.5     	0.918737	0.948963	0.0359504       	0.171499	0.314047	1       	0.126906 
47 	411  	301      	484     	0.5     	0.9185  	0.948963	0.0365193       	0.171499	0.314671	1       	0.128113 
48 	414  	308      	484     	0.5     	0.918502	0.948963	0.0365004       	0.171499	0.314861	1       	0.127968 
49 	396  	314      	484     	0.5     	0.918635	0.948963	0.0364537       	0.171499	0.31473 	1       	0.128083 

CURRENT HALLS OF FAME

PARETO FRONT
Number of solutions = 20
(0.9489631139718236, 0.19245008972987526) 26 features: [0_age_at_initial_pathologic_diagnosis, 1_hsa.miR.10b.5p, 1_hsa.miR.1228.3p, 1_hsa.miR.151a.3p, 1_hsa.miR.15b.5p, 1_hsa.miR.222.5p, 1_hsa.miR.346, 1_hsa.miR.376c.5p, 1_hsa.miR.381.5p, 1_hsa.miR.382.3p, 1_hsa.miR.452.5p, 2_CER1.9350, 2_CNOT4.4850, 2_CREM.1390, 2_HIST1H2BD.3017, 2_HOXD12.3238, 2_IGF2BP3.10643, 2_KLHL25.64410, 2_LOC388387.388387, 2_MTAP.4507, 2_NFXL1.152518, 2_SKI.6497, 2_SLC22A23.63027, 2_SLC6A1.6529, 2_TAP1.6890, 2_WEE1.7465]
(0.9440293047127741, 0.19611613513818404) 25 features: [0_age_at_initial_pathologic_diagnosis, 1_hsa.miR.10b.5p, 1_hsa.miR.1228.3p, 1_hsa.miR.144.3p, 1_hsa.miR.1537.5p, 1_hsa.miR.15b.5p, 1_hsa.miR.188.3p, 1_hsa.miR.193b.5p, 1_hsa.miR.299.5p, 1_hsa.miR.346, 1_hsa.miR.381.5p, 1_hsa.miR.382.3p, 1_hsa.miR.452.5p, 2_AKAP13.11214, 2_C9orf110.100128385, 2_CD200R1.131450, 2_DUSP26.78986, 2_HOXD12.3238, 2_IGF2BP3.10643, 2_KLHL25.64410, 2_LOC388387.388387, 2_MTAP.4507, 2_SKI.6497, 2_WEE1.7465, 2_ZNF648.127665]
(0.9433352535771786, 0.21821789023599236) 20 features: [1_hsa.miR.10b.3p, 1_hsa.miR.1228.3p, 1_hsa.miR.135a.3p, 1_hsa.miR.15b.5p, 1_hsa.miR.346, 1_hsa.miR.382.3p, 1_hsa.miR.452.5p, 1_hsa.miR.487a.3p, 2_C9orf110.100128385, 2_CD200R1.131450, 2_CSDAP1.440359, 2_DUSP26.78986, 2_HOXD12.3238, 2_IGF2BP3.10643, 2_KLHL25.64410, 2_LOC219347.219347, 2_LOC388387.388387, 2_MTAP.4507, 2_SKI.6497, 2_WEE1.7465]
(0.9426859455007782, 0.22360679774997896) 19 features: [1_hsa.miR.10b.3p, 1_hsa.miR.1228.3p, 1_hsa.miR.135a.3p, 1_hsa.miR.15b.5p, 1_hsa.miR.346, 1_hsa.miR.382.3p, 1_hsa.miR.452.5p, 1_hsa.miR.487a.3p, 2_C9orf110.100128385, 2_CD200R1.131450, 2_DUSP26.78986, 2_HOXD12.3238, 2_IGF2BP3.10643, 2_KLHL25.64410, 2_LOC388387.388387, 2_MTAP.4507, 2_SIT1.27240, 2_SKI.6497, 2_WEE1.7465]
(0.9406225967402824, 0.23570226039551584) 17 features: [0_age_at_initial_pathologic_diagnosis, 1_hsa.miR.1228.3p, 1_hsa.miR.15b.5p, 1_hsa.miR.346, 1_hsa.miR.382.3p, 1_hsa.miR.452.5p, 2_C9orf110.100128385, 2_CD200R1.131450, 2_DUSP26.78986, 2_HOXD12.3238, 2_IGF2BP3.10643, 2_KLHL25.64410, 2_LOC388387.388387, 2_MTAP.4507, 2_SIT1.27240, 2_SKI.6497, 2_WEE1.7465]
(0.936558599986136, 0.24253562503633297) 16 features: [1_hsa.miR.1228.3p, 1_hsa.miR.15b.5p, 1_hsa.miR.346, 1_hsa.miR.382.3p, 1_hsa.miR.452.5p, 2_C9orf110.100128385, 2_CD200R1.131450, 2_DUSP26.78986, 2_HOXD12.3238, 2_IGF2BP3.10643, 2_KLHL25.64410, 2_LOC388387.388387, 2_MTAP.4507, 2_SIT1.27240, 2_SKI.6497, 2_WEE1.7465]
(0.9348163636501173, 0.25) 15 features: [0_age_at_initial_pathologic_diagnosis, 1_hsa.miR.1228.3p, 1_hsa.miR.15b.5p, 1_hsa.miR.346, 1_hsa.miR.432.5p, 1_hsa.miR.452.5p, 2_C9orf110.100128385, 2_CD200R1.131450, 2_DUSP26.78986, 2_HOXD12.3238, 2_IGF2BP3.10643, 2_LOC388387.388387, 2_MTAP.4507, 2_SKI.6497, 2_WEE1.7465]
(0.9336600384873699, 0.2581988897471611) 14 features: [0_age_at_initial_pathologic_diagnosis, 1_hsa.miR.10b.5p, 1_hsa.miR.1228.3p, 1_hsa.miR.15b.5p, 1_hsa.miR.502.5p, 2_DEFB118.117285, 2_MTAP.4507, 2_MUC1.4582, 2_NFXL1.152518, 2_RIPK1.8737, 2_SERPINA5.5104, 2_SKI.6497, 2_SULF2.55959, 2_WEE1.7465]
(0.9316934759020442, 0.28867513459481287) 11 features: [0_age_at_initial_pathologic_diagnosis, 1_hsa.miR.196a.5p, 2_C9orf110.100128385, 2_CD200R1.131450, 2_DUSP26.78986, 2_HOXD12.3238, 2_IGF2BP3.10643, 2_LOC388387.388387, 2_MTAP.4507, 2_SKI.6497, 2_WEE1.7465]
(0.9286544839882459, 0.30151134457776363) 10 features: [0_age_at_initial_pathologic_diagnosis, 1_hsa.miR.10b.5p, 1_hsa.miR.15b.5p, 1_hsa.miR.502.5p, 2_HIST1H2BD.3017, 2_HOXD10.3236, 2_MTAP.4507, 2_TRIM16L.147166, 2_WEE1.7465, 2_WISP1.8840]
(0.9264197801402719, 0.31622776601683794) 9 features: [0_age_at_initial_pathologic_diagnosis, 1_hsa.miR.15b.5p, 1_hsa.miR.502.5p, 2_HIST1H2BD.3017, 2_HOXD10.3236, 2_MTAP.4507, 2_TRIM16L.147166, 2_WEE1.7465, 2_WISP1.8840]
(0.9229851068896885, 0.3333333333333333) 8 features: [0_age_at_initial_pathologic_diagnosis, 1_hsa.miR.15b.5p, 1_hsa.miR.450b.5p, 2_HIST1H2BD.3017, 2_HOXD12.3238, 2_MTAP.4507, 2_SULF2.55959, 2_WEE1.7465]
(0.9217489901622086, 0.3535533905932738) 7 features: [0_age_at_initial_pathologic_diagnosis, 1_hsa.miR.10b.3p, 2_HIST1H2BD.3017, 2_HOXD12.3238, 2_MTAP.4507, 2_SULF2.55959, 2_WEE1.7465]
(0.9201426116692266, 0.3779644730092272) 6 features: [0_age_at_initial_pathologic_diagnosis, 2_HIST1H2BD.3017, 2_HOXD12.3238, 2_MTAP.4507, 2_SULF2.55959, 2_WEE1.7465]
(0.9146977621615009, 0.408248290463863) 5 features: [0_age_at_initial_pathologic_diagnosis, 1_hsa.miR.10b.3p, 2_MTAP.4507, 2_SULF2.55959, 2_WEE1.7465]
(0.9084777893561382, 0.4472135954999579) 4 features: [0_age_at_initial_pathologic_diagnosis, 1_hsa.miR.10b.5p, 2_ELK1.2002, 2_WEE1.7465]
(0.9052725643365241, 0.5) [0_age_at_initial_pathologic_diagnosis, 2_ELK1.2002, 2_WEE1.7465]
(0.8868894640246224, 0.5773502691896257) [0_age_at_initial_pathologic_diagnosis, 2_WEE1.7465]
(0.8553675469970247, 0.7071067811865476) [2_WEE1.7465]
(0.5, 1.0) []
Features in hall of fame by prevalence:
55 features: [2_WEE1.7465, 0_age_at_initial_pathologic_diagnosis, 2_MTAP.4507, 1_hsa.miR.15b.5p, 2_HOXD12.3238, 2_SKI.6497, 1_hsa.miR.1228.3p, 2_IGF2BP3.10643, 2_LOC388387.388387, 1_hsa.miR.346, 1_hsa.miR.452.5p, 2_C9orf110.100128385, 2_CD200R1.131450, 2_DUSP26.78986, 1_hsa.miR.382.3p, 2_HIST1H2BD.3017, 2_KLHL25.64410, 1_hsa.miR.10b.5p, 2_SULF2.55959, 1_hsa.miR.10b.3p, 1_hsa.miR.502.5p, 2_SIT1.27240, 1_hsa.miR.135a.3p, 1_hsa.miR.381.5p, 1_hsa.miR.487a.3p, 2_ELK1.2002, 2_HOXD10.3236, 2_NFXL1.152518, 2_TRIM16L.147166, 2_WISP1.8840, 1_hsa.miR.144.3p, 1_hsa.miR.151a.3p, 1_hsa.miR.1537.5p, 1_hsa.miR.188.3p, 1_hsa.miR.193b.5p, 1_hsa.miR.196a.5p, 1_hsa.miR.222.5p, 1_hsa.miR.299.5p, 1_hsa.miR.376c.5p, 1_hsa.miR.432.5p, 1_hsa.miR.450b.5p, 2_AKAP13.11214, 2_CER1.9350, 2_CNOT4.4850, 2_CREM.1390, 2_CSDAP1.440359, 2_DEFB118.117285, 2_LOC219347.219347, 2_MUC1.4582, 2_RIPK1.8737, 2_SERPINA5.5104, 2_SLC22A23.63027, 2_SLC6A1.6529, 2_TAP1.6890, 2_ZNF648.127665]

LAST POPULATION
Number of solutions = 500
Features in hall of fame by prevalence:
201 features: [2_WEE1.7465, 2_MTAP.4507, 0_age_at_initial_pathologic_diagnosis, 2_HOXD12.3238, 2_SKI.6497, 2_KLHL25.64410, 2_IGF2BP3.10643, 1_hsa.miR.15b.5p, 2_LOC388387.388387, 2_C9orf110.100128385, 2_CD200R1.131450, 2_DUSP26.78986, 1_hsa.miR.1228.3p, 1_hsa.miR.346, 1_hsa.miR.10b.5p, 1_hsa.miR.452.5p, 1_hsa.miR.382.3p, 1_hsa.miR.381.5p, 2_SULF2.55959, 2_ZNF648.127665, 1_hsa.miR.1537.5p, 1_hsa.miR.193b.5p, 1_hsa.miR.144.3p, 1_hsa.miR.222.5p, 2_SIT1.27240, 2_PCMTD1.115294, 1_hsa.miR.10b.3p, 2_AKAP13.11214, 2_RASL10B.91608, 2_HIST1H2BD.3017, 2_HOXD10.3236, 1_hsa.miR.624.5p, 2_CSDAP1.440359, 1_hsa.miR.487a.3p, 1_hsa.miR.135a.3p, 2_RPN1.6184, 2_KLK15.55554, 1_hsa.miR.125b.1.3p, 1_hsa.miR.655.3p, 2_RIPK1.8737, 2_SERPINA5.5104, 2_C5orf13.9315, 2_SLC22A23.63027, 1_hsa.let.7i.5p, 2_LOC283761.283761, 2_PSMC3.5702, 1_hsa.miR.196a.5p, 2_ELK1.2002, 1_hsa.miR.502.5p, 2_LOC440905.440905, 2_MTIF3.219402, 1_hsa.let.7a.5p, 1_hsa.let.7e.5p, 1_hsa.miR.18a.3p, 1_hsa.miR.299.5p, 1_hsa.miR.651.5p, 2_TFDP1.7027, 1_hsa.miR.182.5p, 1_hsa.miR.374a.3p, 1_hsa.miR.671.5p, 2_TRIM16L.147166, 1_hsa.miR.15b.3p, 1_hsa.miR.335.3p, 2_NFXL1.152518, 1_hsa.miR.551b.3p, 2_RPP30.10556, 1_hsa.miR.423.5p, 2_IGFBP2.3485, 2_LOC219347.219347, 2_ZNF735.730291, 1_hsa.miR.188.3p, 2_KIAA1958.158405, 2_WISP1.8840, 1_hsa.miR.187.3p, 1_hsa.miR.188.5p, 1_hsa.miR.215.5p, 1_hsa.miR.376c.5p, 1_hsa.miR.451a, 1_hsa.miR.6502.5p, 2_FHDC1.85462, 1_hsa.miR.142.5p, 1_hsa.miR.196b.5p, 1_hsa.miR.204.3p, 1_hsa.miR.432.5p, 1_hsa.miR.942.3p, 2_CCDC150.284992, 2_GLI2.2736, 2_IP6K1.9807, 2_KLHL28.54813, 2_OR4C13.283092, 2_RGS14.10636, 2_SLC25A6.293, 2_SLC6A1.6529, 1_hsa.miR.146b.3p, 1_hsa.miR.181b.3p, 1_hsa.miR.2355.3p, 1_hsa.miR.324.5p, 1_hsa.miR.378d, 1_hsa.miR.455.5p, 2_ACTN4.81, ...]

BEST SUMS WITH SIZE 50
Number of solutions = 50
Features in hall of fame by prevalence:
42 features: [2_WEE1.7465, 0_age_at_initial_pathologic_diagnosis, 1_hsa.miR.15b.5p, 2_FHDC1.85462, 2_RPP30.10556, 2_STIL.6491, 2_SULF2.55959, 2_WISP1.8840, 1_hsa.let.7e.5p, 1_hsa.miR.15b.3p, 1_hsa.miR.615.3p, 1_hsa.miR.651.5p, 1_hsa.miR.671.5p, 1_hsa.miR.9.5p, 2_ADO.84890, 2_ARAP3.64411, 2_AURKA.6790, 2_BMP2.650, 2_C11orf82.220042, 2_C9orf110.100128385, 2_CD200R1.131450, 2_ELK1.2002, 2_ENDOD1.23052, 2_FNDC3B.64778, 2_HOXD10.3236, 2_IGF2BP3.10643, 2_IGFBP2.3485, 2_KLK15.55554, 2_LATS2.26524, 2_LOC388387.388387, 2_MAP1LC3C.440738, 2_MELK.9833, 2_MRPS2.51116, 2_MTAP.4507, 2_PRLHR.2834, 2_PRMT5.10419, 2_RAD18.56852, 2_RASL10A.10633, 2_RGS14.10636, 2_SLC25A30.253512, 2_ZAK.51776, 2_ZNF648.127665]

BEST SUMS WITH SIZE 100
Number of solutions = 100
Features in hall of fame by prevalence:
64 features: [2_WEE1.7465, 0_age_at_initial_pathologic_diagnosis, 1_hsa.miR.15b.5p, 1_hsa.miR.10b.5p, 2_BMP2.650, 2_IGFBP2.3485, 2_WISP1.8840, 1_hsa.let.7e.5p, 1_hsa.miR.10b.3p, 1_hsa.miR.15b.3p, 2_C11orf82.220042, 2_FNDC3B.64778, 2_RAD18.56852, 2_RASL10A.10633, 2_SULF2.55959, 1_hsa.miR.1266.5p, 1_hsa.miR.651.5p, 2_AOX1.316, 2_ARAP3.64411, 2_AURKA.6790, 2_FHDC1.85462, 2_IGF2BP3.10643, 2_LATS2.26524, 2_MAP1LC3C.440738, 2_MELK.9833, 2_RPP30.10556, 2_STIL.6491, 2_ZAK.51776, 1_hsa.let.7i.5p, 1_hsa.miR.135b.5p, 1_hsa.miR.146b.3p, 1_hsa.miR.196a.5p, 1_hsa.miR.196b.5p, 1_hsa.miR.27a.5p, 1_hsa.miR.335.3p, 1_hsa.miR.335.5p, 1_hsa.miR.4677.3p, 1_hsa.miR.615.3p, 1_hsa.miR.671.5p, 1_hsa.miR.6892.5p, 1_hsa.miR.9.5p, 2_ADO.84890, 2_BRIP1.83990, 2_C9orf110.100128385, 2_CD200R1.131450, 2_CUTC.51076, 2_ELK1.2002, 2_ENDOD1.23052, 2_HOXD10.3236, 2_KLK15.55554, 2_LOC388387.388387, 2_MRPS2.51116, 2_MTAP.4507, 2_NTNG2.84628, 2_PLAT.5327, 2_PRLHR.2834, 2_PRMT5.10419, 2_RASEF.158158, 2_RGS14.10636, 2_RPRM.56475, 2_SLC25A30.253512, 2_SLITRK5.26050, 2_TRIM16L.147166, 2_ZNF648.127665]

STARTING SWEEP NUMBER 3
folds_creator_seed = 1091188560

ASSIGNING STRATA FOR MULTI-OUTCOME DATA LGG_MV
Assigning strata for outcome named survival of type survival
Counts:
censored 0: 160
censored 1: 92
deceased 0: 38
deceased 1: 38
ga_runner_seed = 754432292
VIEW: CLINIC
   	     	         	        	  survival SKSurv Cox model concordance index   	                 root leanness                  
   	     	         	        	------------------------------------------------	------------------------------------------------
gen	evals	gen_feats	explored	min	avg     	max     	std                  	min     	avg     	max	std     
0  	0    	1        	1       	0.5	0.684968	0.768848	0.12456              	0.707107	0.798489	1  	0.1357  
1  	228  	1        	1       	0.5	0.634424	0.768848	0.134424             	0.707107	0.853553	1  	0.146447
2  	262  	1        	1       	0.5	0.634424	0.768848	0.134424             	0.707107	0.853553	1  	0.146447
3  	257  	1        	1       	0.5	0.634424	0.768848	0.134424             	0.707107	0.853553	1  	0.146447
4  	254  	1        	1       	0.5	0.634424	0.768848	0.134424             	0.707107	0.853553	1  	0.146447
5  	231  	1        	1       	0.5	0.634424	0.768848	0.134424             	0.707107	0.853553	1  	0.146447
6  	247  	1        	1       	0.5	0.634424	0.768848	0.134424             	0.707107	0.853553	1  	0.146447
7  	237  	1        	1       	0.5	0.634424	0.768848	0.134424             	0.707107	0.853553	1  	0.146447
8  	246  	1        	1       	0.5	0.634424	0.768848	0.134424             	0.707107	0.853553	1  	0.146447
9  	239  	1        	1       	0.5	0.634424	0.768848	0.134424             	0.707107	0.853553	1  	0.146447
10 	270  	1        	1       	0.5	0.634424	0.768848	0.134424             	0.707107	0.853553	1  	0.146447
11 	247  	1        	1       	0.5	0.634424	0.768848	0.134424             	0.707107	0.853553	1  	0.146447
12 	267  	1        	1       	0.5	0.634424	0.768848	0.134424             	0.707107	0.853553	1  	0.146447
13 	258  	1        	1       	0.5	0.634424	0.768848	0.134424             	0.707107	0.853553	1  	0.146447
14 	243  	1        	1       	0.5	0.634424	0.768848	0.134424             	0.707107	0.853553	1  	0.146447
15 	242  	1        	1       	0.5	0.634424	0.768848	0.134424             	0.707107	0.853553	1  	0.146447
16 	240  	1        	1       	0.5	0.634424	0.768848	0.134424             	0.707107	0.853553	1  	0.146447
17 	255  	1        	1       	0.5	0.634424	0.768848	0.134424             	0.707107	0.853553	1  	0.146447
18 	255  	1        	1       	0.5	0.634424	0.768848	0.134424             	0.707107	0.853553	1  	0.146447
19 	226  	1        	1       	0.5	0.634424	0.768848	0.134424             	0.707107	0.853553	1  	0.146447
20 	266  	1        	1       	0.5	0.634424	0.768848	0.134424             	0.707107	0.853553	1  	0.146447
21 	249  	1        	1       	0.5	0.634424	0.768848	0.134424             	0.707107	0.853553	1  	0.146447
22 	257  	1        	1       	0.5	0.634424	0.768848	0.134424             	0.707107	0.853553	1  	0.146447
23 	259  	1        	1       	0.5	0.634424	0.768848	0.134424             	0.707107	0.853553	1  	0.146447
24 	270  	1        	1       	0.5	0.634424	0.768848	0.134424             	0.707107	0.853553	1  	0.146447
25 	263  	1        	1       	0.5	0.634424	0.768848	0.134424             	0.707107	0.853553	1  	0.146447
26 	253  	1        	1       	0.5	0.634424	0.768848	0.134424             	0.707107	0.853553	1  	0.146447
27 	264  	1        	1       	0.5	0.634424	0.768848	0.134424             	0.707107	0.853553	1  	0.146447
28 	262  	1        	1       	0.5	0.634424	0.768848	0.134424             	0.707107	0.853553	1  	0.146447
29 	265  	1        	1       	0.5	0.634424	0.768848	0.134424             	0.707107	0.853553	1  	0.146447
30 	245  	1        	1       	0.5	0.634424	0.768848	0.134424             	0.707107	0.853553	1  	0.146447
31 	244  	1        	1       	0.5	0.634424	0.768848	0.134424             	0.707107	0.853553	1  	0.146447
32 	241  	1        	1       	0.5	0.634424	0.768848	0.134424             	0.707107	0.853553	1  	0.146447
33 	252  	1        	1       	0.5	0.634424	0.768848	0.134424             	0.707107	0.853553	1  	0.146447
34 	271  	1        	1       	0.5	0.634424	0.768848	0.134424             	0.707107	0.853553	1  	0.146447
35 	237  	1        	1       	0.5	0.634424	0.768848	0.134424             	0.707107	0.853553	1  	0.146447
36 	262  	1        	1       	0.5	0.634424	0.768848	0.134424             	0.707107	0.853553	1  	0.146447
37 	250  	1        	1       	0.5	0.634424	0.768848	0.134424             	0.707107	0.853553	1  	0.146447
38 	255  	1        	1       	0.5	0.634424	0.768848	0.134424             	0.707107	0.853553	1  	0.146447
39 	247  	1        	1       	0.5	0.634424	0.768848	0.134424             	0.707107	0.853553	1  	0.146447
40 	242  	1        	1       	0.5	0.634424	0.768848	0.134424             	0.707107	0.853553	1  	0.146447
41 	235  	1        	1       	0.5	0.634424	0.768848	0.134424             	0.707107	0.853553	1  	0.146447
42 	253  	1        	1       	0.5	0.634424	0.768848	0.134424             	0.707107	0.853553	1  	0.146447
43 	271  	1        	1       	0.5	0.634424	0.768848	0.134424             	0.707107	0.853553	1  	0.146447
44 	259  	1        	1       	0.5	0.634424	0.768848	0.134424             	0.707107	0.853553	1  	0.146447
45 	249  	1        	1       	0.5	0.634424	0.768848	0.134424             	0.707107	0.853553	1  	0.146447
46 	247  	1        	1       	0.5	0.634424	0.768848	0.134424             	0.707107	0.853553	1  	0.146447
47 	267  	1        	1       	0.5	0.634424	0.768848	0.134424             	0.707107	0.853553	1  	0.146447
48 	233  	1        	1       	0.5	0.634424	0.768848	0.134424             	0.707107	0.853553	1  	0.146447
49 	254  	1        	1       	0.5	0.634424	0.768848	0.134424             	0.707107	0.853553	1  	0.146447

ASSIGNING STRATA FOR MULTI-OUTCOME DATA LGG_MV
Assigning strata for outcome named survival of type survival
Counts:
censored 0: 160
censored 1: 92
deceased 0: 38
deceased 1: 38
VIEW: LOG_MIRNA
   	     	         	        	       survival SKSurv Cox model concordance index       	                 root leanness                  
   	     	         	        	---------------------------------------------------------	------------------------------------------------
gen	evals	gen_feats	explored	min     	avg     	max     	std             	min     	avg     	max	std     
0  	0    	99       	99      	0.5     	0.763113	0.905217	0.144225        	0.235702	0.582432	1  	0.25739 
1  	358  	226      	235     	0.412699	0.81774 	0.905217	0.0894063       	0.235702	0.438097	1  	0.149158
2  	382  	253      	298     	0.5     	0.843011	0.905217	0.0610901       	0.235702	0.413675	1  	0.132349
3  	380  	270      	327     	0.5     	0.854657	0.905217	0.0521931       	0.235702	0.398088	1  	0.130411
4  	374  	269      	345     	0.5     	0.856973	0.908302	0.0523486       	0.229416	0.397001	1  	0.13087 
5  	396  	263      	354     	0.5     	0.859285	0.908302	0.0516835       	0.229416	0.395043	1  	0.130261
6  	382  	270      	358     	0.5     	0.860412	0.908302	0.0519802       	0.223607	0.395152	1  	0.130245
7  	376  	268      	360     	0.5     	0.861402	0.908302	0.0519594       	0.223607	0.395453	1  	0.129985
8  	383  	252      	361     	0.5     	0.862316	0.908302	0.0521801       	0.229416	0.395345	1  	0.130095
9  	371  	267      	362     	0.5     	0.86211 	0.908302	0.0530755       	0.235702	0.398684	1  	0.129986
10 	378  	267      	362     	0.5     	0.863229	0.908309	0.0526509       	0.235702	0.396821	1  	0.130023
11 	364  	249      	362     	0.5     	0.863563	0.908309	0.053555        	0.235702	0.396173	1  	0.130756
12 	380  	254      	362     	0.5     	0.864533	0.908773	0.0528117       	0.235702	0.395612	1  	0.130071
13 	380  	251      	362     	0.5     	0.864376	0.908773	0.0527783       	0.235702	0.397896	1  	0.13062 
14 	374  	257      	362     	0.5     	0.864862	0.908773	0.0529256       	0.235702	0.397736	1  	0.130557
15 	391  	260      	362     	0.5     	0.865388	0.910818	0.0530805       	0.229416	0.397266	1  	0.130954
16 	380  	252      	362     	0.5     	0.865577	0.910818	0.0528321       	0.229416	0.398325	1  	0.130421
17 	371  	247      	362     	0.5     	0.864734	0.910818	0.0542617       	0.235702	0.401382	1  	0.13037 
18 	364  	256      	362     	0.5     	0.86522 	0.910818	0.0535828       	0.235702	0.40175 	1  	0.130153
19 	372  	254      	362     	0.5     	0.865761	0.910818	0.0536628       	0.235702	0.400451	1  	0.130913
20 	379  	264      	362     	0.5     	0.865827	0.910818	0.0536073       	0.235702	0.401489	1  	0.130336
21 	364  	254      	362     	0.5     	0.866005	0.910818	0.0536404       	0.235702	0.401495	1  	0.13035 
22 	348  	244      	362     	0.5     	0.866503	0.910818	0.0536963       	0.229416	0.400166	1  	0.130552
23 	389  	262      	362     	0.5     	0.86657 	0.910818	0.0536474       	0.235702	0.40101 	1  	0.130169
24 	372  	246      	362     	0.5     	0.867423	0.910818	0.0531504       	0.235702	0.399181	1  	0.129951
25 	369  	272      	362     	0.5     	0.866981	0.910818	0.053749        	0.235702	0.400686	1  	0.130274
26 	375  	254      	362     	0.5     	0.867262	0.912307	0.0538666       	0.235702	0.40035 	1  	0.130398
27 	371  	256      	362     	0.5     	0.867303	0.912307	0.0538762       	0.235702	0.401027	1  	0.12993 
28 	370  	268      	362     	0.5     	0.868131	0.912307	0.0534046       	0.235702	0.398956	1  	0.129767
29 	380  	250      	362     	0.5     	0.868276	0.912307	0.0534664       	0.235702	0.399106	1  	0.1296  
30 	395  	268      	362     	0.5     	0.868405	0.912307	0.0535359       	0.235702	0.399134	1  	0.12958 
31 	363  	259      	362     	0.5     	0.868541	0.912307	0.0535407       	0.235702	0.399181	1  	0.129525
32 	377  	248      	362     	0.5     	0.868214	0.912307	0.0541743       	0.242536	0.40032 	1  	0.129838
33 	385  	248      	362     	0.5     	0.868033	0.912307	0.0541871       	0.242536	0.401458	1  	0.129481
34 	377  	261      	362     	0.5     	0.868938	0.912307	0.0535258       	0.242536	0.399376	1  	0.129306
35 	360  	251      	362     	0.5     	0.869523	0.912307	0.0535547       	0.242536	0.397755	1  	0.129573
36 	359  	260      	362     	0.5     	0.869497	0.912307	0.0533643       	0.242536	0.398297	1  	0.129881
37 	370  	264      	362     	0.5     	0.87034 	0.912307	0.0527894       	0.235702	0.396344	1  	0.129356
38 	381  	250      	362     	0.5     	0.870451	0.913145	0.0528447       	0.235702	0.396271	1  	0.129335
39 	397  	258      	362     	0.5     	0.870801	0.913145	0.0529425       	0.229416	0.395205	1  	0.130054
40 	361  	250      	362     	0.5     	0.87184 	0.913145	0.0524435       	0.229416	0.392377	1  	0.129748
41 	382  	252      	362     	0.5     	0.871942	0.913145	0.052501        	0.229416	0.392148	1  	0.129963
42 	360  	251      	362     	0.5     	0.872235	0.913647	0.0525682       	0.229416	0.391292	1  	0.130439
43 	372  	240      	362     	0.5     	0.872584	0.913647	0.0525382       	0.229416	0.390369	1  	0.130258
44 	370  	246      	362     	0.5     	0.87338 	0.914603	0.0520805       	0.229416	0.388347	1  	0.130331
45 	367  	256      	362     	0.5     	0.873467	0.915535	0.052113        	0.235702	0.388342	1  	0.130333
46 	371  	249      	362     	0.5     	0.87357 	0.915535	0.0521483       	0.235702	0.388362	1  	0.130315
47 	389  	263      	362     	0.5     	0.87392 	0.915535	0.0522208       	0.235702	0.387033	1  	0.13103 
48 	376  	268      	362     	0.5     	0.874676	0.915535	0.0516341       	0.235702	0.385251	1  	0.130179
49 	383  	251      	362     	0.5     	0.874869	0.915535	0.0516797       	0.235702	0.384775	1  	0.130371

ASSIGNING STRATA FOR MULTI-OUTCOME DATA LGG_MV
Assigning strata for outcome named survival of type survival
Counts:
censored 0: 160
censored 1: 92
deceased 0: 38
deceased 1: 38
VIEW: LOG_MRNA
   	     	         	        	   survival SKSurv Cox model concordance index   	                 root leanness                  
   	     	         	        	-------------------------------------------------	------------------------------------------------
gen	evals	gen_feats	explored	min	avg     	max     	std                  	min     	avg     	max	std     
0  	0    	101      	101     	0.5	0.907939	0.938793	0.0417198            	0.223607	0.372485	1  	0.127394
1  	396  	330      	349     	0.5	0.890734	0.938793	0.0482902            	0.223607	0.37404 	1  	0.122737
2  	387  	477      	612     	0.5	0.8905  	0.938793	0.0545081            	0.223607	0.384987	1  	0.126737
3  	392  	466      	854     	0.5	0.891776	0.938793	0.0588584            	0.223607	0.385762	1  	0.132505
4  	374  	457      	1084    	0.5	0.896098	0.938793	0.0508936            	0.223607	0.382032	1  	0.132594
5  	377  	408      	1275    	0.5	0.897688	0.938793	0.0491323            	0.223607	0.380355	1  	0.13351 
6  	368  	434      	1478    	0.5	0.899203	0.938793	0.0479673            	0.223607	0.378512	1  	0.132529
7  	373  	422      	1679    	0.5	0.901016	0.938793	0.0451341            	0.213201	0.375245	1  	0.132192
8  	382  	448      	1903    	0.5	0.90239 	0.938793	0.0442912            	0.213201	0.371592	1  	0.131958
9  	370  	447      	2104    	0.5	0.90293 	0.938793	0.044442             	0.213201	0.370232	1  	0.13256 
10 	379  	431      	2294    	0.5	0.904169	0.938793	0.0430653            	0.208514	0.367739	1  	0.131925
11 	383  	439      	2482    	0.5	0.90534 	0.938793	0.042294             	0.208514	0.364922	1  	0.131336
12 	368  	430      	2657    	0.5	0.905905	0.938793	0.0416987            	0.208514	0.364367	1  	0.131324
13 	397  	448      	2852    	0.5	0.905482	0.938793	0.0425873            	0.208514	0.367433	1  	0.131942
14 	384  	452      	3049    	0.5	0.906462	0.938793	0.0417276            	0.208514	0.364382	1  	0.131289
15 	371  	453      	3226    	0.5	0.907128	0.938793	0.0414677            	0.204124	0.362268	1  	0.132072
16 	374  	474      	3399    	0.5	0.907491	0.938793	0.0415215            	0.204124	0.361348	1  	0.132033
17 	378  	461      	3549    	0.5	0.908305	0.938793	0.0406087            	0.204124	0.359306	1  	0.1319  
18 	370  	450      	3714    	0.5	0.908487	0.938793	0.0405456            	0.2     	0.35885 	1  	0.132227
19 	383  	462      	3869    	0.5	0.908651	0.938793	0.0405904            	0.2     	0.358936	1  	0.132151
20 	372  	476      	4036    	0.5	0.908889	0.939008	0.0406587            	0.2     	0.358428	1  	0.132323
21 	393  	498      	4207    	0.5	0.90929 	0.939008	0.0401895            	0.2     	0.358079	1  	0.131943
22 	375  	439      	4348    	0.5	0.910139	0.939564	0.0395402            	0.2     	0.355579	1  	0.131395
23 	368  	473      	4497    	0.5	0.910314	0.939564	0.0396145            	0.2     	0.355543	1  	0.131423
24 	371  	434      	4613    	0.5	0.910476	0.939564	0.039398             	0.204124	0.35576 	1  	0.131248
25 	393  	462      	4735    	0.5	0.910662	0.939564	0.0394721            	0.204124	0.355632	1  	0.131375
26 	370  	445      	4863    	0.5	0.910002	0.939564	0.0401269            	0.204124	0.359688	1  	0.131692
27 	377  	466      	4995    	0.5	0.910341	0.939564	0.040237             	0.204124	0.358333	1  	0.132334
28 	382  	479      	5129    	0.5	0.91031 	0.939564	0.0402437            	0.204124	0.359168	1  	0.132044
29 	362  	421      	5251    	0.5	0.910639	0.941252	0.0403434            	0.204124	0.358382	1  	0.132089
30 	385  	448      	5369    	0.5	0.911279	0.941252	0.0396558            	0.204124	0.356504	1  	0.131067
31 	364  	465      	5493    	0.5	0.910926	0.941252	0.041019             	0.204124	0.357366	1  	0.132361
32 	375  	447      	5586    	0.5	0.911721	0.941576	0.0398092            	0.204124	0.355655	1  	0.131355
33 	391  	434      	5670    	0.5	0.911847	0.941576	0.0398739            	0.204124	0.355795	1  	0.131244
34 	390  	481      	5762    	0.5	0.911995	0.941576	0.0399137            	0.204124	0.35576 	1  	0.131278
35 	375  	436      	5848    	0.5	0.912341	0.941776	0.0400419            	0.204124	0.354204	1  	0.132137
36 	378  	466      	5928    	0.5	0.91294 	0.941776	0.0395087            	0.204124	0.352278	1  	0.131521
37 	374  	471      	6019    	0.5	0.913289	0.944955	0.0395358            	0.204124	0.351059	1  	0.131378
38 	390  	487      	6119    	0.5	0.913424	0.944955	0.0395953            	0.204124	0.350689	1  	0.131694
39 	373  	454      	6208    	0.5	0.913588	0.944955	0.0396758            	0.204124	0.350956	1  	0.131487
40 	384  	422      	6270    	0.5	0.913765	0.944955	0.0397465            	0.204124	0.350634	1  	0.131758
41 	387  	470      	6346    	0.5	0.913932	0.944955	0.0398244            	0.204124	0.350463	1  	0.131856
42 	385  	460      	6439    	0.5	0.914342	0.944955	0.0399292            	0.204124	0.348392	1  	0.1325  
43 	365  	478      	6510    	0.5	0.914098	0.944955	0.0399208            	0.204124	0.350292	1  	0.131975
44 	346  	435      	6580    	0.5	0.914197	0.944955	0.039952             	0.204124	0.350406	1  	0.131884
45 	351  	448      	6665    	0.5	0.914419	0.944955	0.0400391            	0.204124	0.349794	1  	0.132191
46 	393  	488      	6753    	0.5	0.914892	0.944955	0.0400506            	0.204124	0.347815	1  	0.132105
47 	384  	467      	6826    	0.5	0.915426	0.944955	0.0394825            	0.204124	0.346374	1  	0.13129 
48 	369  	434      	6884    	0.5	0.914495	0.944955	0.040756             	0.204124	0.349834	1  	0.132103
49 	379  	424      	6954    	0.5	0.914862	0.944955	0.0405952            	0.204124	0.349056	1  	0.132444

STARTING MASTER RUNNER RESAMPLING
Generations completed = 5
Generations completed = 15
Generations completed = 25
Generations completed = 35
Generations completed = 45
MASTER
   	     	         	        	       survival SKSurv Cox model concordance index       	                      root leanness                      
   	     	         	        	---------------------------------------------------------	---------------------------------------------------------
gen	evals	gen_feats	explored	min     	avg     	max     	std             	min     	avg     	max     	std      
0  	500  	413      	413     	0.574922	0.88895 	0.948932	0.0662923       	0.158114	0.242114	0.57735 	0.0602303
1  	397  	387      	445     	0.781447	0.918027	0.948932	0.0203102       	0.176777	0.261786	0.57735 	0.065204 
2  	403  	354      	464     	0.814001	0.919872	0.948997	0.021082        	0.182574	0.270937	0.57735 	0.0732721
3  	365  	335      	477     	0.811535	0.919799	0.948997	0.0232781       	0.182574	0.278495	0.57735 	0.0792278
4  	379  	333      	490     	0.811535	0.920267	0.952584	0.0251886       	0.182574	0.283112	0.57735 	0.0869435
5  	381  	344      	500     	0.811535	0.920871	0.952584	0.0254433       	0.182574	0.285631	0.57735 	0.0904279
6  	408  	343      	503     	0.811535	0.921231	0.952584	0.0247129       	0.182574	0.290379	0.57735 	0.0916362
7  	403  	326      	506     	0.811535	0.922168	0.952584	0.0243221       	0.179605	0.290998	0.57735 	0.0924292
8  	403  	329      	508     	0.794989	0.921955	0.952584	0.0262162       	0.179605	0.294062	0.57735 	0.0955558
9  	393  	327      	511     	0.794989	0.922319	0.952584	0.026704        	0.179605	0.294435	0.57735 	0.0975755
10 	403  	328      	513     	0.794989	0.92271 	0.952584	0.0275408       	0.179605	0.294164	0.57735 	0.0988807
11 	408  	340      	513     	0.760566	0.922541	0.952584	0.028626        	0.179605	0.295892	0.57735 	0.100103 
12 	391  	310      	513     	0.767171	0.922578	0.952584	0.0284296       	0.179605	0.298126	0.57735 	0.100265 
13 	390  	323      	513     	0.794653	0.922677	0.952584	0.0287752       	0.179605	0.298861	0.707107	0.102523 
14 	401  	340      	513     	0.794653	0.922848	0.953038	0.0286038       	0.179605	0.299598	0.707107	0.10287  
15 	418  	325      	514     	0.794653	0.923034	0.953038	0.0280211       	0.179605	0.301227	0.707107	0.102458 
16 	415  	316      	514     	0.756552	0.922888	0.953038	0.0292088       	0.179605	0.302345	0.707107	0.105672 
17 	390  	335      	514     	0.756552	0.92326 	0.953038	0.0290551       	0.179605	0.301957	0.707107	0.105814 
18 	404  	318      	514     	0.756552	0.924052	0.953038	0.0284526       	0.179605	0.300467	0.707107	0.105087 
19 	395  	296      	514     	0.756552	0.923688	0.953038	0.0280575       	0.182574	0.3039  	0.707107	0.105131 
20 	388  	299      	514     	0.726811	0.923556	0.953038	0.0294177       	0.182574	0.30441 	0.707107	0.106806 
21 	399  	316      	514     	0.726811	0.923894	0.953038	0.0294162       	0.182574	0.303992	0.707107	0.107013 
22 	403  	296      	514     	0.707616	0.923564	0.953038	0.0301604       	0.185695	0.305889	0.707107	0.107804 
23 	386  	312      	514     	0.707616	0.923355	0.953038	0.0306683       	0.185695	0.307057	0.707107	0.109143 
24 	396  	305      	514     	0.707616	0.923527	0.953038	0.0305298       	0.185695	0.307225	0.707107	0.109074 
25 	415  	333      	514     	0.707616	0.923722	0.953038	0.0302175       	0.185695	0.307271	0.707107	0.109033 
26 	384  	324      	514     	0.707616	0.923854	0.953038	0.0301719       	0.185695	0.308159	0.707107	0.110454 
27 	402  	319      	514     	0.707616	0.92405 	0.953225	0.0299986       	0.188982	0.30815 	0.707107	0.110462 
28 	392  	315      	514     	0.707616	0.924165	0.953225	0.0300645       	0.188982	0.309105	0.707107	0.111849 
29 	402  	313      	514     	0.707616	0.924037	0.953225	0.0307326       	0.188982	0.309654	0.707107	0.113275 
30 	391  	328      	514     	0.707616	0.923686	0.953225	0.0318386       	0.188982	0.310901	0.707107	0.114439 
31 	391  	312      	514     	0.707616	0.923683	0.953225	0.0318322       	0.188982	0.311317	0.707107	0.114266 
32 	387  	330      	514     	0.707616	0.923886	0.953225	0.031523        	0.188982	0.311232	0.707107	0.114333 
33 	391  	315      	514     	0.707616	0.924013	0.953225	0.0315475       	0.188982	0.311053	0.707107	0.114466 
34 	400  	313      	514     	0.707616	0.924055	0.953225	0.0315334       	0.188982	0.311116	0.707107	0.114351 
35 	394  	305      	514     	0.707616	0.924029	0.953225	0.0318652       	0.188982	0.311939	0.707107	0.115734 
36 	385  	316      	514     	0.707616	0.924111	0.953225	0.0318985       	0.188982	0.311743	0.707107	0.115867 
37 	398  	311      	514     	0.707616	0.924275	0.953225	0.0317993       	0.188982	0.31172 	0.707107	0.1159   
38 	391  	302      	514     	0.707616	0.924409	0.953225	0.0318991       	0.188982	0.312009	0.707107	0.11746  
39 	381  	299      	514     	0.5     	0.923645	0.953225	0.0370932       	0.188982	0.31315 	1       	0.121233 
40 	399  	305      	514     	0.5     	0.923705	0.953225	0.037018        	0.188982	0.313177	1       	0.121354 
41 	400  	321      	514     	0.5     	0.923759	0.953225	0.0369309       	0.188982	0.313301	1       	0.121339 
42 	402  	307      	514     	0.5     	0.923992	0.953225	0.0368854       	0.188982	0.312586	1       	0.121339 
43 	386  	312      	514     	0.5     	0.923026	0.953225	0.0381836       	0.188982	0.316118	1       	0.124751 
44 	403  	316      	514     	0.5     	0.922999	0.953225	0.038162        	0.188982	0.31674 	1       	0.124771 
45 	396  	302      	514     	0.5     	0.923208	0.953225	0.0381299       	0.188982	0.316096	1       	0.124649 
46 	373  	298      	514     	0.5     	0.92308 	0.953225	0.0381472       	0.188982	0.316832	1       	0.124758 
47 	389  	315      	514     	0.5     	0.923002	0.953225	0.0381022       	0.188982	0.317264	1       	0.124484 
48 	406  	315      	514     	0.5     	0.923057	0.953225	0.0380232       	0.188982	0.317349	1       	0.124412 
49 	402  	305      	514     	0.5     	0.922695	0.954751	0.0384069       	0.188982	0.318869	1       	0.125199 

CURRENT HALLS OF FAME

PARETO FRONT
Number of solutions = 20
(0.9547513237349344, 0.19245008972987526) 26 features: [0_age_at_initial_pathologic_diagnosis, 1_hsa.miR.10b.5p, 1_hsa.miR.1228.3p, 1_hsa.miR.1262, 1_hsa.miR.15b.5p, 1_hsa.miR.193b.5p, 1_hsa.miR.346, 1_hsa.miR.382.3p, 1_hsa.miR.452.5p, 1_hsa.miR.624.5p, 2_C5orf13.9315, 2_C9orf110.100128385, 2_CD200R1.131450, 2_DUSP26.78986, 2_HOXD12.3238, 2_IGF2BP3.10643, 2_KLHL25.64410, 2_LOC388387.388387, 2_METTL1.4234, 2_MTAP.4507, 2_MTIF3.219402, 2_OR4C13.283092, 2_RAB3GAP2.25782, 2_SKI.6497, 2_WEE1.7465, 2_ZNF648.127665]
(0.9532250192554231, 0.20851441405707477) 22 features: [0_age_at_initial_pathologic_diagnosis, 1_hsa.miR.1228.3p, 1_hsa.miR.15b.5p, 1_hsa.miR.193b.5p, 1_hsa.miR.346, 1_hsa.miR.382.3p, 1_hsa.miR.452.5p, 1_hsa.miR.624.5p, 1_hsa.miR.6720.3p, 2_C5orf13.9315, 2_C9orf110.100128385, 2_CD200R1.131450, 2_DUSP26.78986, 2_HOXD12.3238, 2_KLHL25.64410, 2_LOC388387.388387, 2_MTAP.4507, 2_OR4C13.283092, 2_SKI.6497, 2_TPRG1.285386, 2_WEE1.7465, 2_ZNF648.127665]
(0.9528843709970126, 0.21821789023599236) 20 features: [1_hsa.miR.1228.3p, 1_hsa.miR.15b.5p, 1_hsa.miR.193b.5p, 1_hsa.miR.346, 1_hsa.miR.382.3p, 1_hsa.miR.452.5p, 1_hsa.miR.624.5p, 1_hsa.miR.6720.3p, 2_C5orf13.9315, 2_C9orf110.100128385, 2_CD200R1.131450, 2_DUSP26.78986, 2_HOXD12.3238, 2_KLHL25.64410, 2_LOC388387.388387, 2_MTAP.4507, 2_OR4C13.283092, 2_SKI.6497, 2_WEE1.7465, 2_ZNF648.127665]
(0.9486380790557796, 0.22360679774997896) 19 features: [1_hsa.miR.10b.5p, 1_hsa.miR.1228.3p, 1_hsa.miR.15b.5p, 1_hsa.miR.193b.5p, 1_hsa.miR.346, 1_hsa.miR.382.3p, 1_hsa.miR.452.5p, 1_hsa.miR.624.5p, 2_C5orf13.9315, 2_C9orf110.100128385, 2_CD200R1.131450, 2_DUSP26.78986, 2_HOXD12.3238, 2_LOC388387.388387, 2_MTAP.4507, 2_OR4C13.283092, 2_SKI.6497, 2_WEE1.7465, 2_ZNF648.127665]
(0.9455309513766902, 0.23570226039551584) 17 features: [1_hsa.miR.15b.5p, 1_hsa.miR.382.3p, 1_hsa.miR.487a.3p, 2_C9orf110.100128385, 2_CD200R1.131450, 2_DUSP26.78986, 2_HOXD12.3238, 2_IGF2BP3.10643, 2_KLHL25.64410, 2_LOC388387.388387, 2_MED21.9412, 2_MTAP.4507, 2_OR4C13.283092, 2_PCMTD1.115294, 2_SKI.6497, 2_WEE1.7465, 2_ZNF648.127665]
(0.94197799487122, 0.24253562503633297) 16 features: [1_hsa.miR.222.5p, 2_C9orf110.100128385, 2_CD200R1.131450, 2_DUSP26.78986, 2_HOXD12.3238, 2_IGF2BP3.10643, 2_KLHL25.64410, 2_LOC388387.388387, 2_MAEL.84944, 2_MED21.9412, 2_MTAP.4507, 2_OR4C13.283092, 2_ROCK2.9475, 2_SKI.6497, 2_WEE1.7465, 2_ZNF648.127665]
(0.9418060903740754, 0.25) 15 features: [1_hsa.miR.335.3p, 2_C9orf110.100128385, 2_CD200R1.131450, 2_DUSP26.78986, 2_HOXD12.3238, 2_IGF2BP3.10643, 2_KLHL25.64410, 2_LOC388387.388387, 2_MED21.9412, 2_MTAP.4507, 2_OR4C13.283092, 2_PCMTD1.115294, 2_SKI.6497, 2_WEE1.7465, 2_ZNF648.127665]
(0.9414674033614482, 0.2581988897471611) 14 features: [2_C9orf110.100128385, 2_CD200R1.131450, 2_DUSP26.78986, 2_HOXD12.3238, 2_IGF2BP3.10643, 2_KLHL25.64410, 2_LOC388387.388387, 2_MED21.9412, 2_MTAP.4507, 2_OR4C13.283092, 2_PCMTD1.115294, 2_SKI.6497, 2_WEE1.7465, 2_ZNF648.127665]
(0.9375266105023261, 0.2672612419124244) 13 features: [1_hsa.miR.15b.5p, 2_C9orf110.100128385, 2_HOXD12.3238, 2_KLHL25.64410, 2_LDHD.197257, 2_LOC388387.388387, 2_MED21.9412, 2_MTAP.4507, 2_OR4C13.283092, 2_RASL10B.91608, 2_SKI.6497, 2_WEE1.7465, 2_ZNF648.127665]
(0.9353170132088517, 0.2773500981126146) 12 features: [2_C9orf110.100128385, 2_CD200R1.131450, 2_DUSP26.78986, 2_HOXD12.3238, 2_KLHL25.64410, 2_LOC388387.388387, 2_MED21.9412, 2_MTAP.4507, 2_OR4C13.283092, 2_SKI.6497, 2_WEE1.7465, 2_ZNF648.127665]
(0.9317324819505067, 0.31622776601683794) 9 features: [0_age_at_initial_pathologic_diagnosis, 1_hsa.let.7i.5p, 2_ARHGEF10.9639, 2_IGF2BP3.10643, 2_KLHL25.64410, 2_LOC388387.388387, 2_MTAP.4507, 2_RASL10B.91608, 2_WEE1.7465]
(0.9240549905113528, 0.3333333333333333) 8 features: [0_age_at_initial_pathologic_diagnosis, 1_hsa.miR.10b.5p, 2_FLT3LG.2323, 2_KLHL25.64410, 2_MTAP.4507, 2_RPN1.6184, 2_TMEM179.388021, 2_WEE1.7465]
(0.9219842104552692, 0.3535533905932738) 7 features: [0_age_at_initial_pathologic_diagnosis, 2_IGF2BP3.10643, 2_KLHL25.64410, 2_MTAP.4507, 2_RPN1.6184, 2_TMEM179.388021, 2_WEE1.7465]
(0.9201426116692266, 0.3779644730092272) 6 features: [0_age_at_initial_pathologic_diagnosis, 2_HIST1H2BD.3017, 2_HOXD12.3238, 2_MTAP.4507, 2_SULF2.55959, 2_WEE1.7465]
(0.9146977621615009, 0.408248290463863) 5 features: [0_age_at_initial_pathologic_diagnosis, 1_hsa.miR.10b.3p, 2_MTAP.4507, 2_SULF2.55959, 2_WEE1.7465]
(0.9084777893561382, 0.4472135954999579) 4 features: [0_age_at_initial_pathologic_diagnosis, 1_hsa.miR.10b.5p, 2_ELK1.2002, 2_WEE1.7465]
(0.9052725643365241, 0.5) [0_age_at_initial_pathologic_diagnosis, 2_ELK1.2002, 2_WEE1.7465]
(0.8868894640246224, 0.5773502691896257) [0_age_at_initial_pathologic_diagnosis, 2_WEE1.7465]
(0.8553675469970247, 0.7071067811865476) [2_WEE1.7465]
(0.5, 1.0) []
Features in hall of fame by prevalence:
46 features: [2_WEE1.7465, 2_MTAP.4507, 2_KLHL25.64410, 2_HOXD12.3238, 2_LOC388387.388387, 0_age_at_initial_pathologic_diagnosis, 2_C9orf110.100128385, 2_OR4C13.283092, 2_SKI.6497, 2_ZNF648.127665, 2_CD200R1.131450, 2_DUSP26.78986, 2_IGF2BP3.10643, 1_hsa.miR.15b.5p, 2_MED21.9412, 1_hsa.miR.382.3p, 1_hsa.miR.10b.5p, 1_hsa.miR.1228.3p, 1_hsa.miR.193b.5p, 1_hsa.miR.346, 1_hsa.miR.452.5p, 1_hsa.miR.624.5p, 2_C5orf13.9315, 2_PCMTD1.115294, 1_hsa.miR.6720.3p, 2_ELK1.2002, 2_RASL10B.91608, 2_RPN1.6184, 2_SULF2.55959, 2_TMEM179.388021, 1_hsa.let.7i.5p, 1_hsa.miR.10b.3p, 1_hsa.miR.1262, 1_hsa.miR.222.5p, 1_hsa.miR.335.3p, 1_hsa.miR.487a.3p, 2_ARHGEF10.9639, 2_FLT3LG.2323, 2_HIST1H2BD.3017, 2_LDHD.197257, 2_MAEL.84944, 2_METTL1.4234, 2_MTIF3.219402, 2_RAB3GAP2.25782, 2_ROCK2.9475, 2_TPRG1.285386]

LAST POPULATION
Number of solutions = 500
Features in hall of fame by prevalence:
175 features: [2_WEE1.7465, 2_MTAP.4507, 2_KLHL25.64410, 2_LOC388387.388387, 2_HOXD12.3238, 2_C9orf110.100128385, 2_ZNF648.127665, 2_OR4C13.283092, 2_CD200R1.131450, 0_age_at_initial_pathologic_diagnosis, 2_SKI.6497, 2_DUSP26.78986, 1_hsa.miR.15b.5p, 1_hsa.miR.1228.3p, 1_hsa.miR.10b.5p, 1_hsa.miR.346, 2_IGF2BP3.10643, 1_hsa.miR.382.3p, 1_hsa.miR.452.5p, 2_MED21.9412, 2_C5orf13.9315, 1_hsa.miR.193b.5p, 1_hsa.miR.624.5p, 2_RPN1.6184, 2_PCMTD1.115294, 2_RASL10B.91608, 2_SULF2.55959, 1_hsa.miR.1537.5p, 2_TMEM179.388021, 2_CRLF1.9244, 2_ROCK2.9475, 1_hsa.miR.651.5p, 2_ELK1.2002, 2_WFDC13.164237, 1_hsa.miR.381.5p, 2_RPP30.10556, 1_hsa.miR.10b.3p, 1_hsa.miR.6720.3p, 2_MGC16121.84848, 2_PSMC3.5702, 2_HOXD10.3236, 1_hsa.let.7i.5p, 1_hsa.miR.196a.5p, 1_hsa.miR.9.5p, 2_TFDP1.7027, 1_hsa.miR.22.3p, 2_FLT3LG.2323, 2_MAEL.84944, 2_MTIF3.219402, 1_hsa.miR.182.5p, 1_hsa.miR.374a.3p, 1_hsa.miR.655.3p, 2_C8orf55.51337, 1_hsa.miR.1262, 1_hsa.miR.487a.3p, 2_AKAP13.11214, 2_GALNT7.51809, 2_KLK15.55554, 2_PDP2.57546, 1_hsa.miR.148b.3p, 1_hsa.miR.15b.3p, 1_hsa.miR.590.3p, 2_ARHGEF10.9639, 2_LOC283761.283761, 1_hsa.miR.126.5p, 1_hsa.miR.1266.5p, 1_hsa.miR.99b.5p, 2_FGF7.2252, 1_hsa.miR.188.5p, 1_hsa.miR.196b.5p, 1_hsa.miR.3130.5p, 1_hsa.miR.432.5p, 2_AGXT2L1.64850, 2_HOXD4.3233, 2_LDHD.197257, 2_TMEM201.199953, 1_hsa.let.7e.5p, 1_hsa.miR.183.5p, 1_hsa.miR.212.3p, 1_hsa.miR.32.5p, 1_hsa.miR.335.3p, 1_hsa.miR.4521, 1_hsa.miR.502.5p, 2_CDKN2BAS.100048912, 2_CECR5.27440, 2_GLB1.2720, 2_GPR18.2841, 2_HESRG.790952, 2_NUDT11.55190, 2_SERPINA5.5104, 2_WDYHV1.55093, 1_hsa.miR.16.5p, 1_hsa.miR.361.3p, 1_hsa.miR.423.5p, 1_hsa.miR.4758.3p, 1_hsa.miR.548b.3p, 1_hsa.miR.6892.5p, 1_hsa.miR.942.5p, 2_CALML6.163688, 2_TPRG1.285386, ...]

BEST SUMS WITH SIZE 50
Number of solutions = 50
Features in hall of fame by prevalence:
39 features: [2_WEE1.7465, 0_age_at_initial_pathologic_diagnosis, 1_hsa.miR.15b.5p, 2_FHDC1.85462, 2_HOXD10.3236, 2_MAP1LC3C.440738, 2_RPP30.10556, 2_STIL.6491, 2_SULF2.55959, 2_WISP1.8840, 2_ZNF648.127665, 1_hsa.let.7e.5p, 1_hsa.miR.1228.3p, 1_hsa.miR.651.5p, 1_hsa.miR.9.5p, 2_ARAP3.64411, 2_AURKA.6790, 2_BMP2.650, 2_C11orf82.220042, 2_C9orf110.100128385, 2_CDKN2BAS.100048912, 2_ELK1.2002, 2_ENDOD1.23052, 2_FNDC3B.64778, 2_IGF2BP3.10643, 2_KLK15.55554, 2_LATS2.26524, 2_LOC388387.388387, 2_MELK.9833, 2_MRPS2.51116, 2_MTAP.4507, 2_PRLHR.2834, 2_PRMT5.10419, 2_RAD18.56852, 2_RASL10A.10633, 2_RGS14.10636, 2_SERPINA5.5104, 2_SLC25A30.253512, 2_ZAK.51776]

BEST SUMS WITH SIZE 100
Number of solutions = 100
Features in hall of fame by prevalence:
67 features: [2_WEE1.7465, 0_age_at_initial_pathologic_diagnosis, 1_hsa.miR.15b.5p, 2_IGFBP2.3485, 1_hsa.miR.15b.3p, 2_FNDC3B.64778, 2_RASL10A.10633, 2_STIL.6491, 2_SULF2.55959, 2_WISP1.8840, 2_ZNF648.127665, 1_hsa.let.7e.5p, 1_hsa.miR.10b.3p, 1_hsa.miR.10b.5p, 1_hsa.miR.135b.5p, 1_hsa.miR.651.5p, 1_hsa.miR.9.5p, 2_AURKA.6790, 2_BMP2.650, 2_FHDC1.85462, 2_HOXD10.3236, 2_IGF2BP3.10643, 2_LATS2.26524, 2_MAP1LC3C.440738, 2_RAD18.56852, 2_RPP30.10556, 2_ZAK.51776, 1_hsa.let.7i.5p, 1_hsa.miR.1228.3p, 1_hsa.miR.1266.5p, 1_hsa.miR.146b.3p, 1_hsa.miR.16.2.3p, 1_hsa.miR.188.5p, 1_hsa.miR.196a.5p, 1_hsa.miR.196b.5p, 1_hsa.miR.27a.5p, 1_hsa.miR.335.3p, 1_hsa.miR.335.5p, 1_hsa.miR.4677.3p, 1_hsa.miR.615.3p, 1_hsa.miR.671.5p, 1_hsa.miR.6892.5p, 2_ADO.84890, 2_ARAP3.64411, 2_C11orf82.220042, 2_C9orf110.100128385, 2_CCKAR.886, 2_CD200R1.131450, 2_CDKN2BAS.100048912, 2_CUTC.51076, 2_ELK1.2002, 2_ENDOD1.23052, 2_KLK15.55554, 2_LOC388387.388387, 2_MELK.9833, 2_MRPL38.64978, 2_MRPS2.51116, 2_MTAP.4507, 2_NTNG2.84628, 2_PLAT.5327, 2_PRLHR.2834, 2_PRMT5.10419, 2_RASEF.158158, 2_RGS14.10636, 2_SERPINA5.5104, 2_SLC25A30.253512, 2_SLITRK5.26050]
Optimization on fold finished in 00-10:48:34

FEATURE SETS SELECTED

PARETO FRONT
Number of solutions = 20
(0.9547513237349344, 0.19245008972987526) 26 features: [0_age_at_initial_pathologic_diagnosis, 1_hsa.miR.10b.5p, 1_hsa.miR.1228.3p, 1_hsa.miR.1262, 1_hsa.miR.15b.5p, 1_hsa.miR.193b.5p, 1_hsa.miR.346, 1_hsa.miR.382.3p, 1_hsa.miR.452.5p, 1_hsa.miR.624.5p, 2_C5orf13.9315, 2_C9orf110.100128385, 2_CD200R1.131450, 2_DUSP26.78986, 2_HOXD12.3238, 2_IGF2BP3.10643, 2_KLHL25.64410, 2_LOC388387.388387, 2_METTL1.4234, 2_MTAP.4507, 2_MTIF3.219402, 2_OR4C13.283092, 2_RAB3GAP2.25782, 2_SKI.6497, 2_WEE1.7465, 2_ZNF648.127665]
(0.9532250192554231, 0.20851441405707477) 22 features: [0_age_at_initial_pathologic_diagnosis, 1_hsa.miR.1228.3p, 1_hsa.miR.15b.5p, 1_hsa.miR.193b.5p, 1_hsa.miR.346, 1_hsa.miR.382.3p, 1_hsa.miR.452.5p, 1_hsa.miR.624.5p, 1_hsa.miR.6720.3p, 2_C5orf13.9315, 2_C9orf110.100128385, 2_CD200R1.131450, 2_DUSP26.78986, 2_HOXD12.3238, 2_KLHL25.64410, 2_LOC388387.388387, 2_MTAP.4507, 2_OR4C13.283092, 2_SKI.6497, 2_TPRG1.285386, 2_WEE1.7465, 2_ZNF648.127665]
(0.9528843709970126, 0.21821789023599236) 20 features: [1_hsa.miR.1228.3p, 1_hsa.miR.15b.5p, 1_hsa.miR.193b.5p, 1_hsa.miR.346, 1_hsa.miR.382.3p, 1_hsa.miR.452.5p, 1_hsa.miR.624.5p, 1_hsa.miR.6720.3p, 2_C5orf13.9315, 2_C9orf110.100128385, 2_CD200R1.131450, 2_DUSP26.78986, 2_HOXD12.3238, 2_KLHL25.64410, 2_LOC388387.388387, 2_MTAP.4507, 2_OR4C13.283092, 2_SKI.6497, 2_WEE1.7465, 2_ZNF648.127665]
(0.9486380790557796, 0.22360679774997896) 19 features: [1_hsa.miR.10b.5p, 1_hsa.miR.1228.3p, 1_hsa.miR.15b.5p, 1_hsa.miR.193b.5p, 1_hsa.miR.346, 1_hsa.miR.382.3p, 1_hsa.miR.452.5p, 1_hsa.miR.624.5p, 2_C5orf13.9315, 2_C9orf110.100128385, 2_CD200R1.131450, 2_DUSP26.78986, 2_HOXD12.3238, 2_LOC388387.388387, 2_MTAP.4507, 2_OR4C13.283092, 2_SKI.6497, 2_WEE1.7465, 2_ZNF648.127665]
(0.9455309513766902, 0.23570226039551584) 17 features: [1_hsa.miR.15b.5p, 1_hsa.miR.382.3p, 1_hsa.miR.487a.3p, 2_C9orf110.100128385, 2_CD200R1.131450, 2_DUSP26.78986, 2_HOXD12.3238, 2_IGF2BP3.10643, 2_KLHL25.64410, 2_LOC388387.388387, 2_MED21.9412, 2_MTAP.4507, 2_OR4C13.283092, 2_PCMTD1.115294, 2_SKI.6497, 2_WEE1.7465, 2_ZNF648.127665]
(0.94197799487122, 0.24253562503633297) 16 features: [1_hsa.miR.222.5p, 2_C9orf110.100128385, 2_CD200R1.131450, 2_DUSP26.78986, 2_HOXD12.3238, 2_IGF2BP3.10643, 2_KLHL25.64410, 2_LOC388387.388387, 2_MAEL.84944, 2_MED21.9412, 2_MTAP.4507, 2_OR4C13.283092, 2_ROCK2.9475, 2_SKI.6497, 2_WEE1.7465, 2_ZNF648.127665]
(0.9418060903740754, 0.25) 15 features: [1_hsa.miR.335.3p, 2_C9orf110.100128385, 2_CD200R1.131450, 2_DUSP26.78986, 2_HOXD12.3238, 2_IGF2BP3.10643, 2_KLHL25.64410, 2_LOC388387.388387, 2_MED21.9412, 2_MTAP.4507, 2_OR4C13.283092, 2_PCMTD1.115294, 2_SKI.6497, 2_WEE1.7465, 2_ZNF648.127665]
(0.9414674033614482, 0.2581988897471611) 14 features: [2_C9orf110.100128385, 2_CD200R1.131450, 2_DUSP26.78986, 2_HOXD12.3238, 2_IGF2BP3.10643, 2_KLHL25.64410, 2_LOC388387.388387, 2_MED21.9412, 2_MTAP.4507, 2_OR4C13.283092, 2_PCMTD1.115294, 2_SKI.6497, 2_WEE1.7465, 2_ZNF648.127665]
(0.9375266105023261, 0.2672612419124244) 13 features: [1_hsa.miR.15b.5p, 2_C9orf110.100128385, 2_HOXD12.3238, 2_KLHL25.64410, 2_LDHD.197257, 2_LOC388387.388387, 2_MED21.9412, 2_MTAP.4507, 2_OR4C13.283092, 2_RASL10B.91608, 2_SKI.6497, 2_WEE1.7465, 2_ZNF648.127665]
(0.9353170132088517, 0.2773500981126146) 12 features: [2_C9orf110.100128385, 2_CD200R1.131450, 2_DUSP26.78986, 2_HOXD12.3238, 2_KLHL25.64410, 2_LOC388387.388387, 2_MED21.9412, 2_MTAP.4507, 2_OR4C13.283092, 2_SKI.6497, 2_WEE1.7465, 2_ZNF648.127665]
(0.9317324819505067, 0.31622776601683794) 9 features: [0_age_at_initial_pathologic_diagnosis, 1_hsa.let.7i.5p, 2_ARHGEF10.9639, 2_IGF2BP3.10643, 2_KLHL25.64410, 2_LOC388387.388387, 2_MTAP.4507, 2_RASL10B.91608, 2_WEE1.7465]
(0.9240549905113528, 0.3333333333333333) 8 features: [0_age_at_initial_pathologic_diagnosis, 1_hsa.miR.10b.5p, 2_FLT3LG.2323, 2_KLHL25.64410, 2_MTAP.4507, 2_RPN1.6184, 2_TMEM179.388021, 2_WEE1.7465]
(0.9219842104552692, 0.3535533905932738) 7 features: [0_age_at_initial_pathologic_diagnosis, 2_IGF2BP3.10643, 2_KLHL25.64410, 2_MTAP.4507, 2_RPN1.6184, 2_TMEM179.388021, 2_WEE1.7465]
(0.9201426116692266, 0.3779644730092272) 6 features: [0_age_at_initial_pathologic_diagnosis, 2_HIST1H2BD.3017, 2_HOXD12.3238, 2_MTAP.4507, 2_SULF2.55959, 2_WEE1.7465]
(0.9146977621615009, 0.408248290463863) 5 features: [0_age_at_initial_pathologic_diagnosis, 1_hsa.miR.10b.3p, 2_MTAP.4507, 2_SULF2.55959, 2_WEE1.7465]
(0.9084777893561382, 0.4472135954999579) 4 features: [0_age_at_initial_pathologic_diagnosis, 1_hsa.miR.10b.5p, 2_ELK1.2002, 2_WEE1.7465]
(0.9052725643365241, 0.5) [0_age_at_initial_pathologic_diagnosis, 2_ELK1.2002, 2_WEE1.7465]
(0.8868894640246224, 0.5773502691896257) [0_age_at_initial_pathologic_diagnosis, 2_WEE1.7465]
(0.8553675469970247, 0.7071067811865476) [2_WEE1.7465]
(0.5, 1.0) []
Features in hall of fame by prevalence:
46 features: [2_WEE1.7465, 2_MTAP.4507, 2_KLHL25.64410, 2_HOXD12.3238, 2_LOC388387.388387, 0_age_at_initial_pathologic_diagnosis, 2_C9orf110.100128385, 2_OR4C13.283092, 2_SKI.6497, 2_ZNF648.127665, 2_CD200R1.131450, 2_DUSP26.78986, 2_IGF2BP3.10643, 1_hsa.miR.15b.5p, 2_MED21.9412, 1_hsa.miR.382.3p, 1_hsa.miR.10b.5p, 1_hsa.miR.1228.3p, 1_hsa.miR.193b.5p, 1_hsa.miR.346, 1_hsa.miR.452.5p, 1_hsa.miR.624.5p, 2_C5orf13.9315, 2_PCMTD1.115294, 1_hsa.miR.6720.3p, 2_ELK1.2002, 2_RASL10B.91608, 2_RPN1.6184, 2_SULF2.55959, 2_TMEM179.388021, 1_hsa.let.7i.5p, 1_hsa.miR.10b.3p, 1_hsa.miR.1262, 1_hsa.miR.222.5p, 1_hsa.miR.335.3p, 1_hsa.miR.487a.3p, 2_ARHGEF10.9639, 2_FLT3LG.2323, 2_HIST1H2BD.3017, 2_LDHD.197257, 2_MAEL.84944, 2_METTL1.4234, 2_MTIF3.219402, 2_RAB3GAP2.25782, 2_ROCK2.9475, 2_TPRG1.285386]

LAST POPULATION
Number of solutions = 500
Features in hall of fame by prevalence:
175 features: [2_WEE1.7465, 2_MTAP.4507, 2_KLHL25.64410, 2_LOC388387.388387, 2_HOXD12.3238, 2_C9orf110.100128385, 2_ZNF648.127665, 2_OR4C13.283092, 2_CD200R1.131450, 0_age_at_initial_pathologic_diagnosis, 2_SKI.6497, 2_DUSP26.78986, 1_hsa.miR.15b.5p, 1_hsa.miR.1228.3p, 1_hsa.miR.10b.5p, 1_hsa.miR.346, 2_IGF2BP3.10643, 1_hsa.miR.382.3p, 1_hsa.miR.452.5p, 2_MED21.9412, 2_C5orf13.9315, 1_hsa.miR.193b.5p, 1_hsa.miR.624.5p, 2_RPN1.6184, 2_PCMTD1.115294, 2_RASL10B.91608, 2_SULF2.55959, 1_hsa.miR.1537.5p, 2_TMEM179.388021, 2_CRLF1.9244, 2_ROCK2.9475, 1_hsa.miR.651.5p, 2_ELK1.2002, 2_WFDC13.164237, 1_hsa.miR.381.5p, 2_RPP30.10556, 1_hsa.miR.10b.3p, 1_hsa.miR.6720.3p, 2_MGC16121.84848, 2_PSMC3.5702, 2_HOXD10.3236, 1_hsa.let.7i.5p, 1_hsa.miR.196a.5p, 1_hsa.miR.9.5p, 2_TFDP1.7027, 1_hsa.miR.22.3p, 2_FLT3LG.2323, 2_MAEL.84944, 2_MTIF3.219402, 1_hsa.miR.182.5p, 1_hsa.miR.374a.3p, 1_hsa.miR.655.3p, 2_C8orf55.51337, 1_hsa.miR.1262, 1_hsa.miR.487a.3p, 2_AKAP13.11214, 2_GALNT7.51809, 2_KLK15.55554, 2_PDP2.57546, 1_hsa.miR.148b.3p, 1_hsa.miR.15b.3p, 1_hsa.miR.590.3p, 2_ARHGEF10.9639, 2_LOC283761.283761, 1_hsa.miR.126.5p, 1_hsa.miR.1266.5p, 1_hsa.miR.99b.5p, 2_FGF7.2252, 1_hsa.miR.188.5p, 1_hsa.miR.196b.5p, 1_hsa.miR.3130.5p, 1_hsa.miR.432.5p, 2_AGXT2L1.64850, 2_HOXD4.3233, 2_LDHD.197257, 2_TMEM201.199953, 1_hsa.let.7e.5p, 1_hsa.miR.183.5p, 1_hsa.miR.212.3p, 1_hsa.miR.32.5p, 1_hsa.miR.335.3p, 1_hsa.miR.4521, 1_hsa.miR.502.5p, 2_CDKN2BAS.100048912, 2_CECR5.27440, 2_GLB1.2720, 2_GPR18.2841, 2_HESRG.790952, 2_NUDT11.55190, 2_SERPINA5.5104, 2_WDYHV1.55093, 1_hsa.miR.16.5p, 1_hsa.miR.361.3p, 1_hsa.miR.423.5p, 1_hsa.miR.4758.3p, 1_hsa.miR.548b.3p, 1_hsa.miR.6892.5p, 1_hsa.miR.942.5p, 2_CALML6.163688, 2_TPRG1.285386, ...]

BEST SUMS WITH SIZE 50
Number of solutions = 50
Features in hall of fame by prevalence:
39 features: [2_WEE1.7465, 0_age_at_initial_pathologic_diagnosis, 1_hsa.miR.15b.5p, 2_FHDC1.85462, 2_HOXD10.3236, 2_MAP1LC3C.440738, 2_RPP30.10556, 2_STIL.6491, 2_SULF2.55959, 2_WISP1.8840, 2_ZNF648.127665, 1_hsa.let.7e.5p, 1_hsa.miR.1228.3p, 1_hsa.miR.651.5p, 1_hsa.miR.9.5p, 2_ARAP3.64411, 2_AURKA.6790, 2_BMP2.650, 2_C11orf82.220042, 2_C9orf110.100128385, 2_CDKN2BAS.100048912, 2_ELK1.2002, 2_ENDOD1.23052, 2_FNDC3B.64778, 2_IGF2BP3.10643, 2_KLK15.55554, 2_LATS2.26524, 2_LOC388387.388387, 2_MELK.9833, 2_MRPS2.51116, 2_MTAP.4507, 2_PRLHR.2834, 2_PRMT5.10419, 2_RAD18.56852, 2_RASL10A.10633, 2_RGS14.10636, 2_SERPINA5.5104, 2_SLC25A30.253512, 2_ZAK.51776]

BEST SUMS WITH SIZE 100
Number of solutions = 100
Features in hall of fame by prevalence:
67 features: [2_WEE1.7465, 0_age_at_initial_pathologic_diagnosis, 1_hsa.miR.15b.5p, 2_IGFBP2.3485, 1_hsa.miR.15b.3p, 2_FNDC3B.64778, 2_RASL10A.10633, 2_STIL.6491, 2_SULF2.55959, 2_WISP1.8840, 2_ZNF648.127665, 1_hsa.let.7e.5p, 1_hsa.miR.10b.3p, 1_hsa.miR.10b.5p, 1_hsa.miR.135b.5p, 1_hsa.miR.651.5p, 1_hsa.miR.9.5p, 2_AURKA.6790, 2_BMP2.650, 2_FHDC1.85462, 2_HOXD10.3236, 2_IGF2BP3.10643, 2_LATS2.26524, 2_MAP1LC3C.440738, 2_RAD18.56852, 2_RPP30.10556, 2_ZAK.51776, 1_hsa.let.7i.5p, 1_hsa.miR.1228.3p, 1_hsa.miR.1266.5p, 1_hsa.miR.146b.3p, 1_hsa.miR.16.2.3p, 1_hsa.miR.188.5p, 1_hsa.miR.196a.5p, 1_hsa.miR.196b.5p, 1_hsa.miR.27a.5p, 1_hsa.miR.335.3p, 1_hsa.miR.335.5p, 1_hsa.miR.4677.3p, 1_hsa.miR.615.3p, 1_hsa.miR.671.5p, 1_hsa.miR.6892.5p, 2_ADO.84890, 2_ARAP3.64411, 2_C11orf82.220042, 2_C9orf110.100128385, 2_CCKAR.886, 2_CD200R1.131450, 2_CDKN2BAS.100048912, 2_CUTC.51076, 2_ELK1.2002, 2_ENDOD1.23052, 2_KLK15.55554, 2_LOC388387.388387, 2_MELK.9833, 2_MRPL38.64978, 2_MRPS2.51116, 2_MTAP.4507, 2_NTNG2.84628, 2_PLAT.5327, 2_PRLHR.2834, 2_PRMT5.10419, 2_RASEF.158158, 2_RGS14.10636, 2_SERPINA5.5104, 2_SLC25A30.253512, 2_SLITRK5.26050]
