
OPTIMIZING ON FOLD NUMBER 3
Number of workers = 96

COMPUTING LOCAL ACTIVE FEATURES
Computing active features for view clinic
Existing features: 8
Applying union strategy for feature selection using composite feature selector with
categorical: feature selector any na and anova
survival: feature selector Cox

Computing active features for outcome survival
Features selected for this outcome: 1
Features active in total: 1
Computing active features for view log_mirna
Existing features: 740
Applying union strategy for feature selection using composite feature selector with
categorical: feature selector any na and anova
survival: feature selector Cox

Computing active features for outcome survival
Features selected for this outcome: 255
Features active in total: 255
Computing active features for view log_mrna
Existing features: 20210
Applying union strategy for feature selection using composite feature selector with
categorical: feature selector any na and anova
survival: feature selector Cox

Computing active features for outcome survival
Features selected for this outcome: 8979
Features active in total: 8979
Computing feature importance
Running optimizer

STARTING 2-STEPS GENETIC ALGORITHM

CREATING INNER FOLDS

ASSIGNING STRATA FOR MULTI-OUTCOME DATA LGG_MV
Assigning strata for outcome named survival of type survival
Counts:
censored 0: 160
censored 1: 93
deceased 0: 39
deceased 1: 37

STARTING SWEEP NUMBER 1
folds_creator_seed = 1199896279

ASSIGNING STRATA FOR MULTI-OUTCOME DATA LGG_MV
Assigning strata for outcome named survival of type survival
Counts:
censored 0: 160
censored 1: 93
deceased 0: 39
deceased 1: 37
ga_runner_seed = 1704641791
VIEW: CLINIC
   	     	         	        	  survival SKSurv Cox model concordance index   	                 root leanness                  
   	     	         	        	------------------------------------------------	------------------------------------------------
gen	evals	gen_feats	explored	min	avg     	max     	std                  	min     	avg     	max	std     
0  	500  	1        	1       	0.5	0.620391	0.746703	0.123316             	0.707107	0.857068	1  	0.146404
1  	258  	1        	1       	0.5	0.623352	0.746703	0.123352             	0.707107	0.853553	1  	0.146447
2  	248  	1        	1       	0.5	0.623352	0.746703	0.123352             	0.707107	0.853553	1  	0.146447
3  	253  	1        	1       	0.5	0.623352	0.746703	0.123352             	0.707107	0.853553	1  	0.146447
4  	256  	1        	1       	0.5	0.623352	0.746703	0.123352             	0.707107	0.853553	1  	0.146447
5  	261  	1        	1       	0.5	0.623352	0.746703	0.123352             	0.707107	0.853553	1  	0.146447
6  	270  	1        	1       	0.5	0.623352	0.746703	0.123352             	0.707107	0.853553	1  	0.146447
7  	254  	1        	1       	0.5	0.623352	0.746703	0.123352             	0.707107	0.853553	1  	0.146447
8  	253  	1        	1       	0.5	0.623352	0.746703	0.123352             	0.707107	0.853553	1  	0.146447
9  	260  	1        	1       	0.5	0.623352	0.746703	0.123352             	0.707107	0.853553	1  	0.146447
10 	260  	1        	1       	0.5	0.623352	0.746703	0.123352             	0.707107	0.853553	1  	0.146447
11 	242  	1        	1       	0.5	0.623352	0.746703	0.123352             	0.707107	0.853553	1  	0.146447
12 	252  	1        	1       	0.5	0.623352	0.746703	0.123352             	0.707107	0.853553	1  	0.146447
13 	249  	1        	1       	0.5	0.623352	0.746703	0.123352             	0.707107	0.853553	1  	0.146447
14 	250  	1        	1       	0.5	0.623352	0.746703	0.123352             	0.707107	0.853553	1  	0.146447
15 	250  	1        	1       	0.5	0.623352	0.746703	0.123352             	0.707107	0.853553	1  	0.146447
16 	247  	1        	1       	0.5	0.623352	0.746703	0.123352             	0.707107	0.853553	1  	0.146447
17 	237  	1        	1       	0.5	0.623352	0.746703	0.123352             	0.707107	0.853553	1  	0.146447
18 	247  	1        	1       	0.5	0.623352	0.746703	0.123352             	0.707107	0.853553	1  	0.146447
19 	257  	1        	1       	0.5	0.623352	0.746703	0.123352             	0.707107	0.853553	1  	0.146447
20 	247  	1        	1       	0.5	0.623352	0.746703	0.123352             	0.707107	0.853553	1  	0.146447
21 	259  	1        	1       	0.5	0.623352	0.746703	0.123352             	0.707107	0.853553	1  	0.146447
22 	228  	1        	1       	0.5	0.623352	0.746703	0.123352             	0.707107	0.853553	1  	0.146447
23 	237  	1        	1       	0.5	0.623352	0.746703	0.123352             	0.707107	0.853553	1  	0.146447
24 	266  	1        	1       	0.5	0.623352	0.746703	0.123352             	0.707107	0.853553	1  	0.146447
25 	246  	1        	1       	0.5	0.623352	0.746703	0.123352             	0.707107	0.853553	1  	0.146447
26 	246  	1        	1       	0.5	0.623352	0.746703	0.123352             	0.707107	0.853553	1  	0.146447
27 	239  	1        	1       	0.5	0.623352	0.746703	0.123352             	0.707107	0.853553	1  	0.146447
28 	252  	1        	1       	0.5	0.623352	0.746703	0.123352             	0.707107	0.853553	1  	0.146447
29 	262  	1        	1       	0.5	0.623352	0.746703	0.123352             	0.707107	0.853553	1  	0.146447
30 	263  	1        	1       	0.5	0.623352	0.746703	0.123352             	0.707107	0.853553	1  	0.146447
31 	261  	1        	1       	0.5	0.623352	0.746703	0.123352             	0.707107	0.853553	1  	0.146447
32 	253  	1        	1       	0.5	0.623352	0.746703	0.123352             	0.707107	0.853553	1  	0.146447
33 	234  	1        	1       	0.5	0.623352	0.746703	0.123352             	0.707107	0.853553	1  	0.146447
34 	263  	1        	1       	0.5	0.623352	0.746703	0.123352             	0.707107	0.853553	1  	0.146447
35 	236  	1        	1       	0.5	0.623352	0.746703	0.123352             	0.707107	0.853553	1  	0.146447
36 	257  	1        	1       	0.5	0.623352	0.746703	0.123352             	0.707107	0.853553	1  	0.146447
37 	243  	1        	1       	0.5	0.623352	0.746703	0.123352             	0.707107	0.853553	1  	0.146447
38 	243  	1        	1       	0.5	0.623352	0.746703	0.123352             	0.707107	0.853553	1  	0.146447
39 	250  	1        	1       	0.5	0.623352	0.746703	0.123352             	0.707107	0.853553	1  	0.146447
40 	251  	1        	1       	0.5	0.623352	0.746703	0.123352             	0.707107	0.853553	1  	0.146447
41 	253  	1        	1       	0.5	0.623352	0.746703	0.123352             	0.707107	0.853553	1  	0.146447
42 	242  	1        	1       	0.5	0.623352	0.746703	0.123352             	0.707107	0.853553	1  	0.146447
43 	268  	1        	1       	0.5	0.623352	0.746703	0.123352             	0.707107	0.853553	1  	0.146447
44 	258  	1        	1       	0.5	0.623352	0.746703	0.123352             	0.707107	0.853553	1  	0.146447
45 	239  	1        	1       	0.5	0.623352	0.746703	0.123352             	0.707107	0.853553	1  	0.146447
46 	256  	1        	1       	0.5	0.623352	0.746703	0.123352             	0.707107	0.853553	1  	0.146447
47 	248  	1        	1       	0.5	0.623352	0.746703	0.123352             	0.707107	0.853553	1  	0.146447
48 	251  	1        	1       	0.5	0.623352	0.746703	0.123352             	0.707107	0.853553	1  	0.146447
49 	263  	1        	1       	0.5	0.623352	0.746703	0.123352             	0.707107	0.853553	1  	0.146447

ASSIGNING STRATA FOR MULTI-OUTCOME DATA LGG_MV
Assigning strata for outcome named survival of type survival
Counts:
censored 0: 160
censored 1: 93
deceased 0: 39
deceased 1: 37
VIEW: LOG_MIRNA
   	     	         	        	       survival SKSurv Cox model concordance index       	                 root leanness                  
   	     	         	        	---------------------------------------------------------	------------------------------------------------
gen	evals	gen_feats	explored	min     	avg     	max     	std             	min     	avg     	max	std     
0  	500  	28       	28      	0.486153	0.732983	0.868259	0.0746808       	0.185695	0.270685	1  	0.157341
1  	365  	187      	187     	0.5     	0.770852	0.868259	0.0683726       	0.176777	0.291337	1  	0.119369
2  	365  	199      	229     	0.5     	0.802829	0.868259	0.0550932       	0.188982	0.33497 	1  	0.120928
3  	360  	198      	241     	0.5     	0.810055	0.868259	0.0573872       	0.196116	0.351627	1  	0.130231
4  	384  	205      	248     	0.5     	0.81674 	0.870595	0.0534357       	0.196116	0.351801	1  	0.13361 
5  	384  	214      	252     	0.5     	0.81975 	0.870595	0.0528613       	0.196116	0.354893	1  	0.134541
6  	384  	216      	253     	0.5     	0.823267	0.870595	0.0499675       	0.196116	0.355967	1  	0.133698
7  	354  	208      	255     	0.5     	0.826092	0.870595	0.0479256       	0.196116	0.356786	1  	0.133357
8  	381  	212      	255     	0.5     	0.828526	0.870595	0.0478714       	0.196116	0.356556	1  	0.133446
9  	376  	214      	255     	0.5     	0.830968	0.878791	0.046055        	0.196116	0.357516	1  	0.133315
10 	388  	206      	255     	0.5     	0.832933	0.878791	0.0453796       	0.196116	0.357365	1  	0.133514
11 	361  	212      	255     	0.5     	0.833535	0.878791	0.0459007       	0.196116	0.360892	1  	0.133961
12 	375  	210      	255     	0.5     	0.835406	0.879742	0.0447855       	0.2     	0.361477	1  	0.133654
13 	358  	215      	255     	0.5     	0.838185	0.881036	0.0434675       	0.2     	0.356993	1  	0.133789
14 	380  	209      	255     	0.5     	0.839938	0.887403	0.0432605       	0.2     	0.356151	1  	0.133791
15 	371  	215      	255     	0.5     	0.84105 	0.887403	0.0430427       	0.2     	0.35773 	1  	0.133196
16 	376  	225      	255     	0.5     	0.842133	0.887403	0.0434061       	0.196116	0.357018	1  	0.133703
17 	379  	215      	255     	0.5     	0.843542	0.887403	0.0436946       	0.19245 	0.354935	1  	0.134665
18 	380  	216      	255     	0.5     	0.844168	0.887403	0.0433018       	0.19245 	0.357719	1  	0.133444
19 	396  	216      	255     	0.5     	0.845758	0.887403	0.0435117       	0.19245 	0.355911	1  	0.134412
20 	380  	219      	255     	0.5     	0.847173	0.887403	0.0430401       	0.188982	0.353684	1  	0.133924
21 	379  	210      	255     	0.5     	0.848363	0.888172	0.0432843       	0.188982	0.352915	1  	0.133709
22 	379  	215      	255     	0.5     	0.850175	0.888172	0.0428999       	0.188982	0.350209	1  	0.133707
23 	355  	198      	255     	0.5     	0.852359	0.890536	0.0423972       	0.188982	0.343794	1  	0.133611
24 	380  	212      	255     	0.5     	0.853123	0.890536	0.0425807       	0.188982	0.343538	1  	0.133784
25 	378  	218      	255     	0.5     	0.854375	0.892578	0.0426849       	0.188982	0.340733	1  	0.134238
26 	390  	218      	255     	0.5     	0.854768	0.892578	0.0429667       	0.188982	0.34189 	1  	0.134201
27 	386  	214      	255     	0.5     	0.855024	0.892578	0.0431091       	0.188982	0.343934	1  	0.13324 
28 	385  	214      	255     	0.5     	0.855661	0.892578	0.0432357       	0.188982	0.342701	1  	0.133748
29 	376  	214      	255     	0.5     	0.856821	0.892578	0.0426366       	0.188982	0.340071	1  	0.132403
30 	386  	216      	255     	0.5     	0.85743 	0.892578	0.0428457       	0.188982	0.339984	1  	0.132507
31 	372  	212      	255     	0.5     	0.857818	0.892578	0.0429284       	0.188982	0.339764	1  	0.132704
32 	388  	219      	255     	0.5     	0.858383	0.892578	0.0430827       	0.188982	0.33911 	1  	0.13313 
33 	382  	223      	255     	0.5     	0.858869	0.892578	0.0432431       	0.188982	0.338451	1  	0.133418
34 	387  	212      	255     	0.5     	0.858985	0.894465	0.0433287       	0.196116	0.339757	1  	0.132635
35 	374  	219      	255     	0.5     	0.860529	0.894465	0.0428036       	0.19245 	0.335308	1  	0.132003
36 	387  	219      	255     	0.5     	0.860868	0.895944	0.042935        	0.19245 	0.335053	1  	0.132191
37 	384  	207      	255     	0.5     	0.86017 	0.895944	0.0437295       	0.196116	0.339181	1  	0.13295 
38 	379  	221      	255     	0.5     	0.860393	0.895944	0.0435806       	0.196116	0.339649	1  	0.132633
39 	372  	222      	255     	0.5     	0.860588	0.895944	0.0436733       	0.196116	0.339893	1  	0.132455
40 	379  	222      	255     	0.5     	0.861077	0.895944	0.043811        	0.196116	0.339008	1  	0.132711
41 	382  	211      	255     	0.5     	0.862198	0.897233	0.0431747       	0.196116	0.336127	1  	0.131391
42 	349  	213      	255     	0.5     	0.862447	0.897528	0.0432737       	0.196116	0.336266	1  	0.131269
43 	389  	217      	255     	0.5     	0.862643	0.897528	0.0433522       	0.19245 	0.336194	1  	0.131344
44 	379  	212      	255     	0.5     	0.862923	0.897528	0.0434726       	0.19245 	0.33606 	1  	0.131465
45 	385  	218      	255     	0.5     	0.862513	0.897528	0.0441423       	0.19245 	0.33778 	1  	0.132464
46 	365  	215      	255     	0.5     	0.862507	0.898322	0.0443187       	0.19245 	0.33924 	1  	0.132386
47 	364  	217      	255     	0.5     	0.863639	0.900236	0.0437421       	0.19245 	0.335914	1  	0.131595
48 	360  	216      	255     	0.5     	0.863434	0.900236	0.0441045       	0.196116	0.3374  	1  	0.132458
49 	374  	202      	255     	0.5     	0.864201	0.900236	0.0435568       	0.196116	0.335693	1  	0.131753

ASSIGNING STRATA FOR MULTI-OUTCOME DATA LGG_MV
Assigning strata for outcome named survival of type survival
Counts:
censored 0: 160
censored 1: 93
deceased 0: 39
deceased 1: 37
VIEW: LOG_MRNA
   	     	         	        	   survival SKSurv Cox model concordance index   	                 root leanness                  
   	     	         	        	-------------------------------------------------	------------------------------------------------
gen	evals	gen_feats	explored	min	avg     	max     	std                  	min     	avg     	max	std     
0  	500  	20       	20      	0.5	0.832699	0.865687	0.0403931            	0.218218	0.270714	1  	0.125878
1  	341  	262      	262     	0.5	0.819735	0.877096	0.0480975            	0.204124	0.305082	1  	0.130441
2  	371  	372      	497     	0.5	0.836541	0.877096	0.0323883            	0.208514	0.331856	1  	0.119159
3  	383  	436      	738     	0.5	0.836789	0.877096	0.0384942            	0.213201	0.366657	1  	0.120075
4  	369  	419      	962     	0.5	0.841278	0.877096	0.037641             	0.213201	0.379094	1  	0.123241
5  	357  	378      	1166    	0.5	0.842919	0.877096	0.0397057            	0.213201	0.3911  	1  	0.123418
6  	388  	411      	1375    	0.5	0.843042	0.877096	0.047409             	0.213201	0.397885	1  	0.128061
7  	383  	430      	1586    	0.5	0.843793	0.877687	0.0511273            	0.223607	0.401809	1  	0.131316
8  	374  	418      	1786    	0.5	0.843839	0.880475	0.0558193            	0.223607	0.405358	1  	0.13343 
9  	388  	437      	1990    	0.5	0.84616 	0.880475	0.0525846            	0.223607	0.406368	1  	0.133603
10 	370  	477      	2201    	0.5	0.846956	0.880475	0.0511119            	0.223607	0.413168	1  	0.132749
11 	376  	452      	2367    	0.5	0.848675	0.880475	0.0482504            	0.223607	0.414465	1  	0.133722
12 	399  	478      	2565    	0.5	0.849782	0.880475	0.0485098            	0.235702	0.41645 	1  	0.132164
13 	389  	497      	2769    	0.5	0.851532	0.881656	0.0460138            	0.242536	0.417193	1  	0.131495
14 	380  	466      	2951    	0.5	0.852849	0.881656	0.0455417            	0.242536	0.415537	1  	0.132388
15 	370  	453      	3094    	0.5	0.854292	0.882234	0.0444947            	0.242536	0.414404	1  	0.131875
16 	383  	466      	3245    	0.5	0.854053	0.882234	0.0456074            	0.25    	0.419972	1  	0.13171 
17 	381  	476      	3402    	0.5	0.855325	0.882234	0.0448905            	0.25    	0.418079	1  	0.131039
18 	374  	474      	3558    	0.5	0.855674	0.88465 	0.0450663            	0.25    	0.421082	1  	0.130773
19 	384  	504      	3716    	0.5	0.856298	0.886345	0.0447992            	0.25    	0.421597	1  	0.130303
20 	394  	495      	3880    	0.5	0.855406	0.888291	0.0463661            	0.242536	0.430364	1  	0.129229
21 	380  	500      	4041    	0.5	0.856602	0.894307	0.0456061            	0.242536	0.427623	1  	0.129575
22 	383  	480      	4173    	0.5	0.858361	0.894307	0.0443816            	0.242536	0.422772	1  	0.129289
23 	375  	470      	4299    	0.5	0.858481	0.894307	0.0446879            	0.242536	0.424204	1  	0.129931
24 	373  	480      	4433    	0.5	0.859398	0.894307	0.0442639            	0.242536	0.422239	1  	0.129799
25 	359  	447      	4550    	0.5	0.859833	0.894307	0.0442612            	0.242536	0.421817	1  	0.13017 
26 	372  	472      	4687    	0.5	0.860873	0.894307	0.0436198            	0.235702	0.418937	1  	0.130486
27 	353  	443      	4796    	0.5	0.861902	0.894726	0.0432348            	0.242536	0.415696	1  	0.130855
28 	385  	473      	4904    	0.5	0.863318	0.894726	0.0422035            	0.235702	0.409809	1  	0.131142
29 	378  	460      	5004    	0.5	0.864939	0.900059	0.0412011            	0.242536	0.403546	1  	0.131226
30 	396  	479      	5111    	0.5	0.865902	0.900059	0.0403397            	0.235702	0.4004  	1  	0.131268
31 	341  	420      	5199    	0.5	0.866872	0.900059	0.0397733            	0.229416	0.397101	1  	0.131319
32 	383  	476      	5302    	0.5	0.86733 	0.900059	0.0399697            	0.229416	0.397203	1  	0.131171
33 	374  	451      	5393    	0.5	0.868347	0.900059	0.0393741            	0.229416	0.39427 	1  	0.130926
34 	381  	463      	5491    	0.5	0.868869	0.900059	0.0394124            	0.229416	0.393671	1  	0.131222
35 	393  	442      	5587    	0.5	0.869359	0.900059	0.0393418            	0.229416	0.394104	1  	0.131021
36 	377  	460      	5670    	0.5	0.869849	0.900899	0.0395359            	0.229416	0.393305	1  	0.131481
37 	391  	459      	5755    	0.5	0.870443	0.900899	0.039764             	0.229416	0.392901	1  	0.131742
38 	378  	418      	5835    	0.5	0.871105	0.900899	0.0397552            	0.229416	0.392417	1  	0.13171 
39 	396  	436      	5910    	0.5	0.872248	0.903944	0.039472             	0.235702	0.390867	1  	0.131013
40 	369  	426      	5994    	0.5	0.872955	0.903944	0.0393139            	0.223607	0.390904	1  	0.131041
41 	388  	472      	6089    	0.5	0.87459 	0.903944	0.0384019            	0.218218	0.384189	1  	0.130851
42 	375  	444      	6167    	0.5	0.875227	0.905079	0.0386087            	0.213201	0.383034	1  	0.131723
43 	393  	481      	6253    	0.5	0.876146	0.905612	0.0382279            	0.213201	0.381215	1  	0.131018
44 	372  	438      	6343    	0.5	0.876724	0.908502	0.0381857            	0.208514	0.380173	1  	0.1312  
45 	366  	433      	6416    	0.5	0.877325	0.908502	0.0382719            	0.208514	0.379685	1  	0.131633
46 	381  	450      	6491    	0.5	0.878472	0.908502	0.0376802            	0.204124	0.375876	1  	0.131781
47 	378  	441      	6555    	0.5	0.87924 	0.908884	0.0377785            	0.2     	0.373675	1  	0.132958
48 	379  	423      	6625    	0.5	0.879554	0.908884	0.0379074            	0.2     	0.374432	1  	0.133088
49 	345  	415      	6674    	0.5	0.88064 	0.908884	0.0375018            	0.2     	0.370047	1  	0.133473

STARTING MASTER RUNNER RESAMPLING
Generations completed = 6
Generations completed = 15
Generations completed = 24
Generations completed = 33
Generations completed = 42
MASTER
   	     	         	        	       survival SKSurv Cox model concordance index       	                      root leanness                      
   	     	         	        	---------------------------------------------------------	---------------------------------------------------------
gen	evals	gen_feats	explored	min     	avg     	max     	std             	min     	avg     	max     	std      
0  	500  	375      	375     	0.42973 	0.828073	0.912495	0.102934        	0.145865	0.232291	0.5     	0.0558396
1  	411  	339      	407     	0.76462 	0.884613	0.913542	0.0148334       	0.176777	0.262352	0.57735 	0.0588877
2  	389  	326      	425     	0.781755	0.88738 	0.920874	0.0153207       	0.179605	0.277818	0.57735 	0.0646537
3  	386  	326      	452     	0.781755	0.888957	0.920874	0.0163248       	0.179605	0.286896	0.57735 	0.0707493
4  	406  	304      	464     	0.781755	0.890349	0.920874	0.0178226       	0.182574	0.290494	0.57735 	0.0775173
5  	394  	318      	469     	0.781755	0.890769	0.920874	0.019087        	0.182574	0.293717	0.57735 	0.0811804
6  	404  	314      	469     	0.778837	0.891431	0.920874	0.0196857       	0.182574	0.298495	0.57735 	0.0858642
7  	394  	293      	474     	0.758047	0.891742	0.920874	0.0218295       	0.182574	0.299536	0.57735 	0.0897914
8  	395  	308      	476     	0.758047	0.891846	0.920874	0.0231457       	0.182574	0.302012	0.57735 	0.0921891
9  	391  	289      	478     	0.758047	0.891972	0.920874	0.0243159       	0.182574	0.30349 	0.707107	0.096337 
10 	371  	308      	479     	0.758047	0.891774	0.920874	0.0253056       	0.182574	0.307021	0.707107	0.099535 
11 	403  	316      	480     	0.758047	0.891935	0.920874	0.0259983       	0.182574	0.30883 	0.707107	0.101668 
12 	415  	303      	481     	0.758047	0.891961	0.920874	0.0269399       	0.182574	0.310373	0.707107	0.103968 
13 	404  	303      	481     	0.763097	0.892389	0.920874	0.0267503       	0.182574	0.312112	0.707107	0.104091 
14 	387  	291      	481     	0.76737 	0.892943	0.920874	0.0263392       	0.182574	0.311711	0.707107	0.104314 
15 	389  	306      	481     	0.76737 	0.893588	0.920874	0.0262256       	0.182574	0.311402	0.707107	0.104331 
16 	401  	303      	481     	0.781755	0.894304	0.920874	0.0249617       	0.182574	0.311296	0.707107	0.104639 
17 	375  	297      	481     	0.783085	0.894731	0.920874	0.0248546       	0.182574	0.311286	0.707107	0.106593 
18 	409  	290      	481     	0.784702	0.895146	0.920874	0.0247542       	0.182574	0.31066 	0.707107	0.107092 
19 	389  	302      	481     	0.784702	0.895121	0.920874	0.0252062       	0.182574	0.312654	0.707107	0.108188 
20 	374  	290      	481     	0.786672	0.895669	0.920874	0.0248345       	0.182574	0.311932	0.707107	0.107757 
21 	385  	289      	481     	0.755587	0.895478	0.920874	0.0256399       	0.182574	0.314139	0.707107	0.109208 
22 	390  	293      	481     	0.755587	0.896106	0.920874	0.0251131       	0.182574	0.313169	0.707107	0.108643 
23 	391  	300      	481     	0.755587	0.896351	0.920874	0.0253942       	0.182574	0.313405	0.707107	0.109163 
24 	410  	287      	481     	0.755587	0.896915	0.920874	0.0249228       	0.182574	0.312186	0.707107	0.108231 
25 	384  	309      	481     	0.755587	0.897172	0.920874	0.0248539       	0.182574	0.31145 	0.707107	0.108789 
26 	388  	294      	481     	0.755587	0.897469	0.920874	0.0242326       	0.182574	0.311406	0.707107	0.108731 
27 	392  	299      	481     	0.755587	0.897607	0.920874	0.0239962       	0.182574	0.312024	0.707107	0.108351 
28 	385  	297      	481     	0.755587	0.898277	0.920874	0.0232242       	0.182574	0.309722	0.707107	0.107532 
29 	387  	283      	481     	0.755587	0.898152	0.920874	0.0233787       	0.182574	0.311689	0.707107	0.108397 
30 	387  	291      	481     	0.755587	0.898524	0.920874	0.0227296       	0.182574	0.311746	0.707107	0.108282 
31 	389  	278      	481     	0.700901	0.898474	0.920874	0.0235566       	0.182574	0.31345 	0.707107	0.109289 
32 	404  	294      	481     	0.700901	0.89858 	0.920874	0.0235613       	0.182574	0.313427	0.707107	0.109405 
33 	388  	268      	481     	0.700901	0.898115	0.920874	0.0256551       	0.182574	0.315478	0.707107	0.111976 
34 	390  	306      	481     	0.700901	0.898407	0.920874	0.0253558       	0.182574	0.315344	0.707107	0.112085 
35 	407  	285      	481     	0.700901	0.898638	0.920874	0.0251295       	0.182574	0.315044	0.707107	0.112251 
36 	388  	294      	481     	0.700901	0.898798	0.920874	0.0248718       	0.182574	0.315825	0.707107	0.111661 
37 	404  	284      	481     	0.700901	0.89875 	0.920874	0.0250527       	0.182574	0.317084	0.707107	0.112769 
38 	391  	287      	481     	0.700901	0.898916	0.920874	0.0249563       	0.182574	0.3167  	0.707107	0.113002 
39 	379  	294      	481     	0.700901	0.89907 	0.920874	0.0247839       	0.182574	0.316785	0.707107	0.112932 
40 	392  	309      	481     	0.700901	0.899169	0.920874	0.024773        	0.182574	0.316522	0.707107	0.113086 
41 	402  	299      	481     	0.700901	0.899377	0.921474	0.0246154       	0.182574	0.316401	0.707107	0.113154 
42 	390  	290      	481     	0.700901	0.899229	0.921474	0.0250406       	0.182574	0.317142	0.707107	0.114539 
43 	409  	286      	481     	0.700901	0.899116	0.921474	0.0256919       	0.182574	0.317642	0.707107	0.115897 
44 	411  	279      	481     	0.700901	0.899142	0.921474	0.0256889       	0.182574	0.317642	0.707107	0.115897 
45 	401  	289      	481     	0.700901	0.899203	0.921474	0.0256614       	0.182574	0.317814	0.707107	0.115874 
46 	381  	296      	481     	0.700901	0.898779	0.921474	0.0271487       	0.182574	0.318392	0.707107	0.118438 
47 	391  	275      	481     	0.700901	0.899149	0.921474	0.0268597       	0.182574	0.316839	0.707107	0.117818 
48 	378  	299      	481     	0.700901	0.899201	0.921474	0.0268135       	0.182574	0.316775	0.707107	0.117896 
49 	394  	295      	481     	0.700901	0.899126	0.921474	0.0270876       	0.182574	0.31743 	0.707107	0.119312 

CURRENT HALLS OF FAME

PARETO FRONT
Number of solutions = 17
(0.921474388064965, 0.19611613513818404) 25 features: [0_age_at_initial_pathologic_diagnosis, 1_hsa.let.7e.5p, 1_hsa.miR.10b.5p, 1_hsa.miR.15b.5p, 1_hsa.miR.216b.5p, 1_hsa.miR.222.5p, 1_hsa.miR.23b.5p, 1_hsa.miR.3074.5p, 1_hsa.miR.3131, 1_hsa.miR.3157.3p, 1_hsa.miR.346, 1_hsa.miR.424.5p, 1_hsa.miR.452.5p, 1_hsa.miR.4709.3p, 1_hsa.miR.550a.3p, 1_hsa.miR.6806.3p, 2_C1orf53.388722, 2_GPR1.2825, 2_ISL2.64843, 2_MUCL1.118430, 2_STAP1.26228, 2_SULF2.55959, 2_UPF3A.65110, 2_WEE1.7465, 2_ZNF566.84924]
(0.9205625568690806, 0.20851441405707477) 22 features: [0_age_at_initial_pathologic_diagnosis, 1_hsa.miR.10b.5p, 1_hsa.miR.15b.5p, 1_hsa.miR.23b.5p, 1_hsa.miR.3074.5p, 1_hsa.miR.3131, 1_hsa.miR.3157.3p, 1_hsa.miR.346, 1_hsa.miR.424.5p, 1_hsa.miR.4758.3p, 1_hsa.miR.550a.3p, 1_hsa.miR.767.5p, 1_hsa.miR.513a.3p, 1_hsa.miR.519e.3p, 2_CUTC.51076, 2_GPR1.2825, 2_ISL2.64843, 2_MUCL1.118430, 2_PCDHGA12.26025, 2_STAP1.26228, 2_SULF2.55959, 2_WEE1.7465]
(0.9188505962830145, 0.21320071635561044) 21 features: [0_age_at_initial_pathologic_diagnosis, 1_hsa.miR.10b.5p, 1_hsa.miR.149.5p, 1_hsa.miR.15b.5p, 1_hsa.miR.23b.5p, 1_hsa.miR.3131, 1_hsa.miR.3157.3p, 1_hsa.miR.346, 1_hsa.miR.3609, 1_hsa.miR.550a.3p, 1_hsa.miR.513a.3p, 2_C1orf53.388722, 2_CUTC.51076, 2_HK2.3099, 2_ISL2.64843, 2_MUCL1.118430, 2_RAB27A.5873, 2_SEC24D.9871, 2_STAP1.26228, 2_TRIB1.10221, 2_WEE1.7465]
(0.918005008607595, 0.21821789023599236) 20 features: [0_age_at_initial_pathologic_diagnosis, 1_hsa.miR.10b.5p, 1_hsa.miR.15b.5p, 1_hsa.miR.23b.5p, 1_hsa.miR.3074.5p, 1_hsa.miR.3131, 1_hsa.miR.3157.3p, 1_hsa.miR.346, 1_hsa.miR.424.5p, 1_hsa.miR.4758.3p, 1_hsa.miR.550a.3p, 1_hsa.miR.767.5p, 1_hsa.miR.513a.3p, 1_hsa.miR.519e.3p, 2_GPR1.2825, 2_KLHL9.55958, 2_MUCL1.118430, 2_SULF2.55959, 2_UPF3A.65110, 2_WEE1.7465]
(0.91720443317248, 0.23570226039551584) 17 features: [0_age_at_initial_pathologic_diagnosis, 1_hsa.miR.10b.5p, 1_hsa.miR.15b.5p, 1_hsa.miR.3131, 1_hsa.miR.3157.3p, 1_hsa.miR.346, 1_hsa.miR.378c, 1_hsa.miR.6715a.3p, 1_hsa.miR.520e, 2_AP4M1.9179, 2_GPR1.2825, 2_ISL2.64843, 2_MUCL1.118430, 2_PTGFRN.5738, 2_SULF2.55959, 2_TPST1.8460, 2_WEE1.7465]
(0.9166957986180374, 0.2672612419124244) 13 features: [0_age_at_initial_pathologic_diagnosis, 1_hsa.miR.10b.5p, 1_hsa.miR.15b.5p, 1_hsa.miR.23b.5p, 1_hsa.miR.3157.3p, 1_hsa.miR.346, 1_hsa.miR.550a.5p, 2_AP4M1.9179, 2_GPR1.2825, 2_MUCL1.118430, 2_SULF2.55959, 2_TPST1.8460, 2_WEE1.7465]
(0.913676219815103, 0.2773500981126146) 12 features: [0_age_at_initial_pathologic_diagnosis, 1_hsa.miR.15b.5p, 1_hsa.miR.23b.5p, 1_hsa.miR.3157.3p, 1_hsa.miR.346, 1_hsa.miR.550a.5p, 2_AP4M1.9179, 2_GPR1.2825, 2_MUCL1.118430, 2_SULF2.55959, 2_TPST1.8460, 2_WEE1.7465]
(0.9116177307043895, 0.28867513459481287) 11 features: [0_age_at_initial_pathologic_diagnosis, 1_hsa.miR.10b.5p, 1_hsa.miR.15b.5p, 1_hsa.miR.23b.5p, 1_hsa.miR.3157.3p, 1_hsa.miR.346, 1_hsa.miR.767.5p, 2_KLHL9.55958, 2_SULF2.55959, 2_UPF3A.65110, 2_WEE1.7465]
(0.9108139065944552, 0.30151134457776363) 10 features: [0_age_at_initial_pathologic_diagnosis, 1_hsa.miR.15b.5p, 1_hsa.miR.23b.5p, 1_hsa.miR.3157.3p, 1_hsa.miR.346, 1_hsa.miR.550a.5p, 2_MUCL1.118430, 2_SULF2.55959, 2_UPF3A.65110, 2_WEE1.7465]
(0.906880967659097, 0.31622776601683794) 9 features: [0_age_at_initial_pathologic_diagnosis, 1_hsa.miR.15b.5p, 1_hsa.miR.23b.5p, 1_hsa.miR.3157.3p, 1_hsa.miR.346, 1_hsa.miR.550a.5p, 2_GPR1.2825, 2_RGPD3.653489, 2_WEE1.7465]
(0.906224111570712, 0.3535533905932738) 7 features: [0_age_at_initial_pathologic_diagnosis, 2_GPR1.2825, 2_ISL2.64843, 2_MUCL1.118430, 2_SULF2.55959, 2_UPF3A.65110, 2_WEE1.7465]
(0.9023922161457792, 0.3779644730092272) 6 features: [0_age_at_initial_pathologic_diagnosis, 1_hsa.miR.10b.5p, 2_MUCL1.118430, 2_SULF2.55959, 2_WEE1.7465, 2_ZBTB38.253461]
(0.8965125752158031, 0.408248290463863) 5 features: [0_age_at_initial_pathologic_diagnosis, 1_hsa.let.7e.5p, 2_GPR1.2825, 2_RGPD3.653489, 2_WEE1.7465]
(0.8937534286335967, 0.4472135954999579) 4 features: [0_age_at_initial_pathologic_diagnosis, 2_GPR1.2825, 2_RGPD3.653489, 2_WEE1.7465]
(0.8813354429813899, 0.5) [0_age_at_initial_pathologic_diagnosis, 2_CRTAC1.55118, 2_WEE1.7465]
(0.8661185003767079, 0.5773502691896257) [2_SLC4A3.6508, 2_WEE1.7465]
(0.819472612134197, 0.7071067811865476) [2_SMC4.10051]
Features in hall of fame by prevalence:
50 features: [2_WEE1.7465, 0_age_at_initial_pathologic_diagnosis, 1_hsa.miR.15b.5p, 1_hsa.miR.3157.3p, 1_hsa.miR.346, 2_GPR1.2825, 2_MUCL1.118430, 2_SULF2.55959, 1_hsa.miR.23b.5p, 1_hsa.miR.10b.5p, 1_hsa.miR.3131, 2_ISL2.64843, 2_UPF3A.65110, 1_hsa.miR.550a.3p, 1_hsa.miR.550a.5p, 1_hsa.miR.3074.5p, 1_hsa.miR.424.5p, 1_hsa.miR.767.5p, 1_hsa.miR.513a.3p, 2_AP4M1.9179, 2_RGPD3.653489, 2_STAP1.26228, 2_TPST1.8460, 1_hsa.let.7e.5p, 1_hsa.miR.4758.3p, 1_hsa.miR.519e.3p, 2_C1orf53.388722, 2_CUTC.51076, 2_KLHL9.55958, 1_hsa.miR.149.5p, 1_hsa.miR.216b.5p, 1_hsa.miR.222.5p, 1_hsa.miR.3609, 1_hsa.miR.378c, 1_hsa.miR.452.5p, 1_hsa.miR.4709.3p, 1_hsa.miR.6715a.3p, 1_hsa.miR.6806.3p, 1_hsa.miR.520e, 2_CRTAC1.55118, 2_HK2.3099, 2_PCDHGA12.26025, 2_PTGFRN.5738, 2_RAB27A.5873, 2_SEC24D.9871, 2_SLC4A3.6508, 2_SMC4.10051, 2_TRIB1.10221, 2_ZBTB38.253461, 2_ZNF566.84924]

LAST POPULATION
Number of solutions = 500
Features in hall of fame by prevalence:
159 features: [2_WEE1.7465, 0_age_at_initial_pathologic_diagnosis, 2_SULF2.55959, 2_MUCL1.118430, 1_hsa.miR.15b.5p, 1_hsa.miR.346, 1_hsa.miR.3157.3p, 1_hsa.miR.10b.5p, 2_ISL2.64843, 2_GPR1.2825, 1_hsa.miR.23b.5p, 1_hsa.miR.3131, 2_STAP1.26228, 1_hsa.miR.550a.3p, 2_UPF3A.65110, 1_hsa.miR.3074.5p, 2_CUTC.51076, 2_PCDHGA12.26025, 1_hsa.miR.222.5p, 2_C1orf53.388722, 1_hsa.miR.767.5p, 2_AP4M1.9179, 2_TPST1.8460, 1_hsa.miR.216b.5p, 1_hsa.miR.424.5p, 1_hsa.miR.550a.5p, 1_hsa.miR.513a.3p, 2_TRIB1.10221, 2_PTGFRN.5738, 1_hsa.let.7e.5p, 1_hsa.miR.452.5p, 2_HK2.3099, 2_MAB21L1.4081, 2_RAD18.56852, 1_hsa.miR.149.5p, 2_KLHL9.55958, 1_hsa.miR.4758.3p, 2_ZBTB38.253461, 2_SEPT7.989, 1_hsa.miR.519e.3p, 1_hsa.miR.1228.3p, 1_hsa.miR.3154, 2_LRSAM1.90678, 2_RAB27A.5873, 2_SEC24D.9871, 2_SLITRK5.26050, 1_hsa.let.7i.5p, 1_hsa.let.7g.5p, 1_hsa.miR.10b.3p, 1_hsa.miR.222.3p, 1_hsa.miR.25.3p, 2_RGPD3.653489, 2_EYA3.2140, 2_MRPS28.28957, 2_ZNF566.84924, 1_hsa.miR.105.5p, 1_hsa.miR.335.5p, 2_SIM2.6493, 1_hsa.miR.320b, 1_hsa.miR.146b.3p, 1_hsa.miR.215.5p, 2_SLC13A4.26266, 1_hsa.miR.4677.3p, 1_hsa.miR.7974, 2_CADM2.253559, 2_CRTAC1.55118, 2_PIK3R1.5295, 2_RAB6C.84084, 1_hsa.miR.204.3p, 1_hsa.miR.4709.3p, 1_hsa.miR.6806.3p, 1_hsa.miR.520e, 2_GDF5.8200, 2_LATS2.26524, 1_hsa.miR.186.5p, 1_hsa.miR.3677.3p, 2_GDI2.2665, 2_IMP3.55272, 2_MYO5C.55930, 2_SMC4.10051, 1_hsa.miR.196b.5p, 1_hsa.miR.3609, 1_hsa.miR.9.5p, 1_hsa.miR.26a.2.3p, 1_hsa.miR.378c, 1_hsa.miR.6715a.3p, 1_hsa.miR.92b.5p, 2_C18orf10.25941, 2_SLC4A3.6508, 1_hsa.miR.188.5p, 1_hsa.miR.30e.5p, 1_hsa.miR.590.3p, 1_hsa.miR.6509.5p, 2_LNPEP.4012, 2_TFPI.7035, 2_UHMK1.127933, 1_hsa.miR.125a.5p, 1_hsa.miR.125b.1.3p, 1_hsa.miR.1287.5p, 1_hsa.miR.216a.5p, ...]

BEST SUMS WITH SIZE 50
Number of solutions = 50
Features in hall of fame by prevalence:
34 features: [2_WEE1.7465, 0_age_at_initial_pathologic_diagnosis, 2_SMC4.10051, 2_IGFBP2.3485, 1_hsa.let.7i.5p, 1_hsa.miR.10b.5p, 2_DNAJB12.54788, 1_hsa.miR.10b.3p, 1_hsa.miR.196b.5p, 1_hsa.miR.9.5p, 2_AURKA.6790, 2_CLSPN.63967, 2_GPR1.2825, 2_ISL2.64843, 2_RAD18.56852, 2_SLITRK5.26050, 2_TACC3.10460, 1_hsa.miR.146b.3p, 1_hsa.miR.335.3p, 1_hsa.miR.6806.3p, 2_C18orf10.25941, 2_CRTAC1.55118, 2_CXorf40A.91966, 2_FAM35B2.439965, 2_LNPEP.4012, 2_PHYHIPL.84457, 2_RALGAPA2.57186, 2_RASGEF1C.255426, 2_RCAN3.11123, 2_SLC13A4.26266, 2_SLC4A3.6508, 2_SULF2.55959, 2_UPF3A.65110, 2_VAV3.10451]

BEST SUMS WITH SIZE 100
Number of solutions = 100
Features in hall of fame by prevalence:
55 features: [2_WEE1.7465, 0_age_at_initial_pathologic_diagnosis, 2_SMC4.10051, 1_hsa.let.7i.5p, 2_DNAJB12.54788, 1_hsa.miR.10b.3p, 1_hsa.miR.10b.5p, 2_IGFBP2.3485, 2_ISL2.64843, 1_hsa.miR.6806.3p, 1_hsa.miR.196b.5p, 2_GPR1.2825, 2_MKX.283078, 2_SLC4A3.6508, 2_SLITRK5.26050, 2_SULF2.55959, 2_UPF3A.65110, 2_ZNF648.127665, 1_hsa.miR.146b.3p, 2_AURKA.6790, 2_SLC13A4.26266, 1_hsa.let.7e.5p, 1_hsa.miR.15b.5p, 1_hsa.miR.320b, 1_hsa.miR.4746.5p, 1_hsa.miR.9.5p, 2_C18orf10.25941, 2_CLSPN.63967, 2_CRTAC1.55118, 2_LNPEP.4012, 2_NKIRAS2.28511, 2_RAD18.56852, 2_RCAN3.11123, 2_TACC3.10460, 1_hsa.miR.15b.3p, 1_hsa.miR.222.5p, 1_hsa.miR.23b.5p, 1_hsa.miR.27a.5p, 1_hsa.miR.335.3p, 1_hsa.miR.6509.5p, 1_hsa.miR.7974, 2_CD101.9398, 2_CXorf40A.91966, 2_FAM35B2.439965, 2_LATS2.26524, 2_MUCL1.118430, 2_PHYHIPL.84457, 2_PTGFRN.5738, 2_RAB27A.5873, 2_RALGAPA2.57186, 2_RASGEF1C.255426, 2_RGPD3.653489, 2_SLC25A43.203427, 2_VAV3.10451, 2_ZBTB38.253461]

STARTING SWEEP NUMBER 2
folds_creator_seed = 4191220951

ASSIGNING STRATA FOR MULTI-OUTCOME DATA LGG_MV
Assigning strata for outcome named survival of type survival
Counts:
censored 0: 160
censored 1: 93
deceased 0: 39
deceased 1: 37
ga_runner_seed = 2055523092
VIEW: CLINIC
   	     	         	        	   survival SKSurv Cox model concordance index   	                 root leanness                  
   	     	         	        	-------------------------------------------------	------------------------------------------------
gen	evals	gen_feats	explored	min	avg     	max     	std                  	min     	avg     	max	std     
0  	0    	1        	1       	0.5	0.717099	0.746703	0.0801691            	0.707107	0.742254	1  	0.095179
1  	280  	1        	1       	0.5	0.623352	0.746703	0.123352             	0.707107	0.853553	1  	0.146447
2  	259  	1        	1       	0.5	0.623352	0.746703	0.123352             	0.707107	0.853553	1  	0.146447
3  	237  	1        	1       	0.5	0.623352	0.746703	0.123352             	0.707107	0.853553	1  	0.146447
4  	235  	1        	1       	0.5	0.623352	0.746703	0.123352             	0.707107	0.853553	1  	0.146447
5  	248  	1        	1       	0.5	0.623352	0.746703	0.123352             	0.707107	0.853553	1  	0.146447
6  	257  	1        	1       	0.5	0.623352	0.746703	0.123352             	0.707107	0.853553	1  	0.146447
7  	244  	1        	1       	0.5	0.623352	0.746703	0.123352             	0.707107	0.853553	1  	0.146447
8  	217  	1        	1       	0.5	0.623352	0.746703	0.123352             	0.707107	0.853553	1  	0.146447
9  	234  	1        	1       	0.5	0.623352	0.746703	0.123352             	0.707107	0.853553	1  	0.146447
10 	259  	1        	1       	0.5	0.623352	0.746703	0.123352             	0.707107	0.853553	1  	0.146447
11 	251  	1        	1       	0.5	0.623352	0.746703	0.123352             	0.707107	0.853553	1  	0.146447
12 	234  	1        	1       	0.5	0.623352	0.746703	0.123352             	0.707107	0.853553	1  	0.146447
13 	265  	1        	1       	0.5	0.623352	0.746703	0.123352             	0.707107	0.853553	1  	0.146447
14 	242  	1        	1       	0.5	0.623352	0.746703	0.123352             	0.707107	0.853553	1  	0.146447
15 	237  	1        	1       	0.5	0.623352	0.746703	0.123352             	0.707107	0.853553	1  	0.146447
16 	254  	1        	1       	0.5	0.623352	0.746703	0.123352             	0.707107	0.853553	1  	0.146447
17 	242  	1        	1       	0.5	0.623352	0.746703	0.123352             	0.707107	0.853553	1  	0.146447
18 	255  	1        	1       	0.5	0.623352	0.746703	0.123352             	0.707107	0.853553	1  	0.146447
19 	245  	1        	1       	0.5	0.623352	0.746703	0.123352             	0.707107	0.853553	1  	0.146447
20 	253  	1        	1       	0.5	0.623352	0.746703	0.123352             	0.707107	0.853553	1  	0.146447
21 	258  	1        	1       	0.5	0.623352	0.746703	0.123352             	0.707107	0.853553	1  	0.146447
22 	233  	1        	1       	0.5	0.623352	0.746703	0.123352             	0.707107	0.853553	1  	0.146447
23 	269  	1        	1       	0.5	0.623352	0.746703	0.123352             	0.707107	0.853553	1  	0.146447
24 	241  	1        	1       	0.5	0.623352	0.746703	0.123352             	0.707107	0.853553	1  	0.146447
25 	240  	1        	1       	0.5	0.623352	0.746703	0.123352             	0.707107	0.853553	1  	0.146447
26 	248  	1        	1       	0.5	0.623352	0.746703	0.123352             	0.707107	0.853553	1  	0.146447
27 	233  	1        	1       	0.5	0.623352	0.746703	0.123352             	0.707107	0.853553	1  	0.146447
28 	255  	1        	1       	0.5	0.623352	0.746703	0.123352             	0.707107	0.853553	1  	0.146447
29 	262  	1        	1       	0.5	0.623352	0.746703	0.123352             	0.707107	0.853553	1  	0.146447
30 	247  	1        	1       	0.5	0.623352	0.746703	0.123352             	0.707107	0.853553	1  	0.146447
31 	251  	1        	1       	0.5	0.623352	0.746703	0.123352             	0.707107	0.853553	1  	0.146447
32 	244  	1        	1       	0.5	0.623352	0.746703	0.123352             	0.707107	0.853553	1  	0.146447
33 	230  	1        	1       	0.5	0.623352	0.746703	0.123352             	0.707107	0.853553	1  	0.146447
34 	252  	1        	1       	0.5	0.623352	0.746703	0.123352             	0.707107	0.853553	1  	0.146447
35 	239  	1        	1       	0.5	0.623352	0.746703	0.123352             	0.707107	0.853553	1  	0.146447
36 	260  	1        	1       	0.5	0.623352	0.746703	0.123352             	0.707107	0.853553	1  	0.146447
37 	237  	1        	1       	0.5	0.623352	0.746703	0.123352             	0.707107	0.853553	1  	0.146447
38 	259  	1        	1       	0.5	0.623352	0.746703	0.123352             	0.707107	0.853553	1  	0.146447
39 	240  	1        	1       	0.5	0.623352	0.746703	0.123352             	0.707107	0.853553	1  	0.146447
40 	257  	1        	1       	0.5	0.623352	0.746703	0.123352             	0.707107	0.853553	1  	0.146447
41 	269  	1        	1       	0.5	0.623352	0.746703	0.123352             	0.707107	0.853553	1  	0.146447
42 	253  	1        	1       	0.5	0.623352	0.746703	0.123352             	0.707107	0.853553	1  	0.146447
43 	240  	1        	1       	0.5	0.623352	0.746703	0.123352             	0.707107	0.853553	1  	0.146447
44 	242  	1        	1       	0.5	0.623352	0.746703	0.123352             	0.707107	0.853553	1  	0.146447
45 	246  	1        	1       	0.5	0.623352	0.746703	0.123352             	0.707107	0.853553	1  	0.146447
46 	242  	1        	1       	0.5	0.623352	0.746703	0.123352             	0.707107	0.853553	1  	0.146447
47 	244  	1        	1       	0.5	0.623352	0.746703	0.123352             	0.707107	0.853553	1  	0.146447
48 	246  	1        	1       	0.5	0.623352	0.746703	0.123352             	0.707107	0.853553	1  	0.146447
49 	249  	1        	1       	0.5	0.623352	0.746703	0.123352             	0.707107	0.853553	1  	0.146447

ASSIGNING STRATA FOR MULTI-OUTCOME DATA LGG_MV
Assigning strata for outcome named survival of type survival
Counts:
censored 0: 160
censored 1: 93
deceased 0: 39
deceased 1: 37
VIEW: LOG_MIRNA
   	     	         	        	   survival SKSurv Cox model concordance index   	                 root leanness                  
   	     	         	        	-------------------------------------------------	------------------------------------------------
gen	evals	gen_feats	explored	min	avg     	max     	std                  	min     	avg     	max	std     
0  	0    	75       	75      	0.5	0.778081	0.894691	0.12685              	0.229416	0.530155	1  	0.248415
1  	348  	175      	184     	0.5	0.814636	0.894691	0.074918             	0.229416	0.415445	1  	0.154459
2  	383  	208      	225     	0.5	0.835793	0.894691	0.050175             	0.223607	0.381677	1  	0.132941
3  	378  	216      	246     	0.5	0.839269	0.894691	0.0502616            	0.223607	0.381551	1  	0.133016
4  	380  	221      	251     	0.5	0.844056	0.894691	0.0466997            	0.223607	0.376883	1  	0.131568
5  	378  	212      	255     	0.5	0.846309	0.894691	0.0461524            	0.223607	0.375262	1  	0.131946
6  	368  	221      	255     	0.5	0.84661 	0.894691	0.0464608            	0.223607	0.378926	1  	0.13182 
7  	371  	211      	255     	0.5	0.847549	0.894691	0.0461305            	0.223607	0.379137	1  	0.132127
8  	375  	218      	255     	0.5	0.849565	0.894691	0.045279             	0.223607	0.375095	1  	0.132189
9  	388  	219      	255     	0.5	0.850216	0.894691	0.0452888            	0.223607	0.374439	1  	0.132649
10 	374  	212      	255     	0.5	0.850494	0.894691	0.0452274            	0.223607	0.376015	1  	0.131585
11 	386  	202      	255     	0.5	0.851003	0.894691	0.0451716            	0.223607	0.376252	1  	0.131371
12 	377  	201      	255     	0.5	0.851334	0.894691	0.0451598            	0.223607	0.376593	1  	0.131118
13 	389  	209      	255     	0.5	0.851769	0.894691	0.0452658            	0.223607	0.376316	1  	0.131333
14 	375  	209      	255     	0.5	0.852449	0.894691	0.044781             	0.223607	0.375195	1  	0.130783
15 	376  	209      	255     	0.5	0.852399	0.894691	0.0458727            	0.223607	0.375304	1  	0.131877
16 	347  	206      	255     	0.5	0.853046	0.894691	0.0458812            	0.223607	0.373544	1  	0.131935
17 	392  	213      	255     	0.5	0.853769	0.894691	0.0449488            	0.223607	0.372915	1  	0.131194
18 	367  	209      	255     	0.5	0.854201	0.894691	0.0450255            	0.223607	0.372305	1  	0.131454
19 	367  	197      	255     	0.5	0.854594	0.894691	0.0450663            	0.223607	0.371015	1  	0.131714
20 	393  	213      	255     	0.5	0.855491	0.894691	0.0445963            	0.223607	0.368086	1  	0.131607
21 	386  	212      	255     	0.5	0.856231	0.894691	0.044633             	0.213201	0.365477	1  	0.132071
22 	379  	207      	255     	0.5	0.856375	0.894691	0.0441876            	0.213201	0.366078	1  	0.131358
23 	373  	206      	255     	0.5	0.856306	0.894691	0.0447908            	0.213201	0.366279	1  	0.132175
24 	385  	211      	255     	0.5	0.85613 	0.894691	0.0447896            	0.213201	0.367869	1  	0.131756
25 	378  	201      	255     	0.5	0.85657 	0.894691	0.0447769            	0.213201	0.366551	1  	0.131853
26 	364  	216      	255     	0.5	0.856707	0.894691	0.0448755            	0.213201	0.36606 	1  	0.132208
27 	382  	199      	255     	0.5	0.856898	0.894691	0.0446213            	0.213201	0.366265	1  	0.131992
28 	373  	212      	255     	0.5	0.857697	0.894691	0.0441313            	0.213201	0.364167	1  	0.13146 
29 	362  	220      	255     	0.5	0.858274	0.894691	0.044158             	0.213201	0.362063	1  	0.131631
30 	381  	207      	255     	0.5	0.858405	0.894691	0.0443275            	0.213201	0.361921	1  	0.132074
31 	392  	210      	255     	0.5	0.859167	0.894691	0.0437654            	0.213201	0.360202	1  	0.1312  
32 	374  	201      	255     	0.5	0.859275	0.894691	0.0437959            	0.213201	0.360212	1  	0.131197
33 	383  	199      	255     	0.5	0.859403	0.894691	0.0438565            	0.213201	0.36034 	1  	0.131091
34 	376  	214      	255     	0.5	0.8596  	0.894691	0.0439166            	0.213201	0.360251	1  	0.131177
35 	390  	222      	255     	0.5	0.859731	0.894691	0.0439671            	0.213201	0.36018 	1  	0.131241
36 	388  	219      	255     	0.5	0.859908	0.894691	0.0440627            	0.213201	0.360029	1  	0.131379
37 	371  	202      	255     	0.5	0.859443	0.894691	0.0446923            	0.213201	0.361814	1  	0.132131
38 	391  	207      	255     	0.5	0.859705	0.894691	0.0447749            	0.218218	0.36135 	1  	0.132293
39 	374  	204      	255     	0.5	0.859459	0.894691	0.0448018            	0.218218	0.362884	1  	0.132315
40 	385  	209      	255     	0.5	0.859555	0.894872	0.0448247            	0.218218	0.363195	1  	0.132232
41 	392  	198      	255     	0.5	0.860708	0.894872	0.0441809            	0.218218	0.359998	1  	0.131387
42 	368  	204      	255     	0.5	0.860814	0.894872	0.0442346            	0.218218	0.359873	1  	0.13148 
43 	389  	195      	255     	0.5	0.860932	0.894872	0.0442482            	0.218218	0.359848	1  	0.131506
44 	388  	198      	255     	0.5	0.86122 	0.895129	0.0443224            	0.213201	0.358836	1  	0.131807
45 	383  	214      	255     	0.5	0.861759	0.895129	0.0438317            	0.213201	0.357701	1  	0.131148
46 	377  	200      	255     	0.5	0.862387	0.895129	0.0439075            	0.213201	0.355405	1  	0.131499
47 	355  	204      	255     	0.5	0.862524	0.895129	0.0439808            	0.213201	0.35519 	1  	0.131679
48 	382  	214      	255     	0.5	0.863078	0.898088	0.0441273            	0.213201	0.353226	1  	0.132331
49 	376  	209      	255     	0.5	0.863841	0.898088	0.0435358            	0.213201	0.350932	1  	0.131553

ASSIGNING STRATA FOR MULTI-OUTCOME DATA LGG_MV
Assigning strata for outcome named survival of type survival
Counts:
censored 0: 160
censored 1: 93
deceased 0: 39
deceased 1: 37
VIEW: LOG_MRNA
   	     	         	        	   survival SKSurv Cox model concordance index   	                 root leanness                  
   	     	         	        	-------------------------------------------------	------------------------------------------------
gen	evals	gen_feats	explored	min	avg     	max     	std                  	min     	avg     	max	std     
0  	0    	83       	83      	0.5	0.878391	0.904609	0.0379781            	0.25    	0.411479	1  	0.11837 
1  	367  	290      	303     	0.5	0.855211	0.904609	0.0506117            	0.229416	0.408352	1  	0.116728
2  	387  	391      	512     	0.5	0.856057	0.904609	0.0520191            	0.229416	0.413445	1  	0.114435
3  	363  	433      	740     	0.5	0.85658 	0.904609	0.0556117            	0.229416	0.419915	1  	0.124538
4  	383  	433      	964     	0.5	0.855875	0.904609	0.0609578            	0.229416	0.424409	1  	0.128587
5  	399  	477      	1193    	0.5	0.85777 	0.904609	0.0586075            	0.229416	0.420306	1  	0.131447
6  	377  	433      	1396    	0.5	0.859719	0.904609	0.0550349            	0.229416	0.420986	1  	0.130783
7  	383  	452      	1614    	0.5	0.86222 	0.904609	0.0516994            	0.229416	0.415448	1  	0.131219
8  	379  	454      	1822    	0.5	0.863114	0.904609	0.0512791            	0.229416	0.415031	1  	0.131305
9  	358  	427      	1997    	0.5	0.865119	0.904609	0.0487593            	0.229416	0.409765	1  	0.131027
10 	385  	455      	2192    	0.5	0.865868	0.904609	0.0483163            	0.229416	0.409963	1  	0.130777
11 	378  	434      	2369    	0.5	0.8663  	0.904609	0.0484612            	0.229416	0.41047 	1  	0.13028 
12 	371  	441      	2549    	0.5	0.866323	0.904609	0.0488846            	0.229416	0.411987	1  	0.130617
13 	369  	461      	2755    	0.5	0.866247	0.904609	0.0487934            	0.242536	0.415328	1  	0.130602
14 	380  	420      	2931    	0.5	0.867352	0.904609	0.0476028            	0.242536	0.413686	1  	0.12988 
15 	366  	403      	3084    	0.5	0.867945	0.904609	0.047117             	0.242536	0.412529	1  	0.130614
16 	384  	443      	3244    	0.5	0.868407	0.904609	0.0467619            	0.242536	0.412396	1  	0.130724
17 	380  	433      	3414    	0.5	0.869858	0.904609	0.0455181            	0.242536	0.407746	1  	0.129981
18 	370  	426      	3566    	0.5	0.869595	0.904609	0.0461042            	0.242536	0.410376	1  	0.130161
19 	372  	460      	3734    	0.5	0.869969	0.904609	0.0458974            	0.242536	0.410106	1  	0.130201
20 	377  	476      	3904    	0.5	0.871088	0.904609	0.0449646            	0.242536	0.407416	1  	0.130353
21 	359  	405      	4030    	0.5	0.871389	0.904609	0.0450942            	0.242536	0.406894	1  	0.130856
22 	393  	478      	4171    	0.5	0.872376	0.904609	0.044422             	0.242536	0.403619	1  	0.131073
23 	368  	419      	4288    	0.5	0.872784	0.904609	0.0443653            	0.242536	0.403748	1  	0.130844
24 	375  	423      	4399    	0.5	0.873866	0.907355	0.0435018            	0.242536	0.401544	1  	0.130162
25 	380  	461      	4508    	0.5	0.874159	0.910601	0.0436293            	0.223607	0.401302	1  	0.130405
26 	361  	447      	4638    	0.5	0.874513	0.910601	0.0437901            	0.223607	0.401736	1  	0.130035
27 	372  	445      	4753    	0.5	0.874964	0.910601	0.0434367            	0.223607	0.401466	1  	0.130309
28 	382  	443      	4876    	0.5	0.875972	0.910601	0.0429166            	0.223607	0.398092	1  	0.130514
29 	379  	456      	5001    	0.5	0.87589 	0.910601	0.0440291            	0.223607	0.398962	1  	0.131113
30 	375  	469      	5121    	0.5	0.876673	0.910601	0.0431515            	0.223607	0.398084	1  	0.130517
31 	389  	450      	5239    	0.5	0.876608	0.910601	0.0435084            	0.223607	0.400492	1  	0.130928
32 	362  	434      	5338    	0.5	0.877576	0.910601	0.0430139            	0.218218	0.39806 	1  	0.130532
33 	394  	469      	5432    	0.5	0.878313	0.910834	0.0428431            	0.218218	0.396587	1  	0.131013
34 	372  	479      	5530    	0.5	0.879134	0.910834	0.0423565            	0.218218	0.394651	1  	0.130781
35 	369  	439      	5621    	0.5	0.880245	0.910834	0.0419434            	0.218218	0.390729	1  	0.131336
36 	396  	457      	5713    	0.5	0.880114	0.910834	0.0426412            	0.218218	0.392146	1  	0.132192
37 	364  	436      	5812    	0.5	0.88102 	0.910834	0.0421655            	0.223607	0.389137	1  	0.132075
38 	374  	438      	5887    	0.5	0.881288	0.910867	0.0422276            	0.223607	0.388613	1  	0.132026
39 	393  	465      	5974    	0.5	0.881272	0.910867	0.0423112            	0.208514	0.390028	1  	0.132069
40 	366  	417      	6057    	0.5	0.882251	0.910867	0.0418305            	0.208514	0.385796	1  	0.132566
41 	384  	457      	6146    	0.5	0.883176	0.910867	0.0411878            	0.208514	0.383089	1  	0.131975
42 	369  	461      	6221    	0.5	0.883494	0.919018	0.0412465            	0.208514	0.383216	1  	0.131901
43 	377  	426      	6298    	0.5	0.883896	0.919018	0.0408945            	0.208514	0.382846	1  	0.132156
44 	358  	420      	6372    	0.5	0.88476 	0.91964 	0.0403706            	0.208514	0.380194	1  	0.131586
45 	375  	432      	6444    	0.5	0.885092	0.91964 	0.0404992            	0.208514	0.379834	1  	0.131639
46 	363  	404      	6506    	0.5	0.885335	0.923418	0.0406141            	0.208514	0.37942 	1  	0.132027
47 	345  	407      	6573    	0.5	0.885888	0.923418	0.0406265            	0.204124	0.376614	1  	0.132702
48 	366  	444      	6640    	0.5	0.885733	0.923418	0.0407284            	0.204124	0.379017	1  	0.13235 
49 	397  	468      	6716    	0.5	0.886422	0.923418	0.0408926            	0.204124	0.376362	1  	0.13289 

STARTING MASTER RUNNER RESAMPLING
Generations completed = 6
Generations completed = 16
Generations completed = 26
Generations completed = 36
Generations completed = 46
MASTER
   	     	         	        	       survival SKSurv Cox model concordance index       	                      root leanness                      
   	     	         	        	---------------------------------------------------------	---------------------------------------------------------
gen	evals	gen_feats	explored	min     	avg     	max     	std             	min     	avg     	max     	std      
0  	500  	373      	373     	0.448927	0.855815	0.924758	0.083442        	0.158114	0.243067	0.57735 	0.0589184
1  	403  	334      	403     	0.782781	0.895753	0.924758	0.0181386       	0.182574	0.271116	0.57735 	0.0630557
2  	390  	325      	424     	0.766851	0.896625	0.924758	0.0216569       	0.182574	0.28472 	0.57735 	0.0720561
3  	396  	324      	434     	0.766851	0.897438	0.924758	0.0231266       	0.182574	0.292799	0.57735 	0.0795678
4  	406  	322      	442     	0.766851	0.897051	0.924758	0.0243772       	0.182574	0.301746	0.57735 	0.0841712
5  	399  	321      	451     	0.766851	0.897561	0.924758	0.0253174       	0.182574	0.306664	0.57735 	0.0898174
6  	394  	310      	458     	0.766851	0.896184	0.924758	0.0273424       	0.182574	0.317146	0.57735 	0.0937693
7  	402  	319      	461     	0.766851	0.897941	0.924758	0.0252611       	0.182574	0.31683 	0.57735 	0.0938295
8  	384  	303      	464     	0.712505	0.897721	0.925944	0.0278541       	0.182574	0.320256	0.707107	0.0980103
9  	383  	303      	465     	0.712505	0.898937	0.925944	0.0282069       	0.182574	0.317106	0.707107	0.0991764
10 	387  	296      	465     	0.5     	0.898193	0.928311	0.0341753       	0.182574	0.32002 	1       	0.105757 
11 	406  	300      	465     	0.5     	0.898407	0.928311	0.03477         	0.182574	0.320123	1       	0.107455 
12 	393  	313      	468     	0.5     	0.897345	0.928311	0.0367826       	0.182574	0.325333	1       	0.11101  
13 	406  	312      	468     	0.5     	0.897776	0.928311	0.0367778       	0.182574	0.326302	1       	0.111268 
14 	400  	290      	468     	0.5     	0.898282	0.928311	0.0367473       	0.182574	0.326573	1       	0.111109 
15 	397  	299      	469     	0.5     	0.898099	0.928311	0.0372465       	0.182574	0.32823 	1       	0.113813 
16 	391  	274      	469     	0.5     	0.898505	0.928311	0.0370807       	0.182574	0.328174	1       	0.113816 
17 	409  	300      	469     	0.5     	0.8994  	0.928311	0.0366263       	0.182574	0.325782	1       	0.113599 
18 	382  	285      	469     	0.5     	0.899814	0.928311	0.0363835       	0.182574	0.325896	1       	0.112899 
19 	402  	302      	469     	0.5     	0.900321	0.929023	0.0360593       	0.182574	0.32534 	1       	0.11322  
20 	397  	293      	469     	0.5     	0.900743	0.929023	0.0358887       	0.182574	0.324744	1       	0.113271 
21 	409  	307      	469     	0.5     	0.901114	0.929023	0.0356671       	0.182574	0.324362	1       	0.113399 
22 	392  	291      	469     	0.5     	0.901824	0.929908	0.0353632       	0.182574	0.322447	1       	0.112811 
23 	392  	285      	469     	0.5     	0.901021	0.930016	0.036637        	0.185695	0.326948	1       	0.11541  
24 	416  	308      	469     	0.5     	0.902254	0.930016	0.0353906       	0.185695	0.325146	1       	0.114618 
25 	372  	282      	469     	0.5     	0.901765	0.930016	0.0358529       	0.185695	0.328388	1       	0.116164 
26 	396  	309      	469     	0.5     	0.902242	0.930016	0.0355123       	0.185695	0.327881	1       	0.116124 
27 	397  	302      	469     	0.5     	0.902514	0.930016	0.035801        	0.185695	0.327473	1       	0.116554 
28 	410  	311      	469     	0.5     	0.902597	0.930016	0.0358324       	0.185695	0.328207	1       	0.117792 
29 	384  	291      	469     	0.5     	0.90244 	0.930016	0.0356798       	0.185695	0.330774	1       	0.118391 
30 	394  	287      	469     	0.5     	0.902337	0.930016	0.0359412       	0.185695	0.332015	1       	0.119264 
31 	399  	313      	469     	0.5     	0.902271	0.930016	0.0361659       	0.185695	0.333343	1       	0.120057 
32 	376  	299      	469     	0.5     	0.90184 	0.930016	0.0370742       	0.185695	0.334718	1       	0.122631 
33 	405  	310      	469     	0.5     	0.901197	0.930016	0.0381003       	0.185695	0.337648	1       	0.12561  
34 	390  	286      	469     	0.5     	0.900872	0.930016	0.0387726       	0.185695	0.339062	1       	0.127884 
35 	389  	276      	469     	0.5     	0.901019	0.930016	0.0386283       	0.185695	0.339034	1       	0.127906 
36 	381  	311      	469     	0.5     	0.900627	0.930016	0.039611        	0.185695	0.340672	1       	0.129724 
37 	401  	300      	469     	0.5     	0.900519	0.930016	0.0396232       	0.185695	0.342453	1       	0.130304 
38 	397  	297      	469     	0.5     	0.900683	0.930016	0.0396317       	0.185695	0.341735	1       	0.130719 
39 	393  	282      	469     	0.5     	0.900716	0.930016	0.0399475       	0.185695	0.341318	1       	0.131686 
40 	388  	290      	469     	0.5     	0.900201	0.930698	0.0417364       	0.176777	0.342265	1       	0.133191 
41 	389  	288      	469     	0.5     	0.900278	0.930698	0.0417409       	0.176777	0.342233	1       	0.133253 
42 	391  	302      	469     	0.5     	0.900387	0.930698	0.041716        	0.176777	0.341772	1       	0.133562 
43 	388  	287      	469     	0.5     	0.900438	0.930698	0.0417141       	0.176777	0.341725	1       	0.133613 
44 	398  	281      	469     	0.5     	0.90021 	0.930698	0.0425584       	0.176777	0.341717	1       	0.134817 
45 	388  	279      	469     	0.5     	0.900473	0.930698	0.0416003       	0.176777	0.341939	1       	0.13487  
46 	393  	285      	469     	0.5     	0.901174	0.930698	0.040394        	0.176777	0.340033	1       	0.134031 
47 	402  	294      	469     	0.5     	0.901657	0.930698	0.0398102       	0.176777	0.338797	1       	0.133596 
48 	387  	301      	469     	0.5     	0.901786	0.930698	0.0394322       	0.176777	0.338992	1       	0.133408 
49 	383  	302      	469     	0.5     	0.901706	0.930698	0.0394347       	0.176777	0.339727	1       	0.133596 

CURRENT HALLS OF FAME

PARETO FRONT
Number of solutions = 16
(0.9306984163422323, 0.2041241452319315) 23 features: [0_age_at_initial_pathologic_diagnosis, 1_hsa.miR.10b.5p, 1_hsa.miR.15b.5p, 1_hsa.miR.3131, 1_hsa.miR.3157.3p, 1_hsa.miR.346, 1_hsa.miR.98.5p, 1_hsa.miR.520e, 2_C1orf53.388722, 2_CAPRIN2.65981, 2_CASC2.255082, 2_F3.2152, 2_ISL2.64843, 2_KLHL9.55958, 2_MAB21L1.4081, 2_MUCL1.118430, 2_PCCA.5095, 2_STAP1.26228, 2_SULF2.55959, 2_TRIM21.6737, 2_UPF3A.65110, 2_WEE1.7465, 2_ZNF630.57232]
(0.9304084504430326, 0.22941573387056177) 18 features: [0_age_at_initial_pathologic_diagnosis, 1_hsa.miR.10b.5p, 1_hsa.miR.15b.5p, 1_hsa.miR.3131, 1_hsa.miR.3157.3p, 1_hsa.miR.346, 1_hsa.miR.6715a.3p, 1_hsa.miR.98.5p, 1_hsa.miR.520e, 2_C1orf53.388722, 2_CUTC.51076, 2_MUCL1.118430, 2_PSMC6.5706, 2_SULF2.55959, 2_TFPI.7035, 2_UPF3A.65110, 2_WEE1.7465, 2_ZNF630.57232]
(0.9300164007969977, 0.23570226039551584) 17 features: [0_age_at_initial_pathologic_diagnosis, 1_hsa.miR.10b.5p, 1_hsa.miR.15b.5p, 1_hsa.miR.3131, 1_hsa.miR.3157.3p, 1_hsa.miR.346, 1_hsa.miR.6715a.3p, 1_hsa.miR.98.5p, 1_hsa.miR.520e, 2_AP4M1.9179, 2_C1orf53.388722, 2_ISL2.64843, 2_LOC284276.284276, 2_MUCL1.118430, 2_SULF2.55959, 2_WEE1.7465, 2_ZNF630.57232]
(0.9273075529475373, 0.25) 15 features: [0_age_at_initial_pathologic_diagnosis, 1_hsa.miR.10b.5p, 1_hsa.miR.15b.5p, 1_hsa.miR.3131, 1_hsa.miR.3157.3p, 1_hsa.miR.346, 1_hsa.miR.98.5p, 1_hsa.miR.520e, 2_MUCL1.118430, 2_RAB6C.84084, 2_SULF2.55959, 2_TFPI.7035, 2_UPF3A.65110, 2_WEE1.7465, 2_ZNF630.57232]
(0.9240959938827494, 0.2773500981126146) 12 features: [0_age_at_initial_pathologic_diagnosis, 1_hsa.miR.320b, 2_BCMO1.53630, 2_C1orf53.388722, 2_HAR1A.768096, 2_ISL2.64843, 2_KLHL9.55958, 2_MUCL1.118430, 2_SULF2.55959, 2_UPF3A.65110, 2_WEE1.7465, 2_ZNF630.57232]
(0.9221808207290295, 0.30151134457776363) 10 features: [0_age_at_initial_pathologic_diagnosis, 1_hsa.miR.10b.5p, 2_AP4M1.9179, 2_C1orf53.388722, 2_ISL2.64843, 2_LOC284276.284276, 2_MUCL1.118430, 2_SULF2.55959, 2_WEE1.7465, 2_ZNF630.57232]
(0.9181515305842112, 0.31622776601683794) 9 features: [0_age_at_initial_pathologic_diagnosis, 1_hsa.miR.10b.5p, 2_C1orf53.388722, 2_ISL2.64843, 2_MUCL1.118430, 2_SULF2.55959, 2_WEE1.7465, 2_WWTR1.25937, 2_ZNF630.57232]
(0.914631406349162, 0.3333333333333333) 8 features: [0_age_at_initial_pathologic_diagnosis, 1_hsa.let.7i.5p, 2_AP4M1.9179, 2_ISL2.64843, 2_MUCL1.118430, 2_SULF2.55959, 2_WEE1.7465, 2_ZNF630.57232]
(0.9125472264262721, 0.3535533905932738) 7 features: [0_age_at_initial_pathologic_diagnosis, 2_AP4M1.9179, 2_ISL2.64843, 2_MUCL1.118430, 2_SULF2.55959, 2_WEE1.7465, 2_ZNF630.57232]
(0.9070632445516899, 0.3779644730092272) 6 features: [0_age_at_initial_pathologic_diagnosis, 2_HOXD4.3233, 2_MUCL1.118430, 2_SULF2.55959, 2_UPF3A.65110, 2_WEE1.7465]
(0.8967002239112313, 0.408248290463863) 5 features: [1_hsa.miR.10b.5p, 2_CCDC46.201134, 2_MUCL1.118430, 2_UPF3A.65110, 2_WEE1.7465]
(0.8937534286335967, 0.4472135954999579) 4 features: [0_age_at_initial_pathologic_diagnosis, 2_GPR1.2825, 2_RGPD3.653489, 2_WEE1.7465]
(0.8865012416268437, 0.5) [0_age_at_initial_pathologic_diagnosis, 2_SMS.6611, 2_WEE1.7465]
(0.8708837568640625, 0.5773502691896257) [2_TMPRSS3.64699, 2_WEE1.7465]
(0.8364240427726957, 0.7071067811865476) [2_WEE1.7465]
(0.5, 1.0) []
Features in hall of fame by prevalence:
41 features: [2_WEE1.7465, 0_age_at_initial_pathologic_diagnosis, 2_MUCL1.118430, 2_SULF2.55959, 2_ZNF630.57232, 1_hsa.miR.10b.5p, 2_ISL2.64843, 2_C1orf53.388722, 2_UPF3A.65110, 1_hsa.miR.15b.5p, 1_hsa.miR.3131, 1_hsa.miR.3157.3p, 1_hsa.miR.346, 1_hsa.miR.98.5p, 1_hsa.miR.520e, 2_AP4M1.9179, 1_hsa.miR.6715a.3p, 2_KLHL9.55958, 2_LOC284276.284276, 2_TFPI.7035, 1_hsa.let.7i.5p, 1_hsa.miR.320b, 2_BCMO1.53630, 2_CAPRIN2.65981, 2_CASC2.255082, 2_CCDC46.201134, 2_CUTC.51076, 2_F3.2152, 2_GPR1.2825, 2_HAR1A.768096, 2_HOXD4.3233, 2_MAB21L1.4081, 2_PCCA.5095, 2_PSMC6.5706, 2_RAB6C.84084, 2_RGPD3.653489, 2_SMS.6611, 2_STAP1.26228, 2_TMPRSS3.64699, 2_TRIM21.6737, 2_WWTR1.25937]

LAST POPULATION
Number of solutions = 500
Features in hall of fame by prevalence:
194 features: [2_WEE1.7465, 0_age_at_initial_pathologic_diagnosis, 2_SULF2.55959, 2_MUCL1.118430, 2_ZNF630.57232, 2_UPF3A.65110, 2_ISL2.64843, 2_C1orf53.388722, 1_hsa.miR.10b.5p, 1_hsa.miR.15b.5p, 1_hsa.miR.346, 1_hsa.miR.3157.3p, 2_AP4M1.9179, 2_KLHL9.55958, 1_hsa.miR.3131, 2_LOC284276.284276, 1_hsa.miR.23b.5p, 2_RNF19A.25897, 1_hsa.miR.520e, 2_TFPI.7035, 1_hsa.miR.550a.3p, 1_hsa.miR.10b.3p, 1_hsa.miR.98.5p, 2_CUTC.51076, 1_hsa.miR.550a.5p, 2_STAP1.26228, 1_hsa.miR.3074.5p, 2_RAB6C.84084, 2_TP53AIP1.63970, 2_KLK11.11012, 2_MAB21L1.4081, 1_hsa.let.7e.5p, 1_hsa.let.7f.5p, 1_hsa.miR.519e.3p, 1_hsa.let.7i.5p, 1_hsa.miR.320b, 2_CAPRIN2.65981, 1_hsa.miR.31.3p, 2_F3.2152, 2_SEPT7.989, 1_hsa.miR.424.5p, 1_hsa.miR.149.5p, 1_hsa.miR.222.5p, 1_hsa.miR.455.5p, 2_LAX1.54900, 2_ZBTB38.253461, 1_hsa.miR.1228.3p, 1_hsa.miR.125a.5p, 1_hsa.miR.6715a.3p, 2_C2orf34.79823, 2_PCCA.5095, 2_SMS.6611, 1_hsa.miR.25.3p, 2_CNIH4.29097, 2_MRPL44.65080, 2_SUSD2.56241, 1_hsa.miR.335.3p, 2_BCMO1.53630, 2_CASC2.255082, 2_TRIM21.6737, 1_hsa.miR.3154, 1_hsa.miR.513a.3p, 2_ZNF648.127665, 1_hsa.miR.204.3p, 2_LIMS2.55679, 2_PARK2.5071, 2_SFRS5.6430, 2_PORCN.64840, 2_UBA1.7317, 2_WWTR1.25937, 1_hsa.miR.4758.3p, 2_CCDC46.201134, 2_RHBDL3.162494, 1_hsa.miR.148a.5p, 1_hsa.miR.216b.5p, 1_hsa.miR.767.5p, 2_C1orf175.374977, 1_hsa.let.7a.5p, 1_hsa.miR.186.5p, 2_GPR1.2825, 1_hsa.miR.215.5p, 1_hsa.miR.423.3p, 1_hsa.miR.92b.5p, 2_CRTAC1.55118, 2_PRPS2.5634, 2_RGPD3.653489, 2_SYT3.84258, 2_TMPRSS3.64699, 2_TRIB1.10221, 1_hsa.miR.452.5p, 1_hsa.miR.501.3p, 2_C9orf64.84267, 2_GJB2.2706, 2_HOXD4.3233, 2_IQCB1.9657, 2_LATS2.26524, 2_RAD18.56852, 2_SLC4A3.6508, 2_SNAP23.8773, 1_hsa.miR.200c.3p, ...]

BEST SUMS WITH SIZE 50
Number of solutions = 50
Features in hall of fame by prevalence:
41 features: [2_WEE1.7465, 0_age_at_initial_pathologic_diagnosis, 2_CRTAC1.55118, 2_IGFBP2.3485, 2_LATS2.26524, 2_PTGFRN.5738, 2_SMC4.10051, 2_SMS.6611, 2_SULF2.55959, 1_hsa.miR.10b.3p, 1_hsa.miR.10b.5p, 1_hsa.miR.335.3p, 1_hsa.miR.9.5p, 2_ARNTL2.56938, 2_AURKA.6790, 2_BIRC3.330, 2_CCDC18.343099, 2_CLSPN.63967, 2_CUTC.51076, 2_DNAH11.8701, 2_DNAJB12.54788, 2_DNMT3A.1788, 2_FAM35B2.439965, 2_GPR1.2825, 2_ISL2.64843, 2_KIF4A.24137, 2_LOC254559.254559, 2_MUCL1.118430, 2_MXI1.4601, 2_NKIRAS2.28511, 2_PARVB.29780, 2_RAD18.56852, 2_SLC13A4.26266, 2_SLC4A3.6508, 2_SLITRK5.26050, 2_TACC3.10460, 2_TMPRSS3.64699, 2_TTC26.79989, 2_UPF3A.65110, 2_ZBTB38.253461, 2_ZNF648.127665]

BEST SUMS WITH SIZE 100
Number of solutions = 100
Features in hall of fame by prevalence:
66 features: [2_WEE1.7465, 0_age_at_initial_pathologic_diagnosis, 1_hsa.miR.10b.3p, 2_SMC4.10051, 2_IGFBP2.3485, 2_LATS2.26524, 1_hsa.miR.10b.5p, 2_CRTAC1.55118, 2_DNAJB12.54788, 2_SMS.6611, 1_hsa.let.7i.5p, 1_hsa.miR.196b.5p, 1_hsa.miR.335.3p, 1_hsa.miR.6509.5p, 1_hsa.miR.9.5p, 2_CCDC46.201134, 2_CLSPN.63967, 2_CUTC.51076, 2_GPR1.2825, 2_ISL2.64843, 2_KIF4A.24137, 2_PTGFRN.5738, 2_RAD18.56852, 2_SLITRK5.26050, 2_SULF2.55959, 2_ZNF648.127665, 1_hsa.miR.146b.3p, 1_hsa.miR.146b.5p, 1_hsa.miR.6806.3p, 1_hsa.miR.6892.5p, 2_ARNTL2.56938, 2_AURKA.6790, 2_BIRC3.330, 2_C18orf10.25941, 2_CCDC18.343099, 2_CXorf40A.91966, 2_DNAH11.8701, 2_DNMT3A.1788, 2_FAM35B2.439965, 2_HS6ST1.9394, 2_KNTC1.9735, 2_LNPEP.4012, 2_LOC254559.254559, 2_MAP2K5.5607, 2_MUCL1.118430, 2_MXI1.4601, 2_NKIRAS2.28511, 2_PARVB.29780, 2_PHYHIPL.84457, 2_PRPSAP2.5636, 2_RAB27A.5873, 2_RALGAPA2.57186, 2_RASGEF1C.255426, 2_RCAN3.11123, 2_RDH12.145226, 2_SCGB1D2.10647, 2_SLC13A4.26266, 2_SLC4A3.6508, 2_STAP1.26228, 2_TACC3.10460, 2_TMPRSS3.64699, 2_TTC26.79989, 2_UPF3A.65110, 2_VAV3.10451, 2_ZBTB38.253461, 2_ZNF630.57232]

STARTING SWEEP NUMBER 3
folds_creator_seed = 225830605

ASSIGNING STRATA FOR MULTI-OUTCOME DATA LGG_MV
Assigning strata for outcome named survival of type survival
Counts:
censored 0: 160
censored 1: 93
deceased 0: 39
deceased 1: 37
ga_runner_seed = 3227301470
VIEW: CLINIC
   	     	         	        	   survival SKSurv Cox model concordance index   	                 root leanness                  
   	     	         	        	-------------------------------------------------	------------------------------------------------
gen	evals	gen_feats	explored	min	avg     	max     	std                  	min     	avg     	max	std     
0  	0    	1        	1       	0.5	0.707724	0.746703	0.0899828            	0.707107	0.753384	1  	0.10683 
1  	268  	1        	1       	0.5	0.623352	0.746703	0.123352             	0.707107	0.853553	1  	0.146447
2  	228  	1        	1       	0.5	0.623352	0.746703	0.123352             	0.707107	0.853553	1  	0.146447
3  	246  	1        	1       	0.5	0.623352	0.746703	0.123352             	0.707107	0.853553	1  	0.146447
4  	246  	1        	1       	0.5	0.623352	0.746703	0.123352             	0.707107	0.853553	1  	0.146447
5  	242  	1        	1       	0.5	0.623352	0.746703	0.123352             	0.707107	0.853553	1  	0.146447
6  	255  	1        	1       	0.5	0.623352	0.746703	0.123352             	0.707107	0.853553	1  	0.146447
7  	260  	1        	1       	0.5	0.623352	0.746703	0.123352             	0.707107	0.853553	1  	0.146447
8  	249  	1        	1       	0.5	0.623352	0.746703	0.123352             	0.707107	0.853553	1  	0.146447
9  	255  	1        	1       	0.5	0.623352	0.746703	0.123352             	0.707107	0.853553	1  	0.146447
10 	250  	1        	1       	0.5	0.623352	0.746703	0.123352             	0.707107	0.853553	1  	0.146447
11 	259  	1        	1       	0.5	0.623352	0.746703	0.123352             	0.707107	0.853553	1  	0.146447
12 	247  	1        	1       	0.5	0.623352	0.746703	0.123352             	0.707107	0.853553	1  	0.146447
13 	231  	1        	1       	0.5	0.623352	0.746703	0.123352             	0.707107	0.853553	1  	0.146447
14 	269  	1        	1       	0.5	0.623352	0.746703	0.123352             	0.707107	0.853553	1  	0.146447
15 	248  	1        	1       	0.5	0.623352	0.746703	0.123352             	0.707107	0.853553	1  	0.146447
16 	255  	1        	1       	0.5	0.623352	0.746703	0.123352             	0.707107	0.853553	1  	0.146447
17 	261  	1        	1       	0.5	0.623352	0.746703	0.123352             	0.707107	0.853553	1  	0.146447
18 	239  	1        	1       	0.5	0.623352	0.746703	0.123352             	0.707107	0.853553	1  	0.146447
19 	241  	1        	1       	0.5	0.623352	0.746703	0.123352             	0.707107	0.853553	1  	0.146447
20 	246  	1        	1       	0.5	0.623352	0.746703	0.123352             	0.707107	0.853553	1  	0.146447
21 	254  	1        	1       	0.5	0.623352	0.746703	0.123352             	0.707107	0.853553	1  	0.146447
22 	239  	1        	1       	0.5	0.623352	0.746703	0.123352             	0.707107	0.853553	1  	0.146447
23 	253  	1        	1       	0.5	0.623352	0.746703	0.123352             	0.707107	0.853553	1  	0.146447
24 	253  	1        	1       	0.5	0.623352	0.746703	0.123352             	0.707107	0.853553	1  	0.146447
25 	258  	1        	1       	0.5	0.623352	0.746703	0.123352             	0.707107	0.853553	1  	0.146447
26 	220  	1        	1       	0.5	0.623352	0.746703	0.123352             	0.707107	0.853553	1  	0.146447
27 	226  	1        	1       	0.5	0.623352	0.746703	0.123352             	0.707107	0.853553	1  	0.146447
28 	265  	1        	1       	0.5	0.623352	0.746703	0.123352             	0.707107	0.853553	1  	0.146447
29 	254  	1        	1       	0.5	0.623352	0.746703	0.123352             	0.707107	0.853553	1  	0.146447
30 	248  	1        	1       	0.5	0.623352	0.746703	0.123352             	0.707107	0.853553	1  	0.146447
31 	253  	1        	1       	0.5	0.623352	0.746703	0.123352             	0.707107	0.853553	1  	0.146447
32 	272  	1        	1       	0.5	0.623352	0.746703	0.123352             	0.707107	0.853553	1  	0.146447
33 	246  	1        	1       	0.5	0.623352	0.746703	0.123352             	0.707107	0.853553	1  	0.146447
34 	236  	1        	1       	0.5	0.623352	0.746703	0.123352             	0.707107	0.853553	1  	0.146447
35 	252  	1        	1       	0.5	0.623352	0.746703	0.123352             	0.707107	0.853553	1  	0.146447
36 	241  	1        	1       	0.5	0.623352	0.746703	0.123352             	0.707107	0.853553	1  	0.146447
37 	273  	1        	1       	0.5	0.623352	0.746703	0.123352             	0.707107	0.853553	1  	0.146447
38 	257  	1        	1       	0.5	0.623352	0.746703	0.123352             	0.707107	0.853553	1  	0.146447
39 	248  	1        	1       	0.5	0.623352	0.746703	0.123352             	0.707107	0.853553	1  	0.146447
40 	242  	1        	1       	0.5	0.623352	0.746703	0.123352             	0.707107	0.853553	1  	0.146447
41 	233  	1        	1       	0.5	0.623352	0.746703	0.123352             	0.707107	0.853553	1  	0.146447
42 	265  	1        	1       	0.5	0.623352	0.746703	0.123352             	0.707107	0.853553	1  	0.146447
43 	249  	1        	1       	0.5	0.623352	0.746703	0.123352             	0.707107	0.853553	1  	0.146447
44 	260  	1        	1       	0.5	0.623352	0.746703	0.123352             	0.707107	0.853553	1  	0.146447
45 	264  	1        	1       	0.5	0.623352	0.746703	0.123352             	0.707107	0.853553	1  	0.146447
46 	252  	1        	1       	0.5	0.623352	0.746703	0.123352             	0.707107	0.853553	1  	0.146447
47 	258  	1        	1       	0.5	0.623352	0.746703	0.123352             	0.707107	0.853553	1  	0.146447
48 	267  	1        	1       	0.5	0.623352	0.746703	0.123352             	0.707107	0.853553	1  	0.146447
49 	242  	1        	1       	0.5	0.623352	0.746703	0.123352             	0.707107	0.853553	1  	0.146447

ASSIGNING STRATA FOR MULTI-OUTCOME DATA LGG_MV
Assigning strata for outcome named survival of type survival
Counts:
censored 0: 160
censored 1: 93
deceased 0: 39
deceased 1: 37
VIEW: LOG_MIRNA
   	     	         	        	   survival SKSurv Cox model concordance index   	                 root leanness                  
   	     	         	        	-------------------------------------------------	------------------------------------------------
gen	evals	gen_feats	explored	min	avg     	max     	std                  	min     	avg     	max	std     
0  	0    	74       	74      	0.5	0.717199	0.891908	0.149318             	0.229416	0.654528	1  	0.261665
1  	331  	187      	193     	0.5	0.783739	0.891908	0.0898384            	0.229416	0.475455	1  	0.156849
2  	369  	214      	236     	0.5	0.808723	0.891908	0.0616643            	0.223607	0.43427 	1  	0.136083
3  	383  	223      	248     	0.5	0.826032	0.891908	0.0527845            	0.223607	0.41057 	1  	0.134847
4  	375  	220      	254     	0.5	0.832675	0.891908	0.0496679            	0.223607	0.4005  	1  	0.134286
5  	382  	223      	254     	0.5	0.835791	0.891908	0.048979             	0.223607	0.398027	1  	0.133686
6  	373  	214      	255     	0.5	0.83798 	0.891908	0.0485081            	0.223607	0.39558 	1  	0.133018
7  	363  	216      	255     	0.5	0.839227	0.891908	0.0483755            	0.204124	0.395668	1  	0.133039
8  	390  	222      	255     	0.5	0.841548	0.891908	0.0477884            	0.204124	0.391323	1  	0.133862
9  	377  	210      	255     	0.5	0.843447	0.891908	0.0468954            	0.204124	0.387578	1  	0.134035
10 	385  	212      	255     	0.5	0.846098	0.891908	0.0455441            	0.204124	0.380911	1  	0.1338  
11 	380  	223      	255     	0.5	0.847833	0.893662	0.0450597            	0.204124	0.377157	1  	0.133759
12 	380  	217      	255     	0.5	0.848392	0.893662	0.0452269            	0.204124	0.377539	1  	0.133422
13 	391  	208      	255     	0.5	0.849695	0.893662	0.044738             	0.204124	0.3742  	1  	0.133   
14 	376  	213      	255     	0.5	0.851232	0.893662	0.0442371            	0.204124	0.370323	1  	0.132949
15 	389  	214      	255     	0.5	0.851605	0.893662	0.0443861            	0.218218	0.370474	1  	0.132825
16 	366  	209      	255     	0.5	0.851942	0.893662	0.0444794            	0.218218	0.370284	1  	0.133015
17 	379  	193      	255     	0.5	0.853156	0.893662	0.0440105            	0.218218	0.366721	1  	0.132611
18 	386  	216      	255     	0.5	0.853567	0.893662	0.0441974            	0.223607	0.36651 	1  	0.1328  
19 	388  	216      	255     	0.5	0.853826	0.893662	0.0442818            	0.223607	0.365941	1  	0.13322 
20 	382  	217      	255     	0.5	0.85511 	0.893662	0.0437633            	0.218218	0.362577	1  	0.132566
21 	369  	211      	255     	0.5	0.85478 	0.893662	0.0447203            	0.213201	0.364367	1  	0.133441
22 	373  	212      	255     	0.5	0.854616	0.893662	0.044824             	0.213201	0.366531	1  	0.132811
23 	364  	208      	255     	0.5	0.855038	0.893662	0.0449256            	0.213201	0.365675	1  	0.133374
24 	393  	218      	255     	0.5	0.855453	0.893662	0.0445153            	0.213201	0.365898	1  	0.133264
25 	383  	207      	255     	0.5	0.855687	0.893662	0.0446205            	0.213201	0.366198	1  	0.133069
26 	371  	218      	255     	0.5	0.856365	0.893662	0.0446063            	0.213201	0.364354	1  	0.133188
27 	383  	217      	255     	0.5	0.857138	0.893662	0.0441481            	0.213201	0.363078	1  	0.132322
28 	361  	205      	255     	0.5	0.857354	0.893662	0.0442559            	0.213201	0.362845	1  	0.132467
29 	375  	207      	255     	0.5	0.858458	0.893662	0.0437557            	0.213201	0.359352	1  	0.131867
30 	384  	212      	255     	0.5	0.85867 	0.894925	0.0438553            	0.213201	0.359447	1  	0.131789
31 	375  	214      	255     	0.5	0.858976	0.894925	0.0439932            	0.213201	0.35865 	1  	0.132396
32 	375  	209      	255     	0.5	0.8591  	0.894925	0.0440353            	0.213201	0.358942	1  	0.132204
33 	392  	216      	255     	0.5	0.859382	0.895105	0.0441745            	0.213201	0.358663	1  	0.132318
34 	377  	207      	255     	0.5	0.860101	0.895768	0.0437193            	0.213201	0.357214	1  	0.13168 
35 	379  	211      	255     	0.5	0.860621	0.895768	0.043721             	0.213201	0.355925	1  	0.13139 
36 	351  	210      	255     	0.5	0.860881	0.895768	0.0438034            	0.208514	0.355172	1  	0.131707
37 	369  	214      	255     	0.5	0.861118	0.895768	0.0439048            	0.208514	0.354797	1  	0.131973
38 	355  	211      	255     	0.5	0.861406	0.895768	0.044021             	0.204124	0.353839	1  	0.132524
39 	380  	205      	255     	0.5	0.861596	0.896857	0.0441374            	0.204124	0.35376 	1  	0.132594
40 	371  	199      	255     	0.5	0.862679	0.89715 	0.0436017            	0.204124	0.35076 	1  	0.131594
41 	366  	216      	255     	0.5	0.862853	0.89715 	0.0437034            	0.208514	0.350531	1  	0.131782
42 	392  	217      	255     	0.5	0.862959	0.89715 	0.0437516            	0.208514	0.350505	1  	0.131806
43 	381  	219      	255     	0.5	0.863132	0.89754 	0.0438476            	0.208514	0.350419	1  	0.131891
44 	372  	217      	255     	0.5	0.863228	0.898958	0.0439007            	0.204124	0.350505	1  	0.131842
45 	370  	209      	255     	0.5	0.863525	0.898958	0.0440332            	0.204124	0.349896	1  	0.132264
46 	379  	214      	255     	0.5	0.863878	0.898958	0.0440465            	0.204124	0.349001	1  	0.132077
47 	365  	210      	255     	0.5	0.863702	0.898958	0.044137             	0.204124	0.350422	1  	0.131893
48 	376  	206      	255     	0.5	0.86389 	0.898958	0.0442               	0.204124	0.349886	1  	0.132249
49 	382  	216      	255     	0.5	0.864446	0.898958	0.0442565            	0.204124	0.348003	1  	0.132383

ASSIGNING STRATA FOR MULTI-OUTCOME DATA LGG_MV
Assigning strata for outcome named survival of type survival
Counts:
censored 0: 160
censored 1: 93
deceased 0: 39
deceased 1: 37
VIEW: LOG_MRNA
   	     	         	        	   survival SKSurv Cox model concordance index   	                 root leanness                  
   	     	         	        	-------------------------------------------------	------------------------------------------------
gen	evals	gen_feats	explored	min	avg     	max     	std                  	min     	avg     	max	std     
0  	0    	119      	119     	0.5	0.883957	0.913993	0.0493231            	0.242536	0.395374	1  	0.133413
1  	383  	348      	377     	0.5	0.872321	0.913993	0.0482693            	0.223607	0.387909	1  	0.116038
2  	374  	441      	603     	0.5	0.868352	0.913993	0.055066             	0.242536	0.409354	1  	0.118789
3  	365  	447      	838     	0.5	0.869815	0.913993	0.0576798            	0.242536	0.41415 	1  	0.128028
4  	381  	441      	1066    	0.5	0.872721	0.913993	0.0510766            	0.242536	0.413303	1  	0.12974 
5  	360  	419      	1276    	0.5	0.874996	0.913993	0.0475774            	0.223607	0.411379	1  	0.129411
6  	381  	397      	1473    	0.5	0.875192	0.913993	0.0476221            	0.229416	0.412835	1  	0.130018
7  	376  	418      	1687    	0.5	0.875645	0.913993	0.047289             	0.229416	0.413586	1  	0.129826
8  	371  	403      	1884    	0.5	0.877266	0.913993	0.0461232            	0.229416	0.409391	1  	0.129888
9  	382  	389      	2057    	0.5	0.878252	0.913993	0.0455288            	0.229416	0.406859	1  	0.130277
10 	386  	386      	2246    	0.5	0.879096	0.913993	0.0447305            	0.229416	0.405351	1  	0.129543
11 	373  	406      	2418    	0.5	0.879393	0.913993	0.0447025            	0.229416	0.405312	1  	0.129584
12 	394  	426      	2603    	0.5	0.879674	0.913993	0.0446541            	0.223607	0.405134	1  	0.129777
13 	363  	412      	2779    	0.5	0.879873	0.913993	0.0447102            	0.223607	0.404641	1  	0.130192
14 	377  	415      	2948    	0.5	0.880271	0.913993	0.0446152            	0.223607	0.404165	1  	0.130346
15 	385  	432      	3107    	0.5	0.881108	0.914883	0.0438568            	0.223607	0.401988	1  	0.1299  
16 	374  	419      	3271    	0.5	0.881276	0.914883	0.0439157            	0.223607	0.401248	1  	0.130491
17 	364  	401      	3417    	0.5	0.882068	0.914883	0.0429711            	0.223607	0.399488	1  	0.130374
18 	373  	415      	3580    	0.5	0.882576	0.914883	0.0427519            	0.223607	0.397829	1  	0.130837
19 	371  	427      	3727    	0.5	0.88357 	0.914883	0.042287             	0.223607	0.393764	1  	0.131305
20 	363  	419      	3864    	0.5	0.8844  	0.914883	0.0417412            	0.229416	0.39104 	1  	0.130917
21 	391  	436      	4009    	0.5	0.88539 	0.914883	0.0412129            	0.229416	0.386573	1  	0.131189
22 	378  	451      	4154    	0.5	0.88612 	0.914883	0.0406234            	0.218218	0.384132	1  	0.130938
23 	381  	450      	4286    	0.5	0.886392	0.9177  	0.0407143            	0.218218	0.383151	1  	0.131493
24 	388  	478      	4422    	0.5	0.887332	0.9177  	0.0397782            	0.218218	0.380209	1  	0.131162
25 	365  	431      	4551    	0.5	0.887526	0.9177  	0.0396868            	0.218218	0.380464	1  	0.130993
26 	363  	425      	4663    	0.5	0.887921	0.9177  	0.0397336            	0.218218	0.378858	1  	0.131443
27 	366  	415      	4784    	0.5	0.887821	0.9177  	0.03982              	0.218218	0.380389	1  	0.131069
28 	382  	466      	4916    	0.5	0.888051	0.9177  	0.03986              	0.218218	0.38037 	1  	0.131085
29 	387  	442      	5019    	0.5	0.887571	0.9177  	0.0406033            	0.218218	0.382538	1  	0.131866
30 	376  	426      	5120    	0.5	0.888454	0.9177  	0.0399181            	0.213201	0.379946	1  	0.131545
31 	398  	478      	5253    	0.5	0.888627	0.918433	0.0399991            	0.213201	0.380303	1  	0.131249
32 	398  	439      	5345    	0.5	0.888862	0.918433	0.0399864            	0.213201	0.379523	1  	0.131776
33 	385  	426      	5433    	0.5	0.889043	0.919731	0.0400719            	0.213201	0.379006	1  	0.132027
34 	389  	435      	5539    	0.5	0.889083	0.919731	0.040093             	0.213201	0.379713	1  	0.131636
35 	397  	480      	5638    	0.5	0.889915	0.919731	0.0396466            	0.213201	0.376691	1  	0.1311  
36 	366  	422      	5722    	0.5	0.889998	0.919731	0.0396683            	0.213201	0.376636	1  	0.131157
37 	363  	438      	5821    	0.5	0.890139	0.919731	0.0397343            	0.213201	0.376416	1  	0.131329
38 	388  	411      	5895    	0.5	0.890268	0.92048 	0.0397843            	0.213201	0.376767	1  	0.131008
39 	363  	407      	5980    	0.5	0.890444	0.920752	0.0398694            	0.213201	0.376592	1  	0.13118 
40 	373  	411      	6066    	0.5	0.890801	0.923217	0.0399904            	0.213201	0.375125	1  	0.131974
41 	367  	417      	6148    	0.5	0.891641	0.923217	0.0395397            	0.213201	0.372574	1  	0.131331
42 	392  	419      	6218    	0.5	0.891915	0.923217	0.0395875            	0.213201	0.372317	1  	0.131502
43 	389  	450      	6313    	0.5	0.892748	0.923217	0.0391502            	0.213201	0.368634	1  	0.131254
44 	364  	436      	6385    	0.5	0.892859	0.923217	0.0392117            	0.213201	0.368532	1  	0.13134 
45 	368  	425      	6451    	0.5	0.893   	0.923217	0.0392408            	0.208514	0.368523	1  	0.131369
46 	373  	448      	6529    	0.5	0.892615	0.924882	0.040229             	0.208514	0.370144	1  	0.131957
47 	353  	423      	6605    	0.5	0.893288	0.924882	0.0393931            	0.208514	0.368629	1  	0.131282
48 	374  	460      	6674    	0.5	0.893453	0.924882	0.0394638            	0.213201	0.368079	1  	0.131684
49 	395  	437      	6728    	0.5	0.893652	0.924882	0.0395652            	0.213201	0.367961	1  	0.131716

STARTING MASTER RUNNER RESAMPLING
Generations completed = 5
Generations completed = 15
Generations completed = 25
Generations completed = 35
Generations completed = 45
MASTER
   	     	         	        	       survival SKSurv Cox model concordance index       	                      root leanness                      
   	     	         	        	---------------------------------------------------------	---------------------------------------------------------
gen	evals	gen_feats	explored	min     	avg     	max     	std             	min     	avg     	max     	std      
0  	500  	363      	363     	0.475827	0.857734	0.931393	0.0831429       	0.158114	0.232714	0.57735 	0.0579244
1  	401  	332      	386     	0.80832 	0.901158	0.931393	0.0167996       	0.171499	0.258377	0.57735 	0.0630948
2  	390  	325      	404     	0.796397	0.901406	0.931393	0.0194939       	0.171499	0.273387	0.57735 	0.0692858
3  	399  	316      	415     	0.76519 	0.901018	0.931393	0.0223238       	0.179605	0.285144	0.57735 	0.0782235
4  	391  	306      	420     	0.76519 	0.900074	0.931393	0.0250531       	0.174078	0.294946	0.57735 	0.0841425
5  	397  	299      	423     	0.764184	0.900548	0.931393	0.0261165       	0.179605	0.299265	0.707107	0.0880513
6  	406  	298      	427     	0.764184	0.901299	0.931393	0.0264807       	0.176777	0.300574	0.707107	0.0915887
7  	388  	309      	432     	0.764184	0.900915	0.931393	0.0276868       	0.176777	0.306236	0.707107	0.0965871
8  	399  	299      	434     	0.752025	0.90173 	0.931404	0.0282597       	0.176777	0.307919	0.707107	0.0985485
9  	401  	286      	435     	0.752025	0.90248 	0.931404	0.0285427       	0.176777	0.30818 	0.707107	0.0995718
10 	385  	297      	435     	0.752025	0.903009	0.931404	0.0287486       	0.176777	0.308608	0.707107	0.101211 
11 	401  	284      	436     	0.752025	0.903077	0.931404	0.0293615       	0.176777	0.310281	0.707107	0.102466 
12 	391  	300      	436     	0.752025	0.903954	0.931404	0.0292485       	0.176777	0.308496	0.707107	0.102459 
13 	395  	298      	437     	0.752025	0.903829	0.933718	0.0308346       	0.176777	0.309925	0.707107	0.10522  
14 	378  	291      	437     	0.752025	0.903773	0.933718	0.0314352       	0.176777	0.312043	0.707107	0.108149 
15 	391  	301      	438     	0.755587	0.904262	0.933718	0.0313503       	0.176777	0.312074	0.707107	0.109334 
16 	386  	292      	438     	0.755587	0.904428	0.933718	0.0313825       	0.176777	0.313689	0.707107	0.109179 
17 	393  	281      	438     	0.755587	0.905505	0.933718	0.0304323       	0.176777	0.311416	0.707107	0.108775 
18 	392  	281      	438     	0.755587	0.906214	0.933718	0.0294616       	0.176777	0.310741	0.707107	0.108518 
19 	389  	285      	438     	0.71662 	0.90633 	0.935736	0.0302574       	0.176777	0.311889	0.707107	0.111689 
20 	393  	284      	438     	0.71662 	0.906675	0.935736	0.0301217       	0.176777	0.311496	0.707107	0.111996 
21 	380  	286      	438     	0.71662 	0.907768	0.935736	0.0293404       	0.176777	0.308837	0.707107	0.111067 
22 	411  	290      	438     	0.71662 	0.908003	0.935736	0.0291865       	0.179605	0.309599	0.707107	0.110543 
23 	398  	290      	438     	0.71662 	0.908298	0.935736	0.0288341       	0.179605	0.310822	0.707107	0.111698 
24 	381  	270      	438     	0.71662 	0.908634	0.935736	0.0282464       	0.179605	0.310935	0.707107	0.111616 
25 	383  	284      	438     	0.71662 	0.908355	0.935736	0.0283452       	0.179605	0.313856	0.707107	0.111953 
26 	379  	280      	438     	0.71662 	0.908599	0.935736	0.0283291       	0.179605	0.313511	0.707107	0.112183 
27 	388  	282      	438     	0.71662 	0.908064	0.935736	0.0297484       	0.179605	0.315615	0.707107	0.114497 
28 	391  	281      	438     	0.71662 	0.907523	0.935736	0.0310557       	0.179605	0.318692	0.707107	0.118173 
29 	373  	272      	438     	0.71662 	0.907569	0.935736	0.0310599       	0.179605	0.31971 	0.707107	0.117848 
30 	399  	287      	438     	0.71662 	0.907807	0.935736	0.0311171       	0.179605	0.31922 	0.707107	0.118204 
31 	413  	301      	438     	0.71662 	0.907951	0.935736	0.0309208       	0.179605	0.31938 	0.707107	0.118089 
32 	394  	284      	438     	0.71662 	0.907687	0.935736	0.0316463       	0.179605	0.320645	0.707107	0.1191   
33 	395  	287      	438     	0.71662 	0.907842	0.935736	0.0316077       	0.179605	0.320271	0.707107	0.119347 
34 	401  	282      	438     	0.71662 	0.907743	0.935736	0.0319156       	0.179605	0.321472	0.707107	0.120328 
35 	384  	283      	438     	0.71662 	0.907586	0.935736	0.0326423       	0.179605	0.322428	0.707107	0.121485 
36 	393  	285      	438     	0.71662 	0.907444	0.935736	0.0329688       	0.179605	0.323467	0.707107	0.122515 
37 	395  	284      	438     	0.704345	0.907357	0.935736	0.0341678       	0.179605	0.322802	0.707107	0.123917 
38 	395  	275      	438     	0.704345	0.907228	0.935736	0.0341821       	0.179605	0.324054	0.707107	0.123704 
39 	387  	276      	438     	0.704345	0.907218	0.935736	0.0343095       	0.179605	0.324692	0.707107	0.124664 
40 	392  	288      	438     	0.704345	0.907376	0.935736	0.034228        	0.179605	0.324477	0.707107	0.124752 
41 	414  	283      	438     	0.704345	0.90727 	0.935736	0.0342258       	0.179605	0.325262	0.707107	0.124561 
42 	375  	282      	438     	0.704345	0.907418	0.935736	0.0341695       	0.179605	0.324838	0.707107	0.124606 
43 	395  	278      	438     	0.704345	0.907477	0.935736	0.0341516       	0.179605	0.324693	0.707107	0.124738 
44 	392  	277      	438     	0.704345	0.90738 	0.935736	0.0341025       	0.179605	0.325558	0.707107	0.124152 
45 	392  	287      	438     	0.704345	0.907131	0.935736	0.034313        	0.179605	0.327276	0.707107	0.125032 
46 	384  	276      	438     	0.704345	0.90728 	0.935736	0.0341447       	0.179605	0.327432	0.707107	0.124876 
47 	409  	284      	438     	0.704345	0.907036	0.935736	0.034691        	0.179605	0.328417	0.707107	0.125945 
48 	381  	270      	438     	0.704345	0.907134	0.935736	0.0346413       	0.179605	0.328248	0.707107	0.126055 
49 	388  	275      	438     	0.704345	0.906891	0.935736	0.0352435       	0.179605	0.329004	0.707107	0.127236 

CURRENT HALLS OF FAME

PARETO FRONT
Number of solutions = 15
(0.9357362496269347, 0.21821789023599236) 20 features: [0_age_at_initial_pathologic_diagnosis, 1_hsa.miR.10b.5p, 1_hsa.miR.15b.5p, 1_hsa.miR.3131, 1_hsa.miR.3157.3p, 1_hsa.miR.346, 1_hsa.miR.98.5p, 1_hsa.miR.520e, 2_AP4M1.9179, 2_C1orf53.388722, 2_ISL2.64843, 2_KLHL9.55958, 2_KLK11.11012, 2_LAX1.54900, 2_MRPS31.10240, 2_MUCL1.118430, 2_SULF2.55959, 2_UPF3A.65110, 2_WEE1.7465, 2_ZNF630.57232]
(0.9328059731475423, 0.2672612419124244) 13 features: [0_age_at_initial_pathologic_diagnosis, 1_hsa.let.7f.5p, 1_hsa.miR.10b.3p, 1_hsa.miR.15b.5p, 2_C1orf53.388722, 2_ISL2.64843, 2_KLHL9.55958, 2_SMS.6611, 2_SULF2.55959, 2_TFPI.7035, 2_UPF3A.65110, 2_WEE1.7465, 2_ZNF630.57232]
(0.9292729821788067, 0.2773500981126146) 12 features: [0_age_at_initial_pathologic_diagnosis, 1_hsa.let.7e.5p, 1_hsa.miR.15b.5p, 2_C1orf53.388722, 2_ISL2.64843, 2_KLHL9.55958, 2_SMS.6611, 2_SULF2.55959, 2_TFPI.7035, 2_UPF3A.65110, 2_WEE1.7465, 2_ZNF630.57232]
(0.9263486290385293, 0.28867513459481287) 11 features: [0_age_at_initial_pathologic_diagnosis, 1_hsa.let.7f.5p, 2_C1orf53.388722, 2_ISL2.64843, 2_KLHL9.55958, 2_SMS.6611, 2_SULF2.55959, 2_TFPI.7035, 2_UPF3A.65110, 2_WEE1.7465, 2_ZNF630.57232]
(0.9221808207290295, 0.30151134457776363) 10 features: [0_age_at_initial_pathologic_diagnosis, 1_hsa.miR.10b.5p, 2_AP4M1.9179, 2_C1orf53.388722, 2_ISL2.64843, 2_LOC284276.284276, 2_MUCL1.118430, 2_SULF2.55959, 2_WEE1.7465, 2_ZNF630.57232]
(0.9208373847600346, 0.31622776601683794) 9 features: [0_age_at_initial_pathologic_diagnosis, 2_C1orf53.388722, 2_ISL2.64843, 2_SMS.6611, 2_SULF2.55959, 2_TFPI.7035, 2_UPF3A.65110, 2_WEE1.7465, 2_ZNF630.57232]
(0.9184815403106166, 0.3333333333333333) 8 features: [0_age_at_initial_pathologic_diagnosis, 1_hsa.let.7f.5p, 2_C1orf53.388722, 2_ISL2.64843, 2_MUCL1.118430, 2_SMS.6611, 2_WEE1.7465, 2_ZNF630.57232]
(0.9125472264262721, 0.3535533905932738) 7 features: [0_age_at_initial_pathologic_diagnosis, 2_AP4M1.9179, 2_ISL2.64843, 2_MUCL1.118430, 2_SULF2.55959, 2_WEE1.7465, 2_ZNF630.57232]
(0.9086318891807624, 0.3779644730092272) 6 features: [0_age_at_initial_pathologic_diagnosis, 2_C1orf53.388722, 2_ISL2.64843, 2_SMS.6611, 2_WEE1.7465, 2_ZNF630.57232]
(0.9015231460965931, 0.408248290463863) 5 features: [0_age_at_initial_pathologic_diagnosis, 2_ISL2.64843, 2_SMS.6611, 2_WEE1.7465, 2_ZNF630.57232]
(0.8939084857774738, 0.4472135954999579) 4 features: [0_age_at_initial_pathologic_diagnosis, 2_SMS.6611, 2_WEE1.7465, 2_ZNF630.57232]
(0.8865012416268437, 0.5) [0_age_at_initial_pathologic_diagnosis, 2_SMS.6611, 2_WEE1.7465]
(0.8708837568640625, 0.5773502691896257) [2_TMPRSS3.64699, 2_WEE1.7465]
(0.8364240427726957, 0.7071067811865476) [2_WEE1.7465]
(0.5, 1.0) []
Features in hall of fame by prevalence:
27 features: [2_WEE1.7465, 0_age_at_initial_pathologic_diagnosis, 2_ZNF630.57232, 2_ISL2.64843, 2_SMS.6611, 2_C1orf53.388722, 2_SULF2.55959, 2_UPF3A.65110, 2_KLHL9.55958, 2_MUCL1.118430, 2_TFPI.7035, 1_hsa.let.7f.5p, 1_hsa.miR.15b.5p, 2_AP4M1.9179, 1_hsa.miR.10b.5p, 1_hsa.let.7e.5p, 1_hsa.miR.10b.3p, 1_hsa.miR.3131, 1_hsa.miR.3157.3p, 1_hsa.miR.346, 1_hsa.miR.98.5p, 1_hsa.miR.520e, 2_KLK11.11012, 2_LAX1.54900, 2_LOC284276.284276, 2_MRPS31.10240, 2_TMPRSS3.64699]

LAST POPULATION
Number of solutions = 500
Features in hall of fame by prevalence:
172 features: [2_WEE1.7465, 2_ZNF630.57232, 0_age_at_initial_pathologic_diagnosis, 2_ISL2.64843, 2_SULF2.55959, 2_MUCL1.118430, 2_UPF3A.65110, 2_AP4M1.9179, 2_C1orf53.388722, 2_KLHL9.55958, 1_hsa.miR.15b.5p, 1_hsa.miR.10b.5p, 1_hsa.miR.3157.3p, 1_hsa.miR.346, 2_MRPS31.10240, 2_SMS.6611, 1_hsa.miR.23b.5p, 2_KLK11.11012, 2_LAX1.54900, 1_hsa.miR.3131, 1_hsa.miR.1228.3p, 2_MRPL44.65080, 1_hsa.miR.550a.3p, 1_hsa.miR.519e.3p, 2_TFPI.7035, 1_hsa.let.7f.5p, 1_hsa.miR.3074.5p, 1_hsa.miR.520e, 1_hsa.miR.10b.3p, 1_hsa.miR.424.5p, 1_hsa.miR.98.5p, 1_hsa.miR.320b, 2_LOC284276.284276, 1_hsa.miR.455.5p, 2_RNF19A.25897, 2_SNORA5C.677796, 1_hsa.miR.455.3p, 2_GMPPA.29926, 1_hsa.let.7g.5p, 1_hsa.miR.215.5p, 1_hsa.miR.4709.3p, 1_hsa.miR.550a.5p, 2_TAS2R4.50832, 2_OXTR.5021, 1_hsa.let.7e.5p, 1_hsa.let.7i.5p, 2_HOXD4.3233, 2_MAB21L1.4081, 2_RET.5979, 1_hsa.miR.186.5p, 1_hsa.miR.6715a.3p, 2_ADHFE1.137872, 2_FMO9P.116123, 2_STAP1.26228, 1_hsa.miR.335.5p, 1_hsa.miR.9.5p, 2_CNIH4.29097, 2_BBS5.129880, 2_ZNF648.127665, 1_hsa.miR.222.5p, 1_hsa.miR.412.5p, 2_CISD2.493856, 2_RAB6C.84084, 1_hsa.miR.149.5p, 1_hsa.miR.196a.5p, 1_hsa.miR.452.5p, 1_hsa.miR.190b, 1_hsa.miR.335.3p, 1_hsa.miR.4758.3p, 2_LOC653653.653653, 2_PCCA.5095, 1_hsa.miR.105.5p, 1_hsa.miR.187.3p, 1_hsa.miR.216a.5p, 1_hsa.miR.219a.2.3p, 1_hsa.miR.25.3p, 1_hsa.miR.6892.5p, 1_hsa.miR.887.5p, 2_CRTAC1.55118, 2_DNAJB12.54788, 2_RASA2.5922, 2_SH3D20.201175, 2_ZBTB38.253461, 1_hsa.miR.125a.5p, 1_hsa.miR.125b.1.3p, 1_hsa.miR.138.1.3p, 1_hsa.miR.148a.5p, 1_hsa.miR.216b.5p, 1_hsa.miR.320c, 1_hsa.miR.423.3p, 1_hsa.miR.4728.3p, 1_hsa.miR.7704, 1_hsa.miR.513a.3p, 2_RAD18.56852, 2_RBM33.155435, 2_SLC13A4.26266, 2_SLC4A3.6508, 1_hsa.let.7a.2.3p, 1_hsa.miR.3614.5p, 1_hsa.miR.615.3p, ...]

BEST SUMS WITH SIZE 50
Number of solutions = 50
Features in hall of fame by prevalence:
45 features: [2_WEE1.7465, 0_age_at_initial_pathologic_diagnosis, 2_SMC4.10051, 2_SMS.6611, 2_SULF2.55959, 1_hsa.miR.10b.3p, 1_hsa.miR.1228.3p, 1_hsa.miR.148a.5p, 1_hsa.miR.335.3p, 1_hsa.miR.9.5p, 2_ARNTL2.56938, 2_AURKA.6790, 2_CCDC18.343099, 2_CCDC46.201134, 2_CLSPN.63967, 2_CRTAC1.55118, 2_CUTC.51076, 2_DNAH11.8701, 2_DNAJB12.54788, 2_DNMT3A.1788, 2_FAM35B2.439965, 2_FZD6.8323, 2_GLUD1.2746, 2_GPR1.2825, 2_IGFBP2.3485, 2_ISL2.64843, 2_KIF4A.24137, 2_LATS2.26524, 2_LOC254559.254559, 2_LRRC2.79442, 2_MUCL1.118430, 2_MXI1.4601, 2_NCRNA00152.112597, 2_PTGFRN.5738, 2_RAD18.56852, 2_SLC13A4.26266, 2_SLC4A3.6508, 2_SLITRK5.26050, 2_TACC3.10460, 2_TMEM154.201799, 2_TMPRSS3.64699, 2_TTC26.79989, 2_UPF3A.65110, 2_ZBTB38.253461, 2_ZNF648.127665]

BEST SUMS WITH SIZE 100
Number of solutions = 100
Features in hall of fame by prevalence:
75 features: [2_WEE1.7465, 0_age_at_initial_pathologic_diagnosis, 2_SMC4.10051, 1_hsa.miR.10b.3p, 1_hsa.miR.10b.5p, 2_CRTAC1.55118, 2_DNAJB12.54788, 2_IGFBP2.3485, 2_PTGFRN.5738, 2_SMS.6611, 1_hsa.miR.320b, 1_hsa.miR.6509.5p, 1_hsa.miR.9.5p, 2_CCDC18.343099, 2_GPR1.2825, 2_LATS2.26524, 2_RAD18.56852, 2_SLITRK5.26050, 2_SULF2.55959, 1_hsa.let.7e.5p, 1_hsa.let.7i.5p, 1_hsa.miR.1228.3p, 1_hsa.miR.146b.3p, 1_hsa.miR.146b.5p, 1_hsa.miR.148a.5p, 1_hsa.miR.196b.5p, 1_hsa.miR.335.3p, 1_hsa.miR.3677.3p, 1_hsa.miR.6806.3p, 1_hsa.miR.6892.5p, 2_ARNTL2.56938, 2_AURKA.6790, 2_BIRC3.330, 2_C18orf10.25941, 2_CCDC46.201134, 2_CLSPN.63967, 2_CUTC.51076, 2_CXorf40A.91966, 2_DNAH11.8701, 2_DNMT3A.1788, 2_FAM35B2.439965, 2_FZD6.8323, 2_GLUD1.2746, 2_HS6ST1.9394, 2_ISL2.64843, 2_KIF4A.24137, 2_LNPEP.4012, 2_LOC254559.254559, 2_LOC284276.284276, 2_LOC653653.653653, 2_LRRC2.79442, 2_MAP2K5.5607, 2_MPL.4352, 2_MUCL1.118430, 2_MXI1.4601, 2_NCRNA00152.112597, 2_NKIRAS2.28511, 2_PARVB.29780, 2_PDGFRL.5157, 2_PRPSAP2.5636, 2_RCAN3.11123, 2_RDH12.145226, 2_SCGB1D2.10647, 2_SLC13A4.26266, 2_SLC4A3.6508, 2_STAP1.26228, 2_TACC3.10460, 2_TFRC.7037, 2_TMEM154.201799, 2_TMPRSS3.64699, 2_TTC26.79989, 2_UPF3A.65110, 2_ZBTB38.253461, 2_ZNF630.57232, 2_ZNF648.127665]
Optimization on fold finished in 00-09:59:57

FEATURE SETS SELECTED

PARETO FRONT
Number of solutions = 15
(0.9357362496269347, 0.21821789023599236) 20 features: [0_age_at_initial_pathologic_diagnosis, 1_hsa.miR.10b.5p, 1_hsa.miR.15b.5p, 1_hsa.miR.3131, 1_hsa.miR.3157.3p, 1_hsa.miR.346, 1_hsa.miR.98.5p, 1_hsa.miR.520e, 2_AP4M1.9179, 2_C1orf53.388722, 2_ISL2.64843, 2_KLHL9.55958, 2_KLK11.11012, 2_LAX1.54900, 2_MRPS31.10240, 2_MUCL1.118430, 2_SULF2.55959, 2_UPF3A.65110, 2_WEE1.7465, 2_ZNF630.57232]
(0.9328059731475423, 0.2672612419124244) 13 features: [0_age_at_initial_pathologic_diagnosis, 1_hsa.let.7f.5p, 1_hsa.miR.10b.3p, 1_hsa.miR.15b.5p, 2_C1orf53.388722, 2_ISL2.64843, 2_KLHL9.55958, 2_SMS.6611, 2_SULF2.55959, 2_TFPI.7035, 2_UPF3A.65110, 2_WEE1.7465, 2_ZNF630.57232]
(0.9292729821788067, 0.2773500981126146) 12 features: [0_age_at_initial_pathologic_diagnosis, 1_hsa.let.7e.5p, 1_hsa.miR.15b.5p, 2_C1orf53.388722, 2_ISL2.64843, 2_KLHL9.55958, 2_SMS.6611, 2_SULF2.55959, 2_TFPI.7035, 2_UPF3A.65110, 2_WEE1.7465, 2_ZNF630.57232]
(0.9263486290385293, 0.28867513459481287) 11 features: [0_age_at_initial_pathologic_diagnosis, 1_hsa.let.7f.5p, 2_C1orf53.388722, 2_ISL2.64843, 2_KLHL9.55958, 2_SMS.6611, 2_SULF2.55959, 2_TFPI.7035, 2_UPF3A.65110, 2_WEE1.7465, 2_ZNF630.57232]
(0.9221808207290295, 0.30151134457776363) 10 features: [0_age_at_initial_pathologic_diagnosis, 1_hsa.miR.10b.5p, 2_AP4M1.9179, 2_C1orf53.388722, 2_ISL2.64843, 2_LOC284276.284276, 2_MUCL1.118430, 2_SULF2.55959, 2_WEE1.7465, 2_ZNF630.57232]
(0.9208373847600346, 0.31622776601683794) 9 features: [0_age_at_initial_pathologic_diagnosis, 2_C1orf53.388722, 2_ISL2.64843, 2_SMS.6611, 2_SULF2.55959, 2_TFPI.7035, 2_UPF3A.65110, 2_WEE1.7465, 2_ZNF630.57232]
(0.9184815403106166, 0.3333333333333333) 8 features: [0_age_at_initial_pathologic_diagnosis, 1_hsa.let.7f.5p, 2_C1orf53.388722, 2_ISL2.64843, 2_MUCL1.118430, 2_SMS.6611, 2_WEE1.7465, 2_ZNF630.57232]
(0.9125472264262721, 0.3535533905932738) 7 features: [0_age_at_initial_pathologic_diagnosis, 2_AP4M1.9179, 2_ISL2.64843, 2_MUCL1.118430, 2_SULF2.55959, 2_WEE1.7465, 2_ZNF630.57232]
(0.9086318891807624, 0.3779644730092272) 6 features: [0_age_at_initial_pathologic_diagnosis, 2_C1orf53.388722, 2_ISL2.64843, 2_SMS.6611, 2_WEE1.7465, 2_ZNF630.57232]
(0.9015231460965931, 0.408248290463863) 5 features: [0_age_at_initial_pathologic_diagnosis, 2_ISL2.64843, 2_SMS.6611, 2_WEE1.7465, 2_ZNF630.57232]
(0.8939084857774738, 0.4472135954999579) 4 features: [0_age_at_initial_pathologic_diagnosis, 2_SMS.6611, 2_WEE1.7465, 2_ZNF630.57232]
(0.8865012416268437, 0.5) [0_age_at_initial_pathologic_diagnosis, 2_SMS.6611, 2_WEE1.7465]
(0.8708837568640625, 0.5773502691896257) [2_TMPRSS3.64699, 2_WEE1.7465]
(0.8364240427726957, 0.7071067811865476) [2_WEE1.7465]
(0.5, 1.0) []
Features in hall of fame by prevalence:
27 features: [2_WEE1.7465, 0_age_at_initial_pathologic_diagnosis, 2_ZNF630.57232, 2_ISL2.64843, 2_SMS.6611, 2_C1orf53.388722, 2_SULF2.55959, 2_UPF3A.65110, 2_KLHL9.55958, 2_MUCL1.118430, 2_TFPI.7035, 1_hsa.let.7f.5p, 1_hsa.miR.15b.5p, 2_AP4M1.9179, 1_hsa.miR.10b.5p, 1_hsa.let.7e.5p, 1_hsa.miR.10b.3p, 1_hsa.miR.3131, 1_hsa.miR.3157.3p, 1_hsa.miR.346, 1_hsa.miR.98.5p, 1_hsa.miR.520e, 2_KLK11.11012, 2_LAX1.54900, 2_LOC284276.284276, 2_MRPS31.10240, 2_TMPRSS3.64699]

LAST POPULATION
Number of solutions = 500
Features in hall of fame by prevalence:
172 features: [2_WEE1.7465, 2_ZNF630.57232, 0_age_at_initial_pathologic_diagnosis, 2_ISL2.64843, 2_SULF2.55959, 2_MUCL1.118430, 2_UPF3A.65110, 2_AP4M1.9179, 2_C1orf53.388722, 2_KLHL9.55958, 1_hsa.miR.15b.5p, 1_hsa.miR.10b.5p, 1_hsa.miR.3157.3p, 1_hsa.miR.346, 2_MRPS31.10240, 2_SMS.6611, 1_hsa.miR.23b.5p, 2_KLK11.11012, 2_LAX1.54900, 1_hsa.miR.3131, 1_hsa.miR.1228.3p, 2_MRPL44.65080, 1_hsa.miR.550a.3p, 1_hsa.miR.519e.3p, 2_TFPI.7035, 1_hsa.let.7f.5p, 1_hsa.miR.3074.5p, 1_hsa.miR.520e, 1_hsa.miR.10b.3p, 1_hsa.miR.424.5p, 1_hsa.miR.98.5p, 1_hsa.miR.320b, 2_LOC284276.284276, 1_hsa.miR.455.5p, 2_RNF19A.25897, 2_SNORA5C.677796, 1_hsa.miR.455.3p, 2_GMPPA.29926, 1_hsa.let.7g.5p, 1_hsa.miR.215.5p, 1_hsa.miR.4709.3p, 1_hsa.miR.550a.5p, 2_TAS2R4.50832, 2_OXTR.5021, 1_hsa.let.7e.5p, 1_hsa.let.7i.5p, 2_HOXD4.3233, 2_MAB21L1.4081, 2_RET.5979, 1_hsa.miR.186.5p, 1_hsa.miR.6715a.3p, 2_ADHFE1.137872, 2_FMO9P.116123, 2_STAP1.26228, 1_hsa.miR.335.5p, 1_hsa.miR.9.5p, 2_CNIH4.29097, 2_BBS5.129880, 2_ZNF648.127665, 1_hsa.miR.222.5p, 1_hsa.miR.412.5p, 2_CISD2.493856, 2_RAB6C.84084, 1_hsa.miR.149.5p, 1_hsa.miR.196a.5p, 1_hsa.miR.452.5p, 1_hsa.miR.190b, 1_hsa.miR.335.3p, 1_hsa.miR.4758.3p, 2_LOC653653.653653, 2_PCCA.5095, 1_hsa.miR.105.5p, 1_hsa.miR.187.3p, 1_hsa.miR.216a.5p, 1_hsa.miR.219a.2.3p, 1_hsa.miR.25.3p, 1_hsa.miR.6892.5p, 1_hsa.miR.887.5p, 2_CRTAC1.55118, 2_DNAJB12.54788, 2_RASA2.5922, 2_SH3D20.201175, 2_ZBTB38.253461, 1_hsa.miR.125a.5p, 1_hsa.miR.125b.1.3p, 1_hsa.miR.138.1.3p, 1_hsa.miR.148a.5p, 1_hsa.miR.216b.5p, 1_hsa.miR.320c, 1_hsa.miR.423.3p, 1_hsa.miR.4728.3p, 1_hsa.miR.7704, 1_hsa.miR.513a.3p, 2_RAD18.56852, 2_RBM33.155435, 2_SLC13A4.26266, 2_SLC4A3.6508, 1_hsa.let.7a.2.3p, 1_hsa.miR.3614.5p, 1_hsa.miR.615.3p, ...]

BEST SUMS WITH SIZE 50
Number of solutions = 50
Features in hall of fame by prevalence:
45 features: [2_WEE1.7465, 0_age_at_initial_pathologic_diagnosis, 2_SMC4.10051, 2_SMS.6611, 2_SULF2.55959, 1_hsa.miR.10b.3p, 1_hsa.miR.1228.3p, 1_hsa.miR.148a.5p, 1_hsa.miR.335.3p, 1_hsa.miR.9.5p, 2_ARNTL2.56938, 2_AURKA.6790, 2_CCDC18.343099, 2_CCDC46.201134, 2_CLSPN.63967, 2_CRTAC1.55118, 2_CUTC.51076, 2_DNAH11.8701, 2_DNAJB12.54788, 2_DNMT3A.1788, 2_FAM35B2.439965, 2_FZD6.8323, 2_GLUD1.2746, 2_GPR1.2825, 2_IGFBP2.3485, 2_ISL2.64843, 2_KIF4A.24137, 2_LATS2.26524, 2_LOC254559.254559, 2_LRRC2.79442, 2_MUCL1.118430, 2_MXI1.4601, 2_NCRNA00152.112597, 2_PTGFRN.5738, 2_RAD18.56852, 2_SLC13A4.26266, 2_SLC4A3.6508, 2_SLITRK5.26050, 2_TACC3.10460, 2_TMEM154.201799, 2_TMPRSS3.64699, 2_TTC26.79989, 2_UPF3A.65110, 2_ZBTB38.253461, 2_ZNF648.127665]

BEST SUMS WITH SIZE 100
Number of solutions = 100
Features in hall of fame by prevalence:
75 features: [2_WEE1.7465, 0_age_at_initial_pathologic_diagnosis, 2_SMC4.10051, 1_hsa.miR.10b.3p, 1_hsa.miR.10b.5p, 2_CRTAC1.55118, 2_DNAJB12.54788, 2_IGFBP2.3485, 2_PTGFRN.5738, 2_SMS.6611, 1_hsa.miR.320b, 1_hsa.miR.6509.5p, 1_hsa.miR.9.5p, 2_CCDC18.343099, 2_GPR1.2825, 2_LATS2.26524, 2_RAD18.56852, 2_SLITRK5.26050, 2_SULF2.55959, 1_hsa.let.7e.5p, 1_hsa.let.7i.5p, 1_hsa.miR.1228.3p, 1_hsa.miR.146b.3p, 1_hsa.miR.146b.5p, 1_hsa.miR.148a.5p, 1_hsa.miR.196b.5p, 1_hsa.miR.335.3p, 1_hsa.miR.3677.3p, 1_hsa.miR.6806.3p, 1_hsa.miR.6892.5p, 2_ARNTL2.56938, 2_AURKA.6790, 2_BIRC3.330, 2_C18orf10.25941, 2_CCDC46.201134, 2_CLSPN.63967, 2_CUTC.51076, 2_CXorf40A.91966, 2_DNAH11.8701, 2_DNMT3A.1788, 2_FAM35B2.439965, 2_FZD6.8323, 2_GLUD1.2746, 2_HS6ST1.9394, 2_ISL2.64843, 2_KIF4A.24137, 2_LNPEP.4012, 2_LOC254559.254559, 2_LOC284276.284276, 2_LOC653653.653653, 2_LRRC2.79442, 2_MAP2K5.5607, 2_MPL.4352, 2_MUCL1.118430, 2_MXI1.4601, 2_NCRNA00152.112597, 2_NKIRAS2.28511, 2_PARVB.29780, 2_PDGFRL.5157, 2_PRPSAP2.5636, 2_RCAN3.11123, 2_RDH12.145226, 2_SCGB1D2.10647, 2_SLC13A4.26266, 2_SLC4A3.6508, 2_STAP1.26228, 2_TACC3.10460, 2_TFRC.7037, 2_TMEM154.201799, 2_TMPRSS3.64699, 2_TTC26.79989, 2_UPF3A.65110, 2_ZBTB38.253461, 2_ZNF630.57232, 2_ZNF648.127665]
