
OPTIMIZING ON FOLD NUMBER 1
Number of workers = 96

COMPUTING LOCAL ACTIVE FEATURES
Computing active features for view clinic
Existing features: 8
Applying union strategy for feature selection using composite feature selector with
categorical: feature selector any na and anova
survival: feature selector Cox

Computing active features for outcome survival
Features selected for this outcome: 1
Features active in total: 1
Computing active features for view log_mirna
Existing features: 740
Applying union strategy for feature selection using composite feature selector with
categorical: feature selector any na and anova
survival: feature selector Cox

Computing active features for outcome survival
Features selected for this outcome: 312
Features active in total: 312
Computing active features for view log_mrna
Existing features: 20210
Applying union strategy for feature selection using composite feature selector with
categorical: feature selector any na and anova
survival: feature selector Cox

Computing active features for outcome survival
Features selected for this outcome: 8675
Features active in total: 8675
Computing feature importance
Running optimizer

STARTING 2-STEPS GENETIC ALGORITHM

CREATING INNER FOLDS

ASSIGNING STRATA FOR MULTI-OUTCOME DATA LGG_MV
Assigning strata for outcome named survival of type survival
Counts:
censored 0: 160
censored 1: 93
deceased 0: 39
deceased 1: 37

STARTING SWEEP NUMBER 1
folds_creator_seed = 1199896279

ASSIGNING STRATA FOR MULTI-OUTCOME DATA LGG_MV
Assigning strata for outcome named survival of type survival
Counts:
censored 0: 160
censored 1: 93
deceased 0: 39
deceased 1: 37
ga_runner_seed = 1704641791
VIEW: CLINIC
   	     	         	        	survival SKSurv Cox model concordance index	                 root leanness                  
   	     	         	        	----------------------------------------   	------------------------------------------------
gen	evals	gen_feats	explored	min	avg     	max    	std                   	min     	avg     	max	std     
0  	500  	1        	1       	0.5	0.623127	0.75231	0.126118              	0.707107	0.857068	1  	0.146404
1  	258  	1        	1       	0.5	0.626155	0.75231	0.126155              	0.707107	0.853553	1  	0.146447
2  	248  	1        	1       	0.5	0.626155	0.75231	0.126155              	0.707107	0.853553	1  	0.146447
3  	253  	1        	1       	0.5	0.626155	0.75231	0.126155              	0.707107	0.853553	1  	0.146447
4  	256  	1        	1       	0.5	0.626155	0.75231	0.126155              	0.707107	0.853553	1  	0.146447
5  	261  	1        	1       	0.5	0.626155	0.75231	0.126155              	0.707107	0.853553	1  	0.146447
6  	270  	1        	1       	0.5	0.626155	0.75231	0.126155              	0.707107	0.853553	1  	0.146447
7  	254  	1        	1       	0.5	0.626155	0.75231	0.126155              	0.707107	0.853553	1  	0.146447
8  	253  	1        	1       	0.5	0.626155	0.75231	0.126155              	0.707107	0.853553	1  	0.146447
9  	260  	1        	1       	0.5	0.626155	0.75231	0.126155              	0.707107	0.853553	1  	0.146447
10 	260  	1        	1       	0.5	0.626155	0.75231	0.126155              	0.707107	0.853553	1  	0.146447
11 	242  	1        	1       	0.5	0.626155	0.75231	0.126155              	0.707107	0.853553	1  	0.146447
12 	252  	1        	1       	0.5	0.626155	0.75231	0.126155              	0.707107	0.853553	1  	0.146447
13 	249  	1        	1       	0.5	0.626155	0.75231	0.126155              	0.707107	0.853553	1  	0.146447
14 	250  	1        	1       	0.5	0.626155	0.75231	0.126155              	0.707107	0.853553	1  	0.146447
15 	250  	1        	1       	0.5	0.626155	0.75231	0.126155              	0.707107	0.853553	1  	0.146447
16 	247  	1        	1       	0.5	0.626155	0.75231	0.126155              	0.707107	0.853553	1  	0.146447
17 	237  	1        	1       	0.5	0.626155	0.75231	0.126155              	0.707107	0.853553	1  	0.146447
18 	247  	1        	1       	0.5	0.626155	0.75231	0.126155              	0.707107	0.853553	1  	0.146447
19 	257  	1        	1       	0.5	0.626155	0.75231	0.126155              	0.707107	0.853553	1  	0.146447
20 	247  	1        	1       	0.5	0.626155	0.75231	0.126155              	0.707107	0.853553	1  	0.146447
21 	259  	1        	1       	0.5	0.626155	0.75231	0.126155              	0.707107	0.853553	1  	0.146447
22 	228  	1        	1       	0.5	0.626155	0.75231	0.126155              	0.707107	0.853553	1  	0.146447
23 	237  	1        	1       	0.5	0.626155	0.75231	0.126155              	0.707107	0.853553	1  	0.146447
24 	266  	1        	1       	0.5	0.626155	0.75231	0.126155              	0.707107	0.853553	1  	0.146447
25 	246  	1        	1       	0.5	0.626155	0.75231	0.126155              	0.707107	0.853553	1  	0.146447
26 	246  	1        	1       	0.5	0.626155	0.75231	0.126155              	0.707107	0.853553	1  	0.146447
27 	239  	1        	1       	0.5	0.626155	0.75231	0.126155              	0.707107	0.853553	1  	0.146447
28 	252  	1        	1       	0.5	0.626155	0.75231	0.126155              	0.707107	0.853553	1  	0.146447
29 	262  	1        	1       	0.5	0.626155	0.75231	0.126155              	0.707107	0.853553	1  	0.146447
30 	263  	1        	1       	0.5	0.626155	0.75231	0.126155              	0.707107	0.853553	1  	0.146447
31 	261  	1        	1       	0.5	0.626155	0.75231	0.126155              	0.707107	0.853553	1  	0.146447
32 	253  	1        	1       	0.5	0.626155	0.75231	0.126155              	0.707107	0.853553	1  	0.146447
33 	234  	1        	1       	0.5	0.626155	0.75231	0.126155              	0.707107	0.853553	1  	0.146447
34 	263  	1        	1       	0.5	0.626155	0.75231	0.126155              	0.707107	0.853553	1  	0.146447
35 	236  	1        	1       	0.5	0.626155	0.75231	0.126155              	0.707107	0.853553	1  	0.146447
36 	257  	1        	1       	0.5	0.626155	0.75231	0.126155              	0.707107	0.853553	1  	0.146447
37 	243  	1        	1       	0.5	0.626155	0.75231	0.126155              	0.707107	0.853553	1  	0.146447
38 	243  	1        	1       	0.5	0.626155	0.75231	0.126155              	0.707107	0.853553	1  	0.146447
39 	250  	1        	1       	0.5	0.626155	0.75231	0.126155              	0.707107	0.853553	1  	0.146447
40 	251  	1        	1       	0.5	0.626155	0.75231	0.126155              	0.707107	0.853553	1  	0.146447
41 	253  	1        	1       	0.5	0.626155	0.75231	0.126155              	0.707107	0.853553	1  	0.146447
42 	242  	1        	1       	0.5	0.626155	0.75231	0.126155              	0.707107	0.853553	1  	0.146447
43 	268  	1        	1       	0.5	0.626155	0.75231	0.126155              	0.707107	0.853553	1  	0.146447
44 	258  	1        	1       	0.5	0.626155	0.75231	0.126155              	0.707107	0.853553	1  	0.146447
45 	239  	1        	1       	0.5	0.626155	0.75231	0.126155              	0.707107	0.853553	1  	0.146447
46 	256  	1        	1       	0.5	0.626155	0.75231	0.126155              	0.707107	0.853553	1  	0.146447
47 	248  	1        	1       	0.5	0.626155	0.75231	0.126155              	0.707107	0.853553	1  	0.146447
48 	251  	1        	1       	0.5	0.626155	0.75231	0.126155              	0.707107	0.853553	1  	0.146447
49 	263  	1        	1       	0.5	0.626155	0.75231	0.126155              	0.707107	0.853553	1  	0.146447

ASSIGNING STRATA FOR MULTI-OUTCOME DATA LGG_MV
Assigning strata for outcome named survival of type survival
Counts:
censored 0: 160
censored 1: 93
deceased 0: 39
deceased 1: 37
VIEW: LOG_MIRNA
   	     	         	        	   survival SKSurv Cox model concordance index   	                 root leanness                  
   	     	         	        	-------------------------------------------------	------------------------------------------------
gen	evals	gen_feats	explored	min	avg     	max     	std                  	min     	avg     	max	std     
0  	500  	13       	13      	0.5	0.760523	0.839628	0.0441456            	0.267261	0.313701	1  	0.126009
1  	335  	177      	177     	0.5	0.775093	0.845267	0.0692254            	0.242536	0.361645	1  	0.154796
2  	374  	224      	249     	0.5	0.801991	0.851553	0.0460894            	0.235702	0.361886	1  	0.108974
3  	355  	235      	280     	0.5	0.804113	0.851553	0.0521461            	0.235702	0.383258	1  	0.117315
4  	385  	243      	296     	0.5	0.804361	0.851553	0.0567689            	0.242536	0.396613	1  	0.124553
5  	378  	229      	303     	0.5	0.807296	0.851553	0.0553868            	0.235702	0.40371 	1  	0.126646
6  	372  	241      	309     	0.5	0.809302	0.851553	0.0571535            	0.235702	0.408233	1  	0.128156
7  	383  	239      	310     	0.5	0.811178	0.857667	0.056839             	0.229416	0.412409	1  	0.131221
8  	380  	235      	312     	0.5	0.815191	0.857667	0.0536034            	0.235702	0.408559	1  	0.131939
9  	373  	245      	312     	0.5	0.818329	0.857667	0.0509337            	0.235702	0.405155	1  	0.132655
10 	389  	243      	312     	0.5	0.820276	0.858463	0.0503513            	0.223607	0.404883	1  	0.132964
11 	367  	224      	312     	0.5	0.820466	0.858463	0.0513904            	0.223607	0.409549	1  	0.134072
12 	378  	222      	312     	0.5	0.822293	0.864728	0.0504067            	0.229416	0.409395	1  	0.134177
13 	380  	245      	312     	0.5	0.824767	0.864728	0.0487861            	0.229416	0.403303	1  	0.134329
14 	385  	235      	312     	0.5	0.826136	0.864728	0.0483992            	0.229416	0.401   	1  	0.135926
15 	382  	239      	312     	0.5	0.828182	0.864728	0.0470202            	0.229416	0.396565	1  	0.134596
16 	381  	233      	312     	0.5	0.828621	0.868011	0.0476492            	0.229416	0.399577	1  	0.134718
17 	364  	241      	312     	0.5	0.830961	0.868011	0.04635              	0.229416	0.392886	1  	0.134927
18 	358  	241      	312     	0.5	0.832659	0.868597	0.0453641            	0.229416	0.388797	1  	0.135432
19 	374  	218      	312     	0.5	0.833539	0.868597	0.0454896            	0.223607	0.391454	1  	0.133602
20 	379  	252      	312     	0.5	0.834603	0.868597	0.0451938            	0.223607	0.391473	1  	0.133601
21 	375  	235      	312     	0.5	0.834881	0.868597	0.0460187            	0.223607	0.393832	1  	0.133736
22 	361  	242      	312     	0.5	0.835551	0.868597	0.046152             	0.213201	0.39438 	1  	0.133292
23 	390  	239      	312     	0.5	0.835451	0.871234	0.0471158            	0.208514	0.398285	1  	0.133273
24 	379  	232      	312     	0.5	0.836322	0.874781	0.0473201            	0.208514	0.398542	1  	0.133339
25 	384  	242      	312     	0.5	0.837794	0.876021	0.0470668            	0.208514	0.394556	1  	0.13408 
26 	370  	228      	312     	0.5	0.838493	0.876021	0.0470287            	0.208514	0.394215	1  	0.134417
27 	374  	242      	312     	0.5	0.839922	0.876906	0.0465134            	0.204124	0.39018 	1  	0.13513 
28 	372  	231      	312     	0.5	0.841414	0.87723 	0.0462773            	0.204124	0.386493	1  	0.135282
29 	387  	244      	312     	0.5	0.842824	0.884983	0.0459847            	0.204124	0.382083	1  	0.136034
30 	372  	239      	312     	0.5	0.844128	0.884983	0.0456849            	0.204124	0.379048	1  	0.135924
31 	383  	257      	312     	0.5	0.845146	0.884983	0.0454522            	0.204124	0.376373	1  	0.136025
32 	384  	244      	312     	0.5	0.846918	0.884983	0.0444325            	0.204124	0.372157	1  	0.13446 
33 	379  	245      	312     	0.5	0.848707	0.884983	0.0432827            	0.204124	0.366423	1  	0.133091
34 	389  	240      	312     	0.5	0.848514	0.884983	0.0444489            	0.204124	0.369529	1  	0.13391 
35 	379  	245      	312     	0.5	0.850039	0.884983	0.0433264            	0.204124	0.366106	1  	0.133343
36 	399  	250      	312     	0.5	0.850099	0.884983	0.0440877            	0.204124	0.368926	1  	0.133918
37 	367  	248      	312     	0.5	0.851297	0.884983	0.0436576            	0.204124	0.366411	1  	0.133141
38 	385  	254      	312     	0.5	0.851878	0.885449	0.0438936            	0.204124	0.3666  	1  	0.132906
39 	385  	241      	312     	0.5	0.852248	0.885449	0.0440655            	0.204124	0.366568	1  	0.132965
40 	395  	252      	312     	0.5	0.852767	0.885449	0.044249             	0.204124	0.366023	1  	0.132996
41 	387  	247      	312     	0.5	0.853134	0.88871 	0.0444892            	0.204124	0.366941	1  	0.132764
42 	386  	250      	312     	0.5	0.853787	0.88871 	0.0447213            	0.204124	0.366315	1  	0.133018
43 	374  	229      	312     	0.5	0.85499 	0.88871 	0.0442131            	0.204124	0.362637	1  	0.132899
44 	389  	235      	312     	0.5	0.85483 	0.889221	0.0448037            	0.204124	0.365631	1  	0.133692
45 	391  	248      	312     	0.5	0.85428 	0.889221	0.0458505            	0.204124	0.369577	1  	0.133684
46 	381  	239      	312     	0.5	0.854622	0.889221	0.0460243            	0.204124	0.370757	1  	0.132969
47 	391  	238      	312     	0.5	0.855122	0.889221	0.0460782            	0.204124	0.370641	1  	0.13277 
48 	368  	243      	312     	0.5	0.855508	0.889621	0.0459618            	0.204124	0.371719	1  	0.132073
49 	377  	251      	312     	0.5	0.85669 	0.889621	0.0454875            	0.204124	0.368332	1  	0.131498

ASSIGNING STRATA FOR MULTI-OUTCOME DATA LGG_MV
Assigning strata for outcome named survival of type survival
Counts:
censored 0: 160
censored 1: 93
deceased 0: 39
deceased 1: 37
VIEW: LOG_MRNA
   	     	         	        	       survival SKSurv Cox model concordance index       	                 root leanness                  
   	     	         	        	---------------------------------------------------------	------------------------------------------------
gen	evals	gen_feats	explored	min     	avg     	max     	std             	min     	avg     	max	std     
0  	500  	65       	65      	0.391715	0.729388	0.921039	0.130345        	0.140028	0.259832	1  	0.168841
1  	384  	312      	312     	0.5     	0.825458	0.927383	0.0713732       	0.140028	0.295459	1  	0.128713
2  	375  	385      	551     	0.5     	0.850444	0.929124	0.0739859       	0.185695	0.333383	1  	0.134077
3  	387  	419      	775     	0.5     	0.859924	0.929154	0.0658438       	0.185695	0.336924	1  	0.133968
4  	366  	470      	1010    	0.5     	0.86516 	0.929154	0.0631021       	0.185695	0.337608	1  	0.133627
5  	370  	387      	1182    	0.5     	0.869817	0.930547	0.0594478       	0.176777	0.339887	1  	0.132647
6  	373  	424      	1375    	0.5     	0.87375 	0.930547	0.0576474       	0.176777	0.339341	1  	0.133084
7  	375  	444      	1588    	0.5     	0.876819	0.930547	0.0555028       	0.176777	0.338863	1  	0.13317 
8  	367  	413      	1792    	0.5     	0.879396	0.933425	0.0545878       	0.176777	0.338864	1  	0.133286
9  	368  	415      	1977    	0.5     	0.88157 	0.933425	0.0542143       	0.176777	0.337347	1  	0.133576
10 	381  	400      	2150    	0.5     	0.884672	0.933425	0.0527743       	0.176777	0.334813	1  	0.132515
11 	393  	422      	2331    	0.5     	0.886408	0.933425	0.0521603       	0.176777	0.334273	1  	0.133004
12 	366  	428      	2502    	0.5     	0.887878	0.933425	0.0517073       	0.176777	0.334055	1  	0.13322 
13 	366  	430      	2687    	0.5     	0.890472	0.93417 	0.0508835       	0.176777	0.331133	1  	0.133477
14 	367  	409      	2830    	0.5     	0.892373	0.93417 	0.0498028       	0.179605	0.329618	1  	0.132056
15 	393  	435      	3003    	0.5     	0.892446	0.93417 	0.0501291       	0.182574	0.33345 	1  	0.132758
16 	392  	442      	3161    	0.5     	0.894624	0.935878	0.0490288       	0.19245 	0.330656	1  	0.131444
17 	362  	433      	3302    	0.5     	0.895523	0.935878	0.0490407       	0.19245 	0.330163	1  	0.131794
18 	392  	452      	3459    	0.5     	0.896164	0.935878	0.0489374       	0.188982	0.330884	1  	0.131311
19 	368  	423      	3589    	0.5     	0.896842	0.935878	0.0490815       	0.188982	0.330748	1  	0.131412
20 	385  	471      	3754    	0.5     	0.89764 	0.938406	0.0491686       	0.188982	0.330494	1  	0.131594
21 	373  	476      	3918    	0.5     	0.898273	0.938406	0.0491643       	0.188982	0.330754	1  	0.131418
22 	378  	443      	4056    	0.5     	0.898922	0.939645	0.0492811       	0.188982	0.330672	1  	0.131508
23 	378  	456      	4195    	0.5     	0.899709	0.939645	0.0488789       	0.188982	0.330601	1  	0.131599
24 	372  	448      	4320    	0.5     	0.900422	0.941198	0.0489342       	0.188982	0.330321	1  	0.1318  
25 	384  	463      	4449    	0.5     	0.899711	0.941198	0.0496694       	0.188982	0.334593	1  	0.132733
26 	368  	479      	4594    	0.5     	0.900198	0.942955	0.0495855       	0.188982	0.334676	1  	0.132704
27 	393  	446      	4706    	0.5     	0.900837	0.946388	0.0496486       	0.188982	0.334676	1  	0.132696
28 	359  	454      	4824    	0.5     	0.902728	0.946388	0.0487917       	0.188982	0.33011 	1  	0.1323  
29 	352  	427      	4930    	0.5     	0.90231 	0.948859	0.0496988       	0.185695	0.332812	1  	0.133621
30 	392  	448      	5040    	0.5     	0.902694	0.948859	0.0498419       	0.185695	0.333678	1  	0.133262
31 	360  	451      	5143    	0.5     	0.904632	0.948859	0.0491931       	0.182574	0.329419	1  	0.132525
32 	381  	467      	5238    	0.5     	0.905176	0.948859	0.0493178       	0.182574	0.329331	1  	0.132674
33 	389  	458      	5319    	0.5     	0.906446	0.948859	0.0494679       	0.182574	0.326075	1  	0.133155
34 	378  	450      	5402    	0.5     	0.906634	0.948859	0.0497109       	0.176777	0.326596	1  	0.133626
35 	392  	482      	5515    	0.5     	0.906521	0.948859	0.0497078       	0.176777	0.32929 	1  	0.132787
36 	368  	460      	5594    	0.5     	0.906821	0.948859	0.0497305       	0.176777	0.329766	1  	0.132462
37 	369  	449      	5679    	0.5     	0.907201	0.948859	0.0496544       	0.176777	0.32969 	1  	0.132547
38 	371  	444      	5767    	0.5     	0.908211	0.948859	0.0498388       	0.176777	0.327071	1  	0.133691
39 	363  	439      	5849    	0.5     	0.909421	0.951839	0.0491125       	0.176777	0.323833	1  	0.13292 
40 	382  	489      	5940    	0.5     	0.909735	0.951839	0.0492098       	0.176777	0.323623	1  	0.1331  
41 	368  	451      	6030    	0.5     	0.910015	0.951839	0.0492326       	0.176777	0.324186	1  	0.13261 
42 	391  	460      	6110    	0.5     	0.910398	0.954692	0.0492845       	0.176777	0.324089	1  	0.132668
43 	384  	422      	6172    	0.5     	0.909492	0.954692	0.0505417       	0.176777	0.327808	1  	0.133722
44 	378  	456      	6243    	0.5     	0.9098  	0.954692	0.0506257       	0.176777	0.327658	1  	0.134194
45 	381  	445      	6324    	0.5     	0.911569	0.954692	0.0495072       	0.176777	0.323313	1  	0.133274
46 	383  	422      	6399    	0.5     	0.912477	0.954692	0.0496883       	0.176777	0.320449	1  	0.134049
47 	365  	396      	6445    	0.5     	0.913552	0.954692	0.0489362       	0.174078	0.317851	1  	0.132939
48 	392  	449      	6502    	0.5     	0.913891	0.954692	0.0490919       	0.171499	0.317687	1  	0.133019
49 	392  	455      	6579    	0.5     	0.914455	0.954692	0.0492493       	0.171499	0.31652 	1  	0.133589

STARTING MASTER RUNNER RESAMPLING
Generations completed = 5
Generations completed = 14
Generations completed = 23
Generations completed = 32
Generations completed = 41
Generations completed = 49
MASTER
   	     	         	        	       survival SKSurv Cox model concordance index       	                      root leanness                      
   	     	         	        	---------------------------------------------------------	---------------------------------------------------------
gen	evals	gen_feats	explored	min     	avg     	max     	std             	min     	avg     	max     	std      
0  	500  	376      	376     	0.414603	0.794645	0.938115	0.131526        	0.144338	0.22306 	0.57735 	0.0585221
1  	395  	345      	403     	0.659391	0.886953	0.938115	0.039874        	0.166667	0.252615	0.57735 	0.0559625
2  	398  	345      	418     	0.73167 	0.901862	0.938115	0.0254409       	0.171499	0.26581 	0.57735 	0.06263  
3  	392  	328      	432     	0.73167 	0.903568	0.938115	0.0278224       	0.171499	0.276751	0.57735 	0.0692995
4  	383  	325      	443     	0.73167 	0.906309	0.939873	0.026416        	0.171499	0.280834	0.57735 	0.0741442
5  	382  	317      	447     	0.695175	0.907039	0.939873	0.028557        	0.174078	0.287746	0.707107	0.0818124
6  	390  	314      	453     	0.695175	0.907663	0.939873	0.0289294       	0.174078	0.292016	0.707107	0.085679 
7  	395  	310      	457     	0.695175	0.908269	0.939873	0.0298126       	0.174078	0.295818	0.707107	0.0881179
8  	402  	317      	460     	0.695175	0.907725	0.940223	0.0331206       	0.174078	0.300723	0.707107	0.0932127
9  	400  	325      	461     	0.695175	0.90741 	0.940223	0.0344058       	0.174078	0.304725	0.707107	0.0957779
10 	396  	316      	462     	0.695175	0.90725 	0.940223	0.0359919       	0.176777	0.307408	0.707107	0.0987795
11 	387  	325      	462     	0.695175	0.908044	0.940223	0.0359095       	0.176777	0.308006	0.707107	0.0982471
12 	380  	309      	462     	0.695175	0.908931	0.941246	0.0357232       	0.176777	0.307754	0.707107	0.0983809
13 	399  	299      	462     	0.695175	0.908682	0.941246	0.0369373       	0.176777	0.309461	0.707107	0.100462 
14 	400  	308      	462     	0.695175	0.90877 	0.941246	0.0375472       	0.179605	0.31122 	0.707107	0.101382 
15 	397  	315      	462     	0.695175	0.909303	0.941246	0.0376131       	0.179605	0.311564	0.707107	0.102189 
16 	389  	326      	462     	0.695175	0.909403	0.941794	0.0375349       	0.182574	0.313097	0.707107	0.103436 
17 	388  	307      	463     	0.695175	0.910054	0.941794	0.0366409       	0.182574	0.312968	0.707107	0.103575 
18 	392  	312      	463     	0.695175	0.909898	0.941794	0.0375893       	0.182574	0.314477	0.707107	0.105959 
19 	396  	287      	463     	0.695175	0.910234	0.941794	0.0377391       	0.182574	0.315013	0.707107	0.108206 
20 	388  	288      	463     	0.695175	0.910816	0.942315	0.0371399       	0.182574	0.315265	0.707107	0.108036 
21 	387  	293      	463     	0.695175	0.910666	0.942315	0.0380156       	0.182574	0.316097	0.707107	0.109492 
22 	400  	300      	463     	0.695175	0.91083 	0.942315	0.0381066       	0.182574	0.317002	0.707107	0.110792 
23 	407  	298      	463     	0.695175	0.91138 	0.942315	0.0376264       	0.182574	0.316638	0.707107	0.110998 
24 	388  	286      	463     	0.695175	0.911343	0.942315	0.0379367       	0.188982	0.317817	0.707107	0.111419 
25 	364  	290      	464     	0.695175	0.911839	0.943194	0.037566        	0.188982	0.317147	0.707107	0.110497 
26 	392  	292      	464     	0.695175	0.911617	0.943194	0.0379034       	0.188982	0.318285	0.707107	0.111026 
27 	402  	296      	464     	0.695175	0.911924	0.94512 	0.0383147       	0.188982	0.318045	0.707107	0.111841 
28 	387  	276      	464     	0.695175	0.911068	0.94512 	0.0389528       	0.188982	0.322232	0.707107	0.112949 
29 	371  	297      	464     	0.695175	0.911643	0.94512 	0.0387221       	0.188982	0.321008	0.707107	0.112679 
30 	390  	289      	464     	0.695175	0.912075	0.94512 	0.0383641       	0.188982	0.320613	0.707107	0.11198  
31 	391  	303      	464     	0.695175	0.912126	0.94512 	0.0383227       	0.188982	0.321007	0.707107	0.112099 
32 	398  	292      	464     	0.695175	0.911955	0.94512 	0.0385618       	0.188982	0.321828	0.707107	0.112412 
33 	402  	295      	464     	0.695175	0.912392	0.94512 	0.0381949       	0.188982	0.321114	0.707107	0.11172  
34 	381  	294      	464     	0.695175	0.912555	0.94512 	0.038119        	0.188982	0.320942	0.707107	0.111825 
35 	395  	309      	464     	0.695175	0.911956	0.94512 	0.0392979       	0.188982	0.32305 	0.707107	0.114172 
36 	381  	289      	464     	0.695175	0.911826	0.94512 	0.0394313       	0.19245 	0.324184	0.707107	0.115211 
37 	390  	282      	464     	0.5     	0.911019	0.94512 	0.0434288       	0.188982	0.325974	1       	0.118863 
38 	402  	280      	464     	0.5     	0.910862	0.94512 	0.0434372       	0.188982	0.32726 	1       	0.118776 
39 	400  	309      	464     	0.5     	0.909934	0.94512 	0.0458429       	0.188982	0.328941	1       	0.12213  
40 	393  	283      	464     	0.5     	0.909975	0.94512 	0.0458506       	0.188982	0.329063	1       	0.122014 
41 	399  	295      	464     	0.5     	0.909601	0.94512 	0.0459932       	0.188982	0.33086 	1       	0.122195 
42 	415  	305      	464     	0.5     	0.909421	0.94512 	0.0470816       	0.188982	0.330931	1       	0.124197 
43 	398  	284      	464     	0.5     	0.908248	0.94512 	0.0489439       	0.188982	0.333884	1       	0.127212 
44 	376  	275      	464     	0.5     	0.907968	0.94512 	0.0494311       	0.188982	0.334545	1       	0.12842  
45 	408  	291      	464     	0.5     	0.90785 	0.94512 	0.050043        	0.188982	0.334659	1       	0.129771 
46 	403  	294      	464     	0.5     	0.907389	0.94512 	0.0512545       	0.188982	0.335363	1       	0.131644 
47 	413  	294      	464     	0.5     	0.907218	0.94512 	0.0512592       	0.188982	0.336072	1       	0.132072 
48 	401  	311      	464     	0.5     	0.907297	0.94512 	0.0512579       	0.188982	0.335891	1       	0.132138 
49 	395  	293      	464     	0.5     	0.907132	0.94512 	0.0521136       	0.188982	0.336062	1       	0.133624 

CURRENT HALLS OF FAME

PARETO FRONT
Number of solutions = 21
Features in hall of fame by prevalence:
43 features: [2_RAD18.56852, 2_HGSNAT.138050, 2_HILS1.373861, 0_age_at_initial_pathologic_diagnosis, 2_ABCA12.26154, 2_ZNF630.57232, 2_ZNF648.127665, 2_EFHB.151651, 2_ZNF311.282890, 2_SNTG2.54221, 2_FAM66C.440078, 2_UBA1.7317, 2_GMPR.2766, 2_LOC100132288.100132288, 2_RNF113B.140432, 2_UNG.7374, 1_hsa.miR.15b.5p, 2_ERBB2.2064, 2_HIST2H3D.653604, 2_PTTG3P.26255, 2_SLC7A3.84889, 1_hsa.miR.23b.5p, 2_C20orf123.128506, 2_EVX2.344191, 2_KLF16.83855, 2_KLHL9.55958, 2_OSR2.116039, 2_REN.5972, 2_SLC33A1.9197, 2_BICD1.636, 2_NACA2.342538, 2_NMB.4828, 1_hsa.miR.1266.5p, 1_hsa.miR.193a.3p, 1_hsa.miR.335.5p, 1_hsa.miR.551b.3p, 1_hsa.miR.615.3p, 1_hsa.miR.664a.3p, 1_hsa.miR.671.5p, 1_hsa.miR.9.3p, 2_DKKL1.27120, 2_GPR156.165829, 2_UTP20.27340]

LAST POPULATION
Number of solutions = 500
Features in hall of fame by prevalence:
128 features: [2_RAD18.56852, 2_HGSNAT.138050, 2_HILS1.373861, 0_age_at_initial_pathologic_diagnosis, 2_ZNF648.127665, 2_ZNF630.57232, 2_EFHB.151651, 2_ABCA12.26154, 2_SNTG2.54221, 2_FAM66C.440078, 2_ZNF311.282890, 1_hsa.miR.15b.5p, 2_UNG.7374, 2_UBA1.7317, 2_LOC100132288.100132288, 2_RNF113B.140432, 2_HIST2H3D.653604, 2_GMPR.2766, 2_ERBB2.2064, 2_PTTG3P.26255, 2_OSR2.116039, 2_SLC7A3.84889, 2_EVX2.344191, 2_C20orf123.128506, 2_KLF16.83855, 2_NACA2.342538, 2_REN.5972, 2_SLC33A1.9197, 2_DKKL1.27120, 2_NMB.4828, 1_hsa.miR.615.3p, 2_KLHL9.55958, 1_hsa.miR.23b.5p, 2_BICD1.636, 2_SULF2.55959, 1_hsa.miR.346, 1_hsa.miR.664a.3p, 1_hsa.miR.148a.5p, 1_hsa.miR.335.3p, 1_hsa.miR.146b.3p, 1_hsa.miR.149.3p, 2_ATP5O.539, 2_MAP1LC3A.84557, 1_hsa.miR.671.5p, 1_hsa.miR.148a.3p, 1_hsa.miR.335.5p, 2_GRAMD1C.54762, 1_hsa.miR.10a.5p, 1_hsa.miR.222.5p, 1_hsa.miR.1266.5p, 1_hsa.miR.181b.5p, 1_hsa.miR.196a.5p, 1_hsa.miR.21.3p, 1_hsa.miR.302a.5p, 1_hsa.miR.361.3p, 1_hsa.miR.455.5p, 2_GPR156.165829, 1_hsa.miR.651.5p, 1_hsa.miR.142.5p, 1_hsa.miR.155.5p, 1_hsa.miR.1976, 1_hsa.miR.4423.5p, 2_ST7L.54879, 2_UTP20.27340, 1_hsa.miR.125a.3p, 1_hsa.miR.200a.3p, 1_hsa.miR.200a.5p, 1_hsa.miR.9.3p, 1_hsa.miR.10b.5p, 1_hsa.miR.125b.1.3p, 1_hsa.miR.221.5p, 1_hsa.miR.3677.3p, 1_hsa.miR.432.5p, 1_hsa.miR.550a.3p, 1_hsa.miR.99b.5p, 1_hsa.miR.1296.5p, 1_hsa.miR.193a.3p, 1_hsa.miR.24.1.5p, 1_hsa.miR.423.5p, 1_hsa.miR.550a.5p, 1_hsa.miR.551b.3p, 1_hsa.miR.574.3p, 1_hsa.miR.766.3p, 2_AGTR1.185, 2_C6orf58.352999, 2_LSM1.27257, 2_MSRB2.22921, 2_NRK.203447, 1_hsa.miR.204.3p, 1_hsa.miR.222.3p, 1_hsa.miR.3923, 1_hsa.miR.4431, 1_hsa.miR.4724.5p, 1_hsa.miR.7974, 2_EFNB1.1947, 2_FEZF1.389549, 2_SHMT2.6472, 1_hsa.miR.135a.3p, 1_hsa.miR.150.5p, 1_hsa.miR.151b, ...]

BEST SUMS WITH SIZE 50
Number of solutions = 50
Features in hall of fame by prevalence:
32 features: [0_age_at_initial_pathologic_diagnosis, 2_GPR156.165829, 1_hsa.miR.15b.5p, 2_ZNF648.127665, 2_RAD18.56852, 1_hsa.miR.146b.3p, 1_hsa.miR.664a.3p, 2_MSRB2.22921, 2_OSR2.116039, 2_SULF2.55959, 1_hsa.miR.23b.5p, 2_ABCA12.26154, 2_EFNB1.1947, 1_hsa.miR.10a.5p, 1_hsa.miR.10b.5p, 1_hsa.miR.1266.5p, 1_hsa.miR.148a.5p, 1_hsa.miR.149.3p, 1_hsa.miR.155.5p, 1_hsa.miR.1976, 1_hsa.miR.21.3p, 1_hsa.miR.222.5p, 1_hsa.miR.335.3p, 1_hsa.miR.335.5p, 1_hsa.miR.3677.3p, 1_hsa.miR.550a.5p, 1_hsa.miR.671.5p, 2_CDC6.990, 2_OTX1.5013, 2_PBK.55872, 2_UBL4A.8266, 2_ZNF347.84671]

BEST SUMS WITH SIZE 100
Number of solutions = 100
Features in hall of fame by prevalence:
49 features: [0_age_at_initial_pathologic_diagnosis, 2_RAD18.56852, 2_ZNF648.127665, 1_hsa.miR.15b.5p, 2_GPR156.165829, 2_MSRB2.22921, 1_hsa.miR.664a.3p, 1_hsa.miR.23b.5p, 1_hsa.miR.335.5p, 2_ABCA12.26154, 2_SULF2.55959, 1_hsa.miR.146b.3p, 1_hsa.miR.335.3p, 2_OSR2.116039, 1_hsa.miR.1266.5p, 1_hsa.miR.149.3p, 1_hsa.miR.21.3p, 1_hsa.miR.3677.3p, 1_hsa.miR.550a.5p, 2_EFNB1.1947, 1_hsa.miR.10a.5p, 1_hsa.miR.200a.5p, 1_hsa.miR.222.5p, 1_hsa.miR.574.3p, 2_MIR155HG.114614, 1_hsa.miR.10b.5p, 1_hsa.miR.125a.3p, 1_hsa.miR.148a.3p, 1_hsa.miR.148a.5p, 1_hsa.miR.155.5p, 1_hsa.miR.196a.5p, 1_hsa.miR.1976, 1_hsa.miR.204.3p, 1_hsa.miR.671.5p, 1_hsa.miR.887.5p, 1_hsa.miR.302a.5p, 2_ARL4C.10123, 2_C2orf70.339778, 2_CDC6.990, 2_FEZF1.389549, 2_HGSNAT.138050, 2_HILS1.373861, 2_MBNL3.55796, 2_NRK.203447, 2_OTX1.5013, 2_PBK.55872, 2_TBPL1.9519, 2_UBL4A.8266, 2_ZNF347.84671]

STARTING SWEEP NUMBER 2
folds_creator_seed = 3075241297

ASSIGNING STRATA FOR MULTI-OUTCOME DATA LGG_MV
Assigning strata for outcome named survival of type survival
Counts:
censored 0: 160
censored 1: 93
deceased 0: 39
deceased 1: 37
ga_runner_seed = 2673890628
VIEW: CLINIC
   	     	         	        	survival SKSurv Cox model concordance index	                 root leanness                  
   	     	         	        	----------------------------------------   	------------------------------------------------
gen	evals	gen_feats	explored	min	avg     	max    	std                   	min     	avg     	max	std     
0  	0    	1        	1       	0.5	0.669552	0.75231	0.118456              	0.707107	0.803176	1  	0.137509
1  	262  	1        	1       	0.5	0.626155	0.75231	0.126155              	0.707107	0.853553	1  	0.146447
2  	240  	1        	1       	0.5	0.626155	0.75231	0.126155              	0.707107	0.853553	1  	0.146447
3  	247  	1        	1       	0.5	0.626155	0.75231	0.126155              	0.707107	0.853553	1  	0.146447
4  	245  	1        	1       	0.5	0.626155	0.75231	0.126155              	0.707107	0.853553	1  	0.146447
5  	248  	1        	1       	0.5	0.626155	0.75231	0.126155              	0.707107	0.853553	1  	0.146447
6  	253  	1        	1       	0.5	0.626155	0.75231	0.126155              	0.707107	0.853553	1  	0.146447
7  	234  	1        	1       	0.5	0.626155	0.75231	0.126155              	0.707107	0.853553	1  	0.146447
8  	247  	1        	1       	0.5	0.626155	0.75231	0.126155              	0.707107	0.853553	1  	0.146447
9  	258  	1        	1       	0.5	0.626155	0.75231	0.126155              	0.707107	0.853553	1  	0.146447
10 	255  	1        	1       	0.5	0.626155	0.75231	0.126155              	0.707107	0.853553	1  	0.146447
11 	268  	1        	1       	0.5	0.626155	0.75231	0.126155              	0.707107	0.853553	1  	0.146447
12 	257  	1        	1       	0.5	0.626155	0.75231	0.126155              	0.707107	0.853553	1  	0.146447
13 	265  	1        	1       	0.5	0.626155	0.75231	0.126155              	0.707107	0.853553	1  	0.146447
14 	244  	1        	1       	0.5	0.626155	0.75231	0.126155              	0.707107	0.853553	1  	0.146447
15 	230  	1        	1       	0.5	0.626155	0.75231	0.126155              	0.707107	0.853553	1  	0.146447
16 	249  	1        	1       	0.5	0.626155	0.75231	0.126155              	0.707107	0.853553	1  	0.146447
17 	250  	1        	1       	0.5	0.626155	0.75231	0.126155              	0.707107	0.853553	1  	0.146447
18 	261  	1        	1       	0.5	0.626155	0.75231	0.126155              	0.707107	0.853553	1  	0.146447
19 	246  	1        	1       	0.5	0.626155	0.75231	0.126155              	0.707107	0.853553	1  	0.146447
20 	247  	1        	1       	0.5	0.626155	0.75231	0.126155              	0.707107	0.853553	1  	0.146447
21 	253  	1        	1       	0.5	0.626155	0.75231	0.126155              	0.707107	0.853553	1  	0.146447
22 	268  	1        	1       	0.5	0.626155	0.75231	0.126155              	0.707107	0.853553	1  	0.146447
23 	257  	1        	1       	0.5	0.626155	0.75231	0.126155              	0.707107	0.853553	1  	0.146447
24 	257  	1        	1       	0.5	0.626155	0.75231	0.126155              	0.707107	0.853553	1  	0.146447
25 	260  	1        	1       	0.5	0.626155	0.75231	0.126155              	0.707107	0.853553	1  	0.146447
26 	255  	1        	1       	0.5	0.626155	0.75231	0.126155              	0.707107	0.853553	1  	0.146447
27 	235  	1        	1       	0.5	0.626155	0.75231	0.126155              	0.707107	0.853553	1  	0.146447
28 	235  	1        	1       	0.5	0.626155	0.75231	0.126155              	0.707107	0.853553	1  	0.146447
29 	245  	1        	1       	0.5	0.626155	0.75231	0.126155              	0.707107	0.853553	1  	0.146447
30 	253  	1        	1       	0.5	0.626155	0.75231	0.126155              	0.707107	0.853553	1  	0.146447
31 	257  	1        	1       	0.5	0.626155	0.75231	0.126155              	0.707107	0.853553	1  	0.146447
32 	267  	1        	1       	0.5	0.626155	0.75231	0.126155              	0.707107	0.853553	1  	0.146447
33 	261  	1        	1       	0.5	0.626155	0.75231	0.126155              	0.707107	0.853553	1  	0.146447
34 	241  	1        	1       	0.5	0.626155	0.75231	0.126155              	0.707107	0.853553	1  	0.146447
35 	258  	1        	1       	0.5	0.626155	0.75231	0.126155              	0.707107	0.853553	1  	0.146447
36 	265  	1        	1       	0.5	0.626155	0.75231	0.126155              	0.707107	0.853553	1  	0.146447
37 	244  	1        	1       	0.5	0.626155	0.75231	0.126155              	0.707107	0.853553	1  	0.146447
38 	240  	1        	1       	0.5	0.626155	0.75231	0.126155              	0.707107	0.853553	1  	0.146447
39 	254  	1        	1       	0.5	0.626155	0.75231	0.126155              	0.707107	0.853553	1  	0.146447
40 	237  	1        	1       	0.5	0.626155	0.75231	0.126155              	0.707107	0.853553	1  	0.146447
41 	252  	1        	1       	0.5	0.626155	0.75231	0.126155              	0.707107	0.853553	1  	0.146447
42 	247  	1        	1       	0.5	0.626155	0.75231	0.126155              	0.707107	0.853553	1  	0.146447
43 	251  	1        	1       	0.5	0.626155	0.75231	0.126155              	0.707107	0.853553	1  	0.146447
44 	262  	1        	1       	0.5	0.626155	0.75231	0.126155              	0.707107	0.853553	1  	0.146447
45 	253  	1        	1       	0.5	0.626155	0.75231	0.126155              	0.707107	0.853553	1  	0.146447
46 	247  	1        	1       	0.5	0.626155	0.75231	0.126155              	0.707107	0.853553	1  	0.146447
47 	250  	1        	1       	0.5	0.626155	0.75231	0.126155              	0.707107	0.853553	1  	0.146447
48 	253  	1        	1       	0.5	0.626155	0.75231	0.126155              	0.707107	0.853553	1  	0.146447
49 	249  	1        	1       	0.5	0.626155	0.75231	0.126155              	0.707107	0.853553	1  	0.146447

ASSIGNING STRATA FOR MULTI-OUTCOME DATA LGG_MV
Assigning strata for outcome named survival of type survival
Counts:
censored 0: 160
censored 1: 93
deceased 0: 39
deceased 1: 37
VIEW: LOG_MIRNA
   	     	         	        	   survival SKSurv Cox model concordance index   	                 root leanness                  
   	     	         	        	-------------------------------------------------	------------------------------------------------
gen	evals	gen_feats	explored	min	avg     	max     	std                  	min     	avg     	max	std     
0  	0    	63       	63      	0.5	0.71364 	0.872046	0.105528             	0.333333	0.71211 	1  	0.147608
1  	345  	184      	191     	0.5	0.738914	0.872046	0.0769355            	0.333333	0.613245	1  	0.101718
2  	365  	220      	258     	0.5	0.721539	0.872046	0.074226             	0.301511	0.567755	1  	0.100145
3  	367  	248      	289     	0.5	0.74314 	0.872046	0.0641003            	0.301511	0.552599	1  	0.109626
4  	373  	256      	302     	0.5	0.757387	0.872046	0.0600906            	0.288675	0.5418  	1  	0.112503
5  	364  	240      	307     	0.5	0.764543	0.872046	0.0592636            	0.288675	0.536529	1  	0.114629
6  	400  	252      	311     	0.5	0.770141	0.872046	0.0589218            	0.288675	0.531927	1  	0.118171
7  	379  	235      	311     	0.5	0.774547	0.872046	0.0581287            	0.288675	0.527729	1  	0.118311
8  	363  	242      	311     	0.5	0.778972	0.872046	0.0559692            	0.27735 	0.519894	1  	0.121214
9  	368  	248      	312     	0.5	0.781476	0.872046	0.0555411            	0.27735 	0.516178	1  	0.122833
10 	387  	249      	312     	0.5	0.784804	0.872046	0.0547363            	0.258199	0.509029	1  	0.125806
11 	381  	244      	312     	0.5	0.786141	0.872046	0.0554764            	0.242536	0.50966 	1  	0.126665
12 	381  	242      	312     	0.5	0.788549	0.872046	0.0547036            	0.242536	0.505183	1  	0.127433
13 	377  	248      	312     	0.5	0.79169 	0.872046	0.0540273            	0.235702	0.496814	1  	0.130845
14 	375  	239      	312     	0.5	0.794176	0.872046	0.053081             	0.235702	0.490895	1  	0.133024
15 	370  	260      	312     	0.5	0.796698	0.872046	0.0520495            	0.235702	0.483674	1  	0.135388
16 	369  	224      	312     	0.5	0.799712	0.872046	0.0505826            	0.235702	0.472981	1  	0.138058
17 	371  	256      	312     	0.5	0.803697	0.872046	0.0483656            	0.242536	0.458515	1  	0.140003
18 	367  	251      	312     	0.5	0.806845	0.872046	0.0462527            	0.242536	0.445096	1  	0.141465
19 	380  	247      	312     	0.5	0.811602	0.872046	0.0426068            	0.235702	0.427847	1  	0.139586
20 	376  	241      	312     	0.5	0.814492	0.872046	0.0405771            	0.235702	0.417589	1  	0.137966
21 	372  	252      	312     	0.5	0.816542	0.872046	0.0401349            	0.235702	0.412276	1  	0.138068
22 	368  	250      	312     	0.5	0.817691	0.872046	0.0401901            	0.235702	0.414901	1  	0.135963
23 	386  	248      	312     	0.5	0.819337	0.872046	0.0395512            	0.235702	0.409664	1  	0.135609
24 	382  	241      	312     	0.5	0.820219	0.872046	0.0397822            	0.229416	0.41064 	1  	0.13514 
25 	386  	246      	312     	0.5	0.82173 	0.872046	0.0389743            	0.235702	0.406229	1  	0.134326
26 	357  	234      	312     	0.5	0.822557	0.872046	0.0393307            	0.235702	0.407524	1  	0.133204
27 	398  	245      	312     	0.5	0.823402	0.872046	0.0397262            	0.235702	0.409347	1  	0.13191 
28 	387  	259      	312     	0.5	0.823856	0.872046	0.0408217            	0.235702	0.412563	1  	0.131639
29 	376  	236      	312     	0.5	0.824739	0.872046	0.0410911            	0.235702	0.411785	1  	0.132097
30 	375  	226      	312     	0.5	0.826167	0.872046	0.0409904            	0.235702	0.408349	1  	0.132293
31 	374  	242      	312     	0.5	0.826904	0.872046	0.0413515            	0.235702	0.409219	1  	0.131845
32 	375  	249      	312     	0.5	0.827569	0.872046	0.0417055            	0.229416	0.410244	1  	0.131267
33 	377  	239      	312     	0.5	0.82805 	0.872046	0.0419383            	0.229416	0.411088	1  	0.130685
34 	389  	237      	312     	0.5	0.828206	0.872046	0.0429206            	0.229416	0.413222	1  	0.131079
35 	381  	227      	312     	0.5	0.829677	0.872046	0.0426583            	0.229416	0.410507	1  	0.13111 
36 	388  	230      	312     	0.5	0.830334	0.872046	0.0430113            	0.235702	0.411292	1  	0.130775
37 	388  	231      	312     	0.5	0.831071	0.872046	0.0432606            	0.235702	0.410055	1  	0.130943
38 	381  	225      	312     	0.5	0.831506	0.872046	0.0435405            	0.235702	0.410609	1  	0.131246
39 	370  	224      	312     	0.5	0.831695	0.872906	0.0437274            	0.229416	0.411614	1  	0.131067
40 	359  	230      	312     	0.5	0.832044	0.872906	0.0438715            	0.229416	0.411475	1  	0.131109
41 	378  	231      	312     	0.5	0.833033	0.872906	0.0436086            	0.229416	0.409003	1  	0.131027
42 	380  	230      	312     	0.5	0.833434	0.872906	0.0437663            	0.229416	0.409087	1  	0.130913
43 	363  	220      	312     	0.5	0.833805	0.872906	0.0439333            	0.229416	0.408478	1  	0.131304
44 	380  	237      	312     	0.5	0.834944	0.872906	0.0437222            	0.229416	0.404831	1  	0.131938
45 	366  	226      	312     	0.5	0.835857	0.872906	0.0433987            	0.229416	0.401707	1  	0.132219
46 	377  	223      	312     	0.5	0.836312	0.872906	0.0435504            	0.229416	0.400452	1  	0.132653
47 	361  	219      	312     	0.5	0.836488	0.872906	0.0436814            	0.223607	0.400499	1  	0.133181
48 	370  	246      	312     	0.5	0.837496	0.872906	0.0433538            	0.223607	0.397284	1  	0.133164
49 	390  	241      	312     	0.5	0.837997	0.873341	0.0435788            	0.223607	0.396673	1  	0.133298

ASSIGNING STRATA FOR MULTI-OUTCOME DATA LGG_MV
Assigning strata for outcome named survival of type survival
Counts:
censored 0: 160
censored 1: 93
deceased 0: 39
deceased 1: 37
VIEW: LOG_MRNA
   	     	         	        	   survival SKSurv Cox model concordance index   	                 root leanness                  
   	     	         	        	-------------------------------------------------	------------------------------------------------
gen	evals	gen_feats	explored	min	avg     	max     	std                  	min     	avg     	max	std     
0  	0    	64       	64      	0.5	0.891707	0.951706	0.0872136            	0.2     	0.381903	1  	0.178439
1  	379  	315      	328     	0.5	0.881907	0.951706	0.0626029            	0.2     	0.357929	1  	0.135375
2  	353  	422      	540     	0.5	0.884937	0.951706	0.0609667            	0.2     	0.353881	1  	0.128654
3  	365  	441      	768     	0.5	0.887356	0.951706	0.0630439            	0.2     	0.354501	1  	0.136142
4  	372  	446      	993     	0.5	0.892902	0.951706	0.0575445            	0.188982	0.346327	1  	0.135401
5  	371  	437      	1207    	0.5	0.895079	0.951706	0.0561032            	0.188982	0.343671	1  	0.136441
6  	371  	423      	1418    	0.5	0.897375	0.951706	0.054197             	0.188982	0.342657	1  	0.134479
7  	384  	445      	1616    	0.5	0.899846	0.951706	0.0531853            	0.188982	0.33881 	1  	0.133456
8  	395  	453      	1812    	0.5	0.900722	0.951706	0.0529676            	0.188982	0.338603	1  	0.133369
9  	395  	467      	2010    	0.5	0.902627	0.951706	0.0520047            	0.188982	0.335372	1  	0.132084
10 	385  	418      	2201    	0.5	0.903363	0.951706	0.0517818            	0.188982	0.334896	1  	0.132485
11 	393  	462      	2390    	0.5	0.903735	0.951706	0.0518975            	0.188982	0.335353	1  	0.132121
12 	359  	452      	2581    	0.5	0.904177	0.951706	0.0518261            	0.188982	0.335182	1  	0.132277
13 	378  	429      	2750    	0.5	0.904743	0.951706	0.0519678            	0.188982	0.334208	1  	0.132853
14 	400  	446      	2917    	0.5	0.906455	0.951706	0.0507082            	0.185695	0.330529	1  	0.131735
15 	385  	457      	3094    	0.5	0.906904	0.951706	0.050792             	0.185695	0.330189	1  	0.132031
16 	368  	442      	3247    	0.5	0.907983	0.951706	0.051009             	0.182574	0.326743	1  	0.13301 
17 	388  	469      	3404    	0.5	0.909066	0.951706	0.0501274            	0.179605	0.324971	1  	0.131695
18 	380  	438      	3542    	0.5	0.909517	0.951706	0.0498161            	0.182574	0.325164	1  	0.131501
19 	368  	445      	3670    	0.5	0.909823	0.951706	0.0498885            	0.182574	0.32499 	1  	0.131646
20 	379  	452      	3805    	0.5	0.910014	0.951706	0.0499116            	0.182574	0.325129	1  	0.131529
21 	396  	473      	3971    	0.5	0.910398	0.951706	0.0499353            	0.179605	0.325392	1  	0.13132 
22 	398  	445      	4104    	0.5	0.910746	0.951706	0.0500879            	0.179605	0.324977	1  	0.131631
23 	361  	481      	4253    	0.5	0.91119 	0.951706	0.0502955            	0.179605	0.32376 	1  	0.13233 
24 	376  	432      	4362    	0.5	0.911181	0.951706	0.0502956            	0.179605	0.324841	1  	0.13177 
25 	384  	476      	4504    	0.5	0.911504	0.951706	0.0502151            	0.179605	0.324478	1  	0.13203 
26 	375  	455      	4635    	0.5	0.912206	0.951706	0.050288             	0.176777	0.322676	1  	0.132299
27 	374  	426      	4724    	0.5	0.912683	0.951706	0.0502369            	0.176777	0.32204 	1  	0.132303
28 	376  	471      	4844    	0.5	0.913728	0.951706	0.0494101            	0.176777	0.319675	1  	0.131199
29 	378  	453      	4946    	0.5	0.913156	0.951706	0.0506201            	0.176777	0.32137 	1  	0.132798
30 	372  	442      	5063    	0.5	0.914216	0.951706	0.0495323            	0.176777	0.319228	1  	0.131518
31 	365  	459      	5171    	0.5	0.914459	0.951706	0.0494539            	0.176777	0.318976	1  	0.131651
32 	367  	446      	5273    	0.5	0.914865	0.951706	0.0495443            	0.176777	0.317936	1  	0.132012
33 	371  	440      	5367    	0.5	0.916243	0.951706	0.0486085            	0.176777	0.31444 	1  	0.130404
34 	381  	471      	5469    	0.5	0.916443	0.951706	0.0485471            	0.176777	0.314418	1  	0.130425
35 	383  	485      	5567    	0.5	0.916697	0.951706	0.0486599            	0.176777	0.313855	1  	0.130837
36 	375  	445      	5656    	0.5	0.917107	0.951751	0.0487861            	0.179605	0.312821	1  	0.13122 
37 	389  	470      	5750    	0.5	0.917097	0.951751	0.0486916            	0.179605	0.313508	1  	0.130964
38 	383  	490      	5840    	0.5	0.91748 	0.951751	0.04881              	0.179605	0.31247 	1  	0.131379
39 	402  	459      	5926    	0.5	0.917484	0.953143	0.0488779            	0.185695	0.313163	1  	0.131116
40 	367  	456      	6006    	0.5	0.917568	0.953143	0.0488706            	0.185695	0.31358 	1  	0.130931
41 	377  	448      	6075    	0.5	0.917763	0.953143	0.0488906            	0.185695	0.313418	1  	0.131057
42 	390  	485      	6154    	0.5	0.917894	0.953143	0.0489386            	0.185695	0.313235	1  	0.131193
43 	395  	479      	6226    	0.5	0.918283	0.953143	0.0487557            	0.185695	0.312376	1  	0.131546
44 	364  	453      	6300    	0.5	0.918417	0.953143	0.0487166            	0.185695	0.312491	1  	0.131485
45 	382  	443      	6363    	0.5	0.918543	0.953143	0.0487803            	0.185695	0.312311	1  	0.13162 
46 	387  	458      	6421    	0.5	0.919475	0.953143	0.0479768            	0.179605	0.310249	1  	0.130398
47 	386  	474      	6483    	0.5	0.919917	0.953143	0.0479122            	0.179605	0.309277	1  	0.13009 
48 	394  	460      	6532    	0.5	0.920026	0.953143	0.0480429            	0.179605	0.309182	1  	0.130435
49 	392  	479      	6601    	0.5	0.920399	0.95334 	0.0478724            	0.179605	0.308362	1  	0.130034

STARTING MASTER RUNNER RESAMPLING
Generations completed = 6
Generations completed = 16
Generations completed = 26
Generations completed = 36
Generations completed = 46
MASTER
   	     	         	        	       survival SKSurv Cox model concordance index       	                      root leanness                      
   	     	         	        	---------------------------------------------------------	---------------------------------------------------------
gen	evals	gen_feats	explored	min     	avg     	max     	std             	min     	avg     	max     	std      
0  	500  	388      	388     	0.5     	0.874484	0.942788	0.077575        	0.149071	0.230144	0.57735 	0.0603605
1  	398  	336      	411     	0.802311	0.911731	0.945578	0.022545        	0.171499	0.256904	0.57735 	0.0625601
2  	396  	334      	434     	0.75458 	0.91225 	0.945578	0.0271488       	0.174078	0.272944	0.57735 	0.0730128
3  	404  	325      	449     	0.75458 	0.912729	0.945578	0.0308494       	0.174078	0.28385 	0.57735 	0.0834246
4  	385  	331      	463     	0.777147	0.91567 	0.945578	0.0285961       	0.179605	0.286972	0.57735 	0.0858751
5  	392  	320      	470     	0.738013	0.916359	0.945578	0.0311697       	0.176777	0.289364	0.707107	0.0900523
6  	395  	336      	478     	0.738013	0.915069	0.945578	0.0344301       	0.179605	0.296722	0.707107	0.0957871
7  	381  	320      	479     	0.738013	0.914373	0.945578	0.0363845       	0.182574	0.301757	0.707107	0.099736 
8  	401  	326      	480     	0.738013	0.914608	0.946597	0.0379384       	0.169031	0.303364	0.707107	0.103446 
9  	397  	328      	482     	0.738013	0.914142	0.946597	0.0389552       	0.182574	0.30694 	0.707107	0.104026 
10 	413  	313      	482     	0.753231	0.91514 	0.946597	0.0372948       	0.182574	0.306884	0.707107	0.104095 
11 	393  	322      	482     	0.753231	0.915801	0.946597	0.0373211       	0.182574	0.306552	0.707107	0.104271 
12 	386  	295      	482     	0.753231	0.91647 	0.946597	0.0364814       	0.182574	0.305929	0.707107	0.10469  
13 	401  	305      	482     	0.704326	0.915897	0.946597	0.0386856       	0.182574	0.308379	0.707107	0.109054 
14 	401  	312      	484     	0.704326	0.917017	0.949882	0.0382464       	0.182574	0.306741	0.707107	0.109629 
15 	400  	308      	484     	0.704326	0.917442	0.949882	0.0379182       	0.182574	0.306538	0.707107	0.10978  
16 	407  	303      	484     	0.704326	0.917503	0.949882	0.0384658       	0.182574	0.307539	0.707107	0.111193 
17 	384  	299      	484     	0.704326	0.917541	0.949882	0.0385214       	0.182574	0.308626	0.707107	0.112429 
18 	389  	286      	484     	0.704326	0.917571	0.949882	0.0389332       	0.182574	0.309481	0.707107	0.114012 
19 	387  	306      	484     	0.704326	0.917993	0.949882	0.0386212       	0.182574	0.309089	0.707107	0.114179 
20 	395  	308      	484     	0.704326	0.917985	0.949882	0.0392953       	0.182574	0.309864	0.707107	0.115642 
21 	399  	319      	484     	0.5     	0.916816	0.949882	0.0443354       	0.182574	0.31214 	1       	0.121039 
22 	404  	296      	484     	0.5     	0.916365	0.949882	0.0451916       	0.182574	0.314089	1       	0.123451 
23 	402  	306      	484     	0.5     	0.916463	0.949882	0.045368        	0.182574	0.314217	1       	0.124728 
24 	377  	288      	484     	0.5     	0.917028	0.949882	0.0454097       	0.182574	0.312444	1       	0.12524  
25 	391  	305      	484     	0.5     	0.917103	0.949882	0.0451703       	0.182574	0.313235	1       	0.125052 
26 	405  	305      	484     	0.5     	0.917183	0.949882	0.0449245       	0.179605	0.313827	1       	0.125148 
27 	402  	305      	484     	0.5     	0.917302	0.949882	0.0447015       	0.179605	0.314208	1       	0.124792 
28 	397  	287      	484     	0.5     	0.916644	0.949882	0.046559        	0.179605	0.315774	1       	0.127268 
29 	377  	286      	484     	0.5     	0.91634 	0.949882	0.0470528       	0.179605	0.316933	1       	0.128472 
30 	375  	301      	484     	0.5     	0.916523	0.949882	0.047068        	0.179605	0.316387	1       	0.128517 
31 	393  	286      	484     	0.5     	0.91667 	0.949882	0.0470048       	0.179605	0.316316	1       	0.128474 
32 	394  	305      	484     	0.5     	0.916608	0.949882	0.047381        	0.179605	0.316652	1       	0.129665 
33 	406  	294      	484     	0.5     	0.916247	0.949882	0.0481839       	0.179605	0.317779	1       	0.131475 
34 	386  	287      	484     	0.5     	0.915847	0.949882	0.0489416       	0.176777	0.318575	1       	0.13304  
35 	390  	293      	484     	0.5     	0.915586	0.949882	0.0489215       	0.176777	0.319748	1       	0.133279 
36 	390  	289      	484     	0.5     	0.916116	0.949882	0.0486144       	0.176777	0.31838 	1       	0.132823 
37 	403  	303      	484     	0.5     	0.915362	0.949882	0.0494968       	0.176777	0.320824	1       	0.134064 
38 	384  	288      	484     	0.5     	0.915461	0.949882	0.0492325       	0.176777	0.320841	1       	0.134237 
39 	399  	308      	484     	0.5     	0.915662	0.949882	0.0492042       	0.176777	0.320294	1       	0.134071 
40 	389  	298      	484     	0.5     	0.915832	0.949882	0.0491191       	0.176777	0.320021	1       	0.133762 
41 	386  	286      	484     	0.5     	0.915497	0.949882	0.0493049       	0.176777	0.321232	1       	0.134118 
42 	389  	299      	484     	0.5     	0.915561	0.949882	0.0492068       	0.176777	0.321382	1       	0.134075 
43 	391  	286      	484     	0.5     	0.915596	0.949882	0.0492251       	0.176777	0.321226	1       	0.134193 
44 	388  	307      	484     	0.5     	0.915373	0.949882	0.0491491       	0.176777	0.322431	1       	0.133729 
45 	403  	297      	484     	0.5     	0.915541	0.949882	0.0491693       	0.176777	0.321888	1       	0.133986 
46 	395  	317      	484     	0.5     	0.915536	0.949882	0.0488656       	0.176777	0.322366	1       	0.133741 
47 	387  	292      	484     	0.5     	0.915591	0.949882	0.0488786       	0.176777	0.322393	1       	0.133668 
48 	398  	301      	484     	0.5     	0.915613	0.949882	0.0488848       	0.176777	0.322373	1       	0.133659 
49 	385  	295      	484     	0.5     	0.91559 	0.949882	0.0488466       	0.176777	0.322482	1       	0.133654 

CURRENT HALLS OF FAME

PARETO FRONT
Number of solutions = 20
(0.9498818670416878, 0.19611613513818404) 25 features: [0_age_at_initial_pathologic_diagnosis, 1_hsa.miR.1266.5p, 2_C20orf123.128506, 2_EFHB.151651, 2_ERBB2.2064, 2_FAM66C.440078, 2_GPR18.2841, 2_GSS.2937, 2_HGSNAT.138050, 2_HILS1.373861, 2_HIST2H3D.653604, 2_KLF16.83855, 2_KPNA2.3838, 2_OSR2.116039, 2_PITX1.5307, 2_POLR2L.5441, 2_RAD18.56852, 2_RNF113B.140432, 2_SNTG2.54221, 2_TCTEX1D4.343521, 2_TOE1.114034, 2_UNG.7374, 2_ZNF311.282890, 2_ZNF630.57232, 2_ZNF648.127665]
(0.9497710099266637, 0.21320071635561044) 21 features: [0_age_at_initial_pathologic_diagnosis, 1_hsa.miR.200b.3p, 2_ARNTL.406, 2_DKKL1.27120, 2_EFHB.151651, 2_FAM66C.440078, 2_GYS1.2997, 2_HGSNAT.138050, 2_HILS1.373861, 2_HIST2H3D.653604, 2_KLF16.83855, 2_OSR2.116039, 2_RAD18.56852, 2_RNF113B.140432, 2_SLC33A1.9197, 2_SNTG2.54221, 2_UNC93B1.81622, 2_UNG.7374, 2_ZNF311.282890, 2_ZNF630.57232, 2_ZNF648.127665]
(0.9475393901269675, 0.21821789023599236) 20 features: [0_age_at_initial_pathologic_diagnosis, 2_ARNTL.406, 2_DKKL1.27120, 2_EFHB.151651, 2_FAM66C.440078, 2_GYS1.2997, 2_HGSNAT.138050, 2_HILS1.373861, 2_HIST2H3D.653604, 2_KLF16.83855, 2_OSR2.116039, 2_RAD18.56852, 2_RNF113B.140432, 2_SLC33A1.9197, 2_SNTG2.54221, 2_UNC93B1.81622, 2_UNG.7374, 2_ZNF311.282890, 2_ZNF630.57232, 2_ZNF648.127665]
(0.9455783330978341, 0.22360679774997896) 19 features: [0_age_at_initial_pathologic_diagnosis, 1_hsa.miR.887.5p, 2_B9D2.80776, 2_EFHB.151651, 2_FAM66C.440078, 2_HGSNAT.138050, 2_HILS1.373861, 2_IDI2.91734, 2_KLF16.83855, 2_MECP2.4204, 2_MEFV.4210, 2_PRDM16.63976, 2_RAD18.56852, 2_RNF113B.140432, 2_SNTG2.54221, 2_UNG.7374, 2_ZNF311.282890, 2_ZNF630.57232, 2_ZNF648.127665]
(0.9449391925298428, 0.25) 15 features: [0_age_at_initial_pathologic_diagnosis, 1_hsa.miR.9.5p, 2_ARNTL.406, 2_EFHB.151651, 2_HGSNAT.138050, 2_HILS1.373861, 2_HIST2H3D.653604, 2_RAD18.56852, 2_RNF113B.140432, 2_SLC33A1.9197, 2_SNTG2.54221, 2_UNG.7374, 2_ZNF311.282890, 2_ZNF630.57232, 2_ZNF648.127665]
(0.943917175738151, 0.2581988897471611) 14 features: [0_age_at_initial_pathologic_diagnosis, 2_ARNTL.406, 2_EFHB.151651, 2_HGSNAT.138050, 2_HILS1.373861, 2_HIST2H3D.653604, 2_RAD18.56852, 2_RNF113B.140432, 2_SLC33A1.9197, 2_SNTG2.54221, 2_UNG.7374, 2_ZNF311.282890, 2_ZNF630.57232, 2_ZNF648.127665]
(0.9413060546915372, 0.2672612419124244) 13 features: [1_hsa.miR.23b.5p, 2_ARNTL.406, 2_EFHB.151651, 2_HGSNAT.138050, 2_HILS1.373861, 2_HIST2H3D.653604, 2_HSD17B14.51171, 2_RAD18.56852, 2_RNF113B.140432, 2_SNTG2.54221, 2_UNG.7374, 2_ZNF311.282890, 2_ZNF648.127665]
(0.9370070231530936, 0.2773500981126146) 12 features: [0_age_at_initial_pathologic_diagnosis, 1_hsa.let.7e.5p, 2_ABCA12.26154, 2_ERBB2.2064, 2_HGSNAT.138050, 2_HILS1.373861, 2_HIST2H3D.653604, 2_OSR2.116039, 2_RAD18.56852, 2_RNF113B.140432, 2_SNTG2.54221, 2_ZNF630.57232]
(0.932136719691846, 0.28867513459481287) 11 features: [2_ARNTL.406, 2_HGSNAT.138050, 2_HILS1.373861, 2_HIST2H3D.653604, 2_RAD18.56852, 2_RNF113B.140432, 2_SLC33A1.9197, 2_SNTG2.54221, 2_UNG.7374, 2_ZNF630.57232, 2_ZNF648.127665]
(0.9310126770048327, 0.30151134457776363) 10 features: [0_age_at_initial_pathologic_diagnosis, 1_hsa.let.7e.5p, 2_HGSNAT.138050, 2_KLF16.83855, 2_OSR2.116039, 2_RAD18.56852, 2_RNF113B.140432, 2_SNTG2.54221, 2_ZNF630.57232, 2_ZNF648.127665]
(0.9281287566031503, 0.31622776601683794) 9 features: [0_age_at_initial_pathologic_diagnosis, 2_HGSNAT.138050, 2_KLF16.83855, 2_OSR2.116039, 2_RAD18.56852, 2_RNF113B.140432, 2_SNTG2.54221, 2_ZNF630.57232, 2_ZNF648.127665]
(0.9246506776602543, 0.3333333333333333) 8 features: [0_age_at_initial_pathologic_diagnosis, 1_hsa.miR.15b.5p, 2_HGSNAT.138050, 2_RAD18.56852, 2_RNF113B.140432, 2_SNTG2.54221, 2_UNG.7374, 2_ZNF648.127665]
(0.9201892123448121, 0.3535533905932738) 7 features: [0_age_at_initial_pathologic_diagnosis, 1_hsa.miR.23b.5p, 2_HGSNAT.138050, 2_RAD18.56852, 2_RNF113B.140432, 2_UNG.7374, 2_ZNF648.127665]
(0.9156703852149893, 0.3779644730092272) 6 features: [0_age_at_initial_pathologic_diagnosis, 2_HGSNAT.138050, 2_RAD18.56852, 2_RNF113B.140432, 2_UNG.7374, 2_ZNF648.127665]
(0.9052418184203872, 0.408248290463863) 5 features: [0_age_at_initial_pathologic_diagnosis, 1_hsa.miR.23b.5p, 2_HGSNAT.138050, 2_RAD18.56852, 2_ZNF648.127665]
(0.8935449748200054, 0.4472135954999579) 4 features: [2_HGSNAT.138050, 2_RAD18.56852, 2_SULF2.55959, 2_ZNF648.127665]
(0.8827793342749208, 0.5) [2_HGSNAT.138050, 2_RAD18.56852, 2_ZNF648.127665]
(0.8530932742132419, 0.5773502691896257) [2_RAD18.56852, 2_ZNF648.127665]
(0.8101267042664296, 0.7071067811865476) [2_GPR156.165829]
(0.5, 1.0) []
Features in hall of fame by prevalence:
45 features: [2_RAD18.56852, 2_HGSNAT.138050, 2_ZNF648.127665, 2_RNF113B.140432, 0_age_at_initial_pathologic_diagnosis, 2_SNTG2.54221, 2_UNG.7374, 2_ZNF630.57232, 2_HILS1.373861, 2_HIST2H3D.653604, 2_EFHB.151651, 2_ZNF311.282890, 2_ARNTL.406, 2_KLF16.83855, 2_OSR2.116039, 2_SLC33A1.9197, 2_FAM66C.440078, 1_hsa.miR.23b.5p, 1_hsa.let.7e.5p, 2_DKKL1.27120, 2_ERBB2.2064, 2_GYS1.2997, 2_UNC93B1.81622, 1_hsa.miR.1266.5p, 1_hsa.miR.15b.5p, 1_hsa.miR.200b.3p, 1_hsa.miR.887.5p, 1_hsa.miR.9.5p, 2_ABCA12.26154, 2_B9D2.80776, 2_C20orf123.128506, 2_GPR156.165829, 2_GPR18.2841, 2_GSS.2937, 2_HSD17B14.51171, 2_IDI2.91734, 2_KPNA2.3838, 2_MECP2.4204, 2_MEFV.4210, 2_PITX1.5307, 2_POLR2L.5441, 2_PRDM16.63976, 2_SULF2.55959, 2_TCTEX1D4.343521, 2_TOE1.114034]

LAST POPULATION
Number of solutions = 500
Features in hall of fame by prevalence:
160 features: [2_RAD18.56852, 2_ZNF648.127665, 2_HGSNAT.138050, 2_RNF113B.140432, 2_SNTG2.54221, 2_UNG.7374, 0_age_at_initial_pathologic_diagnosis, 2_ZNF630.57232, 2_HILS1.373861, 2_EFHB.151651, 2_HIST2H3D.653604, 2_ZNF311.282890, 2_KLF16.83855, 2_FAM66C.440078, 2_OSR2.116039, 2_ARNTL.406, 1_hsa.miR.15b.5p, 2_SLC33A1.9197, 2_ERBB2.2064, 2_POLR2L.5441, 2_TCTEX1D4.343521, 2_C20orf123.128506, 2_EVX2.344191, 2_GPR18.2841, 2_PITX1.5307, 2_TOE1.114034, 2_GSS.2937, 2_KPNA2.3838, 2_MECP2.4204, 1_hsa.miR.23b.5p, 2_SLC7A3.84889, 1_hsa.miR.335.3p, 2_B9D2.80776, 2_PRDM16.63976, 2_HSD17B14.51171, 2_IDI2.91734, 1_hsa.let.7e.5p, 2_DKKL1.27120, 2_GYS1.2997, 2_MEFV.4210, 2_UNC93B1.81622, 1_hsa.miR.887.5p, 2_ASXL1.171023, 2_PTTG3P.26255, 2_SULF2.55959, 2_LOC100132288.100132288, 1_hsa.miR.615.3p, 2_BICD1.636, 2_CYP27A1.1593, 1_hsa.miR.1266.5p, 1_hsa.miR.671.5p, 1_hsa.miR.9.5p, 2_EGF.1950, 1_hsa.miR.664a.3p, 2_MAP1LC3A.84557, 2_FEZF1.389549, 2_TMEM216.51259, 1_hsa.miR.200b.3p, 1_hsa.miR.651.5p, 1_hsa.miR.27b.5p, 2_EMILIN2.84034, 1_hsa.miR.346, 1_hsa.miR.361.3p, 1_hsa.miR.4746.5p, 1_hsa.miR.99b.5p, 2_GPR156.165829, 2_GUSBP1.728411, 1_hsa.miR.148a.5p, 1_hsa.miR.4431, 2_ABCA12.26154, 2_ASL.435, 2_LOC100132215.100132215, 2_SMS.6611, 1_hsa.miR.10a.5p, 1_hsa.miR.10b.3p, 1_hsa.miR.146b.5p, 1_hsa.miR.181b.5p, 1_hsa.miR.196a.5p, 1_hsa.miR.6509.5p, 2_GRINL1A.81488, 2_NMB.4828, 2_NRK.203447, 1_hsa.miR.149.3p, 1_hsa.miR.432.5p, 1_hsa.miR.4677.3p, 1_hsa.miR.155.5p, 1_hsa.miR.3940.3p, 1_hsa.miR.4423.5p, 1_hsa.miR.6892.5p, 1_hsa.miR.302a.5p, 2_HIST1H3H.8357, 2_MSRB2.22921, 2_NEU4.129807, 2_RBM24.221662, 1_hsa.miR.1296.5p, 1_hsa.miR.142.5p, 1_hsa.miR.146b.3p, 1_hsa.miR.16.2.3p, 1_hsa.miR.200a.3p, 1_hsa.miR.21.3p, ...]

BEST SUMS WITH SIZE 50
Number of solutions = 50
Features in hall of fame by prevalence:
33 features: [1_hsa.miR.15b.5p, 2_RAD18.56852, 2_ZNF648.127665, 0_age_at_initial_pathologic_diagnosis, 2_GPR156.165829, 2_MSRB2.22921, 2_OSR2.116039, 2_SULF2.55959, 2_ABCA12.26154, 2_CDC6.990, 2_ERCC6L.54821, 2_LOC100132215.100132215, 1_hsa.let.7e.5p, 1_hsa.miR.1266.5p, 1_hsa.miR.146b.3p, 1_hsa.miR.148a.5p, 1_hsa.miR.23b.5p, 1_hsa.miR.27a.5p, 1_hsa.miR.335.3p, 1_hsa.miR.335.5p, 1_hsa.miR.664a.3p, 1_hsa.miR.9.5p, 2_CLEC18A.348174, 2_EFNB1.1947, 2_FAM120AOS.158293, 2_GGT8P.645367, 2_HILS1.373861, 2_NSUN7.79730, 2_OTX1.5013, 2_PCDHB1.29930, 2_RIPPLY2.134701, 2_SMS.6611, 2_UBL4A.8266]

BEST SUMS WITH SIZE 100
Number of solutions = 100
Features in hall of fame by prevalence:
59 features: [2_GPR156.165829, 2_RAD18.56852, 2_ZNF648.127665, 0_age_at_initial_pathologic_diagnosis, 1_hsa.miR.15b.5p, 2_ABCA12.26154, 2_MSRB2.22921, 2_OSR2.116039, 2_SULF2.55959, 1_hsa.miR.1266.5p, 1_hsa.miR.146b.3p, 1_hsa.miR.23b.5p, 1_hsa.miR.664a.3p, 2_RIPPLY2.134701, 1_hsa.miR.10a.5p, 1_hsa.miR.149.3p, 1_hsa.miR.21.3p, 1_hsa.miR.335.3p, 1_hsa.miR.3677.3p, 1_hsa.miR.9.5p, 2_CDC6.990, 2_EFNB1.1947, 2_ERCC6L.54821, 2_HILS1.373861, 2_LOC100132215.100132215, 2_SMS.6611, 1_hsa.let.7e.5p, 1_hsa.miR.10b.5p, 1_hsa.miR.148a.5p, 1_hsa.miR.155.3p, 1_hsa.miR.155.5p, 1_hsa.miR.181b.5p, 1_hsa.miR.196a.5p, 1_hsa.miR.1976, 1_hsa.miR.200a.5p, 1_hsa.miR.200b.3p, 1_hsa.miR.222.5p, 1_hsa.miR.27a.5p, 1_hsa.miR.335.5p, 1_hsa.miR.532.3p, 1_hsa.miR.550a.5p, 1_hsa.miR.574.3p, 1_hsa.miR.671.5p, 1_hsa.miR.887.5p, 2_BCORL1.63035, 2_CLEC18A.348174, 2_FAM120AOS.158293, 2_FEZF1.389549, 2_GGT8P.645367, 2_LPIN2.9663, 2_MBNL3.55796, 2_NEU4.129807, 2_NSUN7.79730, 2_OTX1.5013, 2_PBK.55872, 2_PCDHB1.29930, 2_TBPL1.9519, 2_UBL4A.8266, 2_ZNF347.84671]

STARTING SWEEP NUMBER 3
folds_creator_seed = 4133546927

ASSIGNING STRATA FOR MULTI-OUTCOME DATA LGG_MV
Assigning strata for outcome named survival of type survival
Counts:
censored 0: 160
censored 1: 93
deceased 0: 39
deceased 1: 37
ga_runner_seed = 2737545691
VIEW: CLINIC
   	     	         	        	survival SKSurv Cox model concordance index	                 root leanness                  
   	     	         	        	----------------------------------------   	------------------------------------------------
gen	evals	gen_feats	explored	min	avg     	max    	std                   	min     	avg     	max	std     
0  	0    	1        	1       	0.5	0.659964	0.75231	0.12154               	0.707107	0.814306	1  	0.141089
1  	227  	1        	1       	0.5	0.626155	0.75231	0.126155              	0.707107	0.853553	1  	0.146447
2  	258  	1        	1       	0.5	0.626155	0.75231	0.126155              	0.707107	0.853553	1  	0.146447
3  	231  	1        	1       	0.5	0.626155	0.75231	0.126155              	0.707107	0.853553	1  	0.146447
4  	251  	1        	1       	0.5	0.626155	0.75231	0.126155              	0.707107	0.853553	1  	0.146447
5  	246  	1        	1       	0.5	0.626155	0.75231	0.126155              	0.707107	0.853553	1  	0.146447
6  	259  	1        	1       	0.5	0.626155	0.75231	0.126155              	0.707107	0.853553	1  	0.146447
7  	262  	1        	1       	0.5	0.626155	0.75231	0.126155              	0.707107	0.853553	1  	0.146447
8  	251  	1        	1       	0.5	0.626155	0.75231	0.126155              	0.707107	0.853553	1  	0.146447
9  	257  	1        	1       	0.5	0.626155	0.75231	0.126155              	0.707107	0.853553	1  	0.146447
10 	263  	1        	1       	0.5	0.626155	0.75231	0.126155              	0.707107	0.853553	1  	0.146447
11 	254  	1        	1       	0.5	0.626155	0.75231	0.126155              	0.707107	0.853553	1  	0.146447
12 	249  	1        	1       	0.5	0.626155	0.75231	0.126155              	0.707107	0.853553	1  	0.146447
13 	262  	1        	1       	0.5	0.626155	0.75231	0.126155              	0.707107	0.853553	1  	0.146447
14 	261  	1        	1       	0.5	0.626155	0.75231	0.126155              	0.707107	0.853553	1  	0.146447
15 	261  	1        	1       	0.5	0.626155	0.75231	0.126155              	0.707107	0.853553	1  	0.146447
16 	259  	1        	1       	0.5	0.626155	0.75231	0.126155              	0.707107	0.853553	1  	0.146447
17 	256  	1        	1       	0.5	0.626155	0.75231	0.126155              	0.707107	0.853553	1  	0.146447
18 	252  	1        	1       	0.5	0.626155	0.75231	0.126155              	0.707107	0.853553	1  	0.146447
19 	236  	1        	1       	0.5	0.626155	0.75231	0.126155              	0.707107	0.853553	1  	0.146447
20 	250  	1        	1       	0.5	0.626155	0.75231	0.126155              	0.707107	0.853553	1  	0.146447
21 	247  	1        	1       	0.5	0.626155	0.75231	0.126155              	0.707107	0.853553	1  	0.146447
22 	240  	1        	1       	0.5	0.626155	0.75231	0.126155              	0.707107	0.853553	1  	0.146447
23 	258  	1        	1       	0.5	0.626155	0.75231	0.126155              	0.707107	0.853553	1  	0.146447
24 	258  	1        	1       	0.5	0.626155	0.75231	0.126155              	0.707107	0.853553	1  	0.146447
25 	252  	1        	1       	0.5	0.626155	0.75231	0.126155              	0.707107	0.853553	1  	0.146447
26 	243  	1        	1       	0.5	0.626155	0.75231	0.126155              	0.707107	0.853553	1  	0.146447
27 	251  	1        	1       	0.5	0.626155	0.75231	0.126155              	0.707107	0.853553	1  	0.146447
28 	255  	1        	1       	0.5	0.626155	0.75231	0.126155              	0.707107	0.853553	1  	0.146447
29 	254  	1        	1       	0.5	0.626155	0.75231	0.126155              	0.707107	0.853553	1  	0.146447
30 	259  	1        	1       	0.5	0.626155	0.75231	0.126155              	0.707107	0.853553	1  	0.146447
31 	263  	1        	1       	0.5	0.626155	0.75231	0.126155              	0.707107	0.853553	1  	0.146447
32 	244  	1        	1       	0.5	0.626155	0.75231	0.126155              	0.707107	0.853553	1  	0.146447
33 	252  	1        	1       	0.5	0.626155	0.75231	0.126155              	0.707107	0.853553	1  	0.146447
34 	242  	1        	1       	0.5	0.626155	0.75231	0.126155              	0.707107	0.853553	1  	0.146447
35 	245  	1        	1       	0.5	0.626155	0.75231	0.126155              	0.707107	0.853553	1  	0.146447
36 	252  	1        	1       	0.5	0.626155	0.75231	0.126155              	0.707107	0.853553	1  	0.146447
37 	258  	1        	1       	0.5	0.626155	0.75231	0.126155              	0.707107	0.853553	1  	0.146447
38 	255  	1        	1       	0.5	0.626155	0.75231	0.126155              	0.707107	0.853553	1  	0.146447
39 	255  	1        	1       	0.5	0.626155	0.75231	0.126155              	0.707107	0.853553	1  	0.146447
40 	264  	1        	1       	0.5	0.626155	0.75231	0.126155              	0.707107	0.853553	1  	0.146447
41 	254  	1        	1       	0.5	0.626155	0.75231	0.126155              	0.707107	0.853553	1  	0.146447
42 	272  	1        	1       	0.5	0.626155	0.75231	0.126155              	0.707107	0.853553	1  	0.146447
43 	237  	1        	1       	0.5	0.626155	0.75231	0.126155              	0.707107	0.853553	1  	0.146447
44 	252  	1        	1       	0.5	0.626155	0.75231	0.126155              	0.707107	0.853553	1  	0.146447
45 	264  	1        	1       	0.5	0.626155	0.75231	0.126155              	0.707107	0.853553	1  	0.146447
46 	245  	1        	1       	0.5	0.626155	0.75231	0.126155              	0.707107	0.853553	1  	0.146447
47 	259  	1        	1       	0.5	0.626155	0.75231	0.126155              	0.707107	0.853553	1  	0.146447
48 	252  	1        	1       	0.5	0.626155	0.75231	0.126155              	0.707107	0.853553	1  	0.146447
49 	253  	1        	1       	0.5	0.626155	0.75231	0.126155              	0.707107	0.853553	1  	0.146447

ASSIGNING STRATA FOR MULTI-OUTCOME DATA LGG_MV
Assigning strata for outcome named survival of type survival
Counts:
censored 0: 160
censored 1: 93
deceased 0: 39
deceased 1: 37
VIEW: LOG_MIRNA
   	     	         	        	       survival SKSurv Cox model concordance index       	                  root leanness                  
   	     	         	        	---------------------------------------------------------	-------------------------------------------------
gen	evals	gen_feats	explored	min     	avg     	max     	std             	min     	avg     	max	std      
0  	0    	61       	61      	0.5     	0.676754	0.871846	0.114194        	0.333333	0.763222	1  	0.154491 
1  	340  	191      	200     	0.5     	0.713087	0.871846	0.0735666       	0.333333	0.650112	1  	0.0958314
2  	376  	212      	265     	0.478789	0.709835	0.871846	0.0775863       	0.333333	0.590526	1  	0.102306 
3  	383  	245      	289     	0.5     	0.731026	0.871846	0.0642973       	0.333333	0.567094	1  	0.109643 
4  	388  	245      	302     	0.5     	0.752969	0.871846	0.0563199       	0.333333	0.545659	1  	0.11129  
5  	361  	252      	307     	0.5     	0.767372	0.871846	0.0529865       	0.301511	0.528479	1  	0.115392 
6  	407  	267      	311     	0.5     	0.777542	0.871846	0.0508568       	0.301511	0.515665	1  	0.117751 
7  	387  	240      	312     	0.5     	0.782036	0.871846	0.0517449       	0.301511	0.513401	1  	0.11913  
8  	370  	239      	312     	0.5     	0.787119	0.871846	0.050396        	0.301511	0.503738	1  	0.121671 
9  	374  	242      	312     	0.5     	0.791828	0.871846	0.0499979       	0.288675	0.494398	1  	0.124585 
10 	384  	241      	312     	0.5     	0.797515	0.871846	0.048218        	0.27735 	0.478569	1  	0.128232 
11 	376  	239      	312     	0.5     	0.804932	0.871846	0.0440176       	0.258199	0.456508	1  	0.12787  
12 	379  	245      	312     	0.5     	0.80899 	0.871846	0.0432311       	0.258199	0.450086	1  	0.126709 
13 	377  	243      	312     	0.5     	0.812004	0.871846	0.0432451       	0.258199	0.446138	1  	0.126604 
14 	375  	254      	312     	0.5     	0.813718	0.871846	0.0439527       	0.235702	0.445109	1  	0.127626 
15 	385  	247      	312     	0.5     	0.815251	0.871846	0.0446234       	0.229416	0.445217	1  	0.127451 
16 	366  	239      	312     	0.5     	0.817519	0.871846	0.0443864       	0.235702	0.44168 	1  	0.126801 
17 	379  	231      	312     	0.5     	0.819244	0.871846	0.0445377       	0.25    	0.438927	1  	0.127313 
18 	363  	237      	312     	0.5     	0.82142 	0.871846	0.0441724       	0.25    	0.434134	1  	0.127545 
19 	374  	244      	312     	0.5     	0.822728	0.871846	0.0441953       	0.25    	0.432144	1  	0.127664 
20 	363  	237      	312     	0.5     	0.824369	0.871846	0.0442353       	0.25    	0.42914 	1  	0.127734 
21 	367  	245      	312     	0.5     	0.825594	0.871846	0.0448033       	0.242536	0.427389	1  	0.128909 
22 	371  	245      	312     	0.5     	0.827434	0.871846	0.0443203       	0.242536	0.423129	1  	0.128678 
23 	376  	244      	312     	0.5     	0.82836 	0.871846	0.044779        	0.242536	0.422655	1  	0.129171 
24 	388  	240      	312     	0.5     	0.830783	0.873486	0.0443541       	0.242536	0.41606 	1  	0.129348 
25 	383  	247      	312     	0.5     	0.8329  	0.873577	0.0437338       	0.242536	0.410704	1  	0.1301   
26 	383  	253      	312     	0.5     	0.834513	0.873577	0.0437464       	0.242536	0.407574	1  	0.130298 
27 	382  	259      	312     	0.5     	0.835357	0.873577	0.0441445       	0.242536	0.406589	1  	0.131055 
28 	357  	237      	312     	0.5     	0.837248	0.873577	0.0434272       	0.242536	0.401103	1  	0.130627 
29 	379  	236      	312     	0.5     	0.837861	0.876672	0.0437472       	0.235702	0.401215	1  	0.130535 
30 	363  	240      	312     	0.5     	0.838991	0.876672	0.043487        	0.235702	0.398267	1  	0.130332 
31 	376  	226      	312     	0.5     	0.839015	0.881187	0.0443544       	0.235702	0.399511	1  	0.131337 
32 	369  	244      	312     	0.5     	0.839381	0.881187	0.0446149       	0.235702	0.400699	1  	0.130962 
33 	394  	239      	312     	0.5     	0.840509	0.881187	0.0442561       	0.229416	0.397718	1  	0.13087  
34 	360  	232      	312     	0.5     	0.841339	0.883852	0.0444929       	0.229416	0.395474	1  	0.131413 
35 	368  	233      	312     	0.5     	0.842864	0.883852	0.0437462       	0.229416	0.390798	1  	0.131224 
36 	389  	230      	312     	0.5     	0.843258	0.883852	0.0439353       	0.229416	0.390874	1  	0.131152 
37 	385  	239      	312     	0.5     	0.843808	0.883852	0.0441755       	0.223607	0.389241	1  	0.132195 
38 	383  	252      	312     	0.5     	0.844596	0.88714 	0.0439155       	0.223607	0.388562	1  	0.131265 
39 	377  	237      	312     	0.5     	0.844821	0.889141	0.0447018       	0.223607	0.38842 	1  	0.132013 
40 	373  	241      	312     	0.5     	0.846537	0.889141	0.0438899       	0.223607	0.383446	1  	0.131634 
41 	369  	239      	312     	0.5     	0.847134	0.889141	0.0441099       	0.223607	0.382541	1  	0.132159 
42 	377  	234      	312     	0.5     	0.847548	0.889167	0.0442934       	0.223607	0.382562	1  	0.132037 
43 	378  	231      	312     	0.5     	0.847707	0.889167	0.044447        	0.223607	0.383108	1  	0.131882 
44 	387  	238      	312     	0.5     	0.849113	0.889167	0.0441881       	0.223607	0.378439	1  	0.132384 
45 	373  	229      	312     	0.5     	0.850181	0.889167	0.0438524       	0.223607	0.375602	1  	0.131928 
46 	379  	235      	312     	0.5     	0.850872	0.889167	0.0440932       	0.223607	0.373791	1  	0.132667 
47 	360  	232      	312     	0.5     	0.850906	0.889167	0.044235        	0.223607	0.375588	1  	0.13192  
48 	377  	228      	312     	0.5     	0.852195	0.889328	0.0439566       	0.223607	0.372   	1  	0.131679 
49 	373  	218      	312     	0.5     	0.85305 	0.889328	0.0435877       	0.223607	0.37004 	1  	0.131409 

ASSIGNING STRATA FOR MULTI-OUTCOME DATA LGG_MV
Assigning strata for outcome named survival of type survival
Counts:
censored 0: 160
censored 1: 93
deceased 0: 39
deceased 1: 37
VIEW: LOG_MRNA
   	     	         	        	   survival SKSurv Cox model concordance index   	                 root leanness                  
   	     	         	        	-------------------------------------------------	------------------------------------------------
gen	evals	gen_feats	explored	min	avg     	max     	std                  	min     	avg     	max	std     
0  	0    	98       	98      	0.5	0.906109	0.950415	0.0696842            	0.196116	0.35228 	1  	0.158906
1  	373  	334      	346     	0.5	0.89249 	0.951438	0.0609672            	0.19245 	0.340167	1  	0.135596
2  	388  	433      	567     	0.5	0.896707	0.951438	0.0615526            	0.188982	0.340386	1  	0.138236
3  	367  	464      	809     	0.5	0.900005	0.951438	0.0576494            	0.188982	0.339514	1  	0.136696
4  	373  	435      	1030    	0.5	0.903533	0.951438	0.0538024            	0.188982	0.336264	1  	0.135192
5  	386  	449      	1247    	0.5	0.906043	0.951438	0.0524863            	0.188982	0.332159	1  	0.134473
6  	373  	445      	1459    	0.5	0.906966	0.951438	0.0520726            	0.188982	0.332169	1  	0.134475
7  	371  	455      	1664    	0.5	0.909152	0.951438	0.0511123            	0.188982	0.327697	1  	0.133744
8  	367  	447      	1866    	0.5	0.911136	0.951438	0.0500258            	0.185695	0.323294	1  	0.132751
9  	377  	448      	2064    	0.5	0.910598	0.952721	0.0504254            	0.185695	0.326607	1  	0.134114
10 	384  	439      	2247    	0.5	0.912273	0.952721	0.04953              	0.179605	0.323707	1  	0.132515
11 	363  	443      	2436    	0.5	0.912693	0.952721	0.0495133            	0.179605	0.323632	1  	0.132563
12 	378  	427      	2602    	0.5	0.913115	0.952721	0.0495964            	0.179605	0.323396	1  	0.132682
13 	370  	449      	2783    	0.5	0.913976	0.953623	0.0496611            	0.179605	0.321679	1  	0.13306 
14 	381  	458      	2964    	0.5	0.915382	0.953782	0.048899             	0.179605	0.318532	1  	0.131975
15 	385  	452      	3148    	0.5	0.91584 	0.953782	0.0490855            	0.176777	0.317912	1  	0.13238 
16 	376  	429      	3301    	0.5	0.916352	0.955356	0.0492728            	0.176777	0.316862	1  	0.132949
17 	385  	438      	3457    	0.5	0.916691	0.955356	0.0493064            	0.179605	0.316462	1  	0.132906
18 	360  	433      	3611    	0.5	0.918076	0.955356	0.0484014            	0.179605	0.313087	1  	0.131369
19 	389  	428      	3762    	0.5	0.918228	0.955356	0.0484296            	0.179605	0.313353	1  	0.131161
20 	378  	445      	3906    	0.5	0.918413	0.955356	0.0484839            	0.179605	0.313324	1  	0.131189
21 	374  	435      	4041    	0.5	0.918585	0.95575 	0.0484686            	0.179605	0.313792	1  	0.130855
22 	394  	466      	4186    	0.5	0.918869	0.956375	0.0482749            	0.179605	0.313636	1  	0.130977
23 	387  	476      	4329    	0.5	0.919033	0.956375	0.0483053            	0.182574	0.313803	1  	0.130853
24 	373  	447      	4462    	0.5	0.919202	0.956375	0.0482105            	0.179605	0.313658	1  	0.130965
25 	379  	451      	4576    	0.5	0.919378	0.960032	0.0481658            	0.179605	0.313664	1  	0.130973
26 	380  	446      	4701    	0.5	0.919539	0.960032	0.0482502            	0.179605	0.313669	1  	0.130973
27 	371  	428      	4804    	0.5	0.919775	0.960032	0.0479219            	0.179605	0.313703	1  	0.130949
28 	379  	436      	4896    	0.5	0.919924	0.960032	0.0477532            	0.179605	0.313863	1  	0.13082 
29 	381  	434      	4985    	0.5	0.920142	0.960032	0.0475965            	0.179605	0.313713	1  	0.13095 
30 	382  	447      	5084    	0.5	0.92046 	0.960032	0.0476639            	0.179605	0.312966	1  	0.131207
31 	383  	471      	5194    	0.5	0.921035	0.960032	0.0475083            	0.176777	0.311499	1  	0.131774
32 	379  	440      	5308    	0.5	0.921139	0.960032	0.0475691            	0.174078	0.311429	1  	0.132062
33 	360  	435      	5404    	0.5	0.921138	0.960032	0.0476172            	0.174078	0.31161 	1  	0.132265
34 	379  	422      	5494    	0.5	0.921351	0.960032	0.0476487            	0.174078	0.311303	1  	0.132335
35 	385  	437      	5588    	0.5	0.921756	0.960032	0.0476057            	0.174078	0.310459	1  	0.132127
36 	372  	416      	5663    	0.5	0.922959	0.960032	0.0469392            	0.169031	0.307111	1  	0.131076
37 	374  	430      	5745    	0.5	0.921675	0.960032	0.04784              	0.169031	0.311318	1  	0.132317
38 	377  	423      	5830    	0.5	0.922705	0.960032	0.047649             	0.166667	0.308217	1  	0.132141
39 	382  	450      	5911    	0.5	0.923242	0.960135	0.0470874            	0.166667	0.307232	1  	0.130979
40 	393  	461      	6003    	0.5	0.923312	0.960135	0.0471159            	0.166667	0.307217	1  	0.131015
41 	401  	440      	6077    	0.5	0.923476	0.960135	0.0471332            	0.166667	0.306871	1  	0.131243
42 	364  	430      	6156    	0.5	0.923746	0.960135	0.0472264            	0.166667	0.305932	1  	0.131764
43 	375  	434      	6206    	0.5	0.923809	0.960366	0.0472738            	0.166667	0.305865	1  	0.131871
44 	377  	445      	6269    	0.5	0.925352	0.960998	0.0464563            	0.166667	0.301202	1  	0.130378
45 	387  	473      	6337    	0.5	0.925425	0.960998	0.046488             	0.169031	0.301136	1  	0.130425
46 	363  	438      	6399    	0.5	0.925486	0.960998	0.0465272            	0.174078	0.301372	1  	0.130232
47 	386  	458      	6460    	0.5	0.925565	0.960998	0.0465737            	0.174078	0.301266	1  	0.130316
48 	386  	422      	6523    	0.5	0.925741	0.96117 	0.0466544            	0.174078	0.300586	1  	0.130772
49 	364  	438      	6583    	0.5	0.926215	0.96117 	0.0467955            	0.174078	0.299126	1  	0.131267

STARTING MASTER RUNNER RESAMPLING
Generations completed = 5
Generations completed = 15
Generations completed = 25
Generations completed = 35
Generations completed = 45
MASTER
   	     	         	        	       survival SKSurv Cox model concordance index       	                      root leanness                      
   	     	         	        	---------------------------------------------------------	---------------------------------------------------------
gen	evals	gen_feats	explored	min     	avg     	max     	std             	min     	avg     	max     	std      
0  	500  	377      	377     	0.455898	0.829315	0.951112	0.119008        	0.140028	0.214417	0.5     	0.0575292
1  	384  	347      	402     	0.756852	0.905697	0.951112	0.0303837       	0.162221	0.243426	0.5     	0.0599774
2  	395  	335      	419     	0.819511	0.914681	0.951112	0.0252121       	0.171499	0.2628  	0.57735 	0.0672075
3  	403  	319      	430     	0.801579	0.916437	0.951112	0.0273178       	0.176777	0.273425	0.57735 	0.0747166
4  	407  	318      	441     	0.7995  	0.917817	0.951112	0.0282611       	0.176777	0.280492	0.57735 	0.0779131
5  	401  	315      	446     	0.793516	0.918815	0.951112	0.0290547       	0.176777	0.284464	0.57735 	0.0805622
6  	399  	302      	449     	0.793516	0.919148	0.951112	0.0295385       	0.176777	0.29049 	0.57735 	0.0838777
7  	391  	303      	456     	0.70385 	0.918421	0.951112	0.0329464       	0.176777	0.2957  	0.707107	0.0907303
8  	406  	290      	459     	0.70385 	0.919085	0.951112	0.0341496       	0.179605	0.296913	0.707107	0.0931905
9  	409  	307      	459     	0.70385 	0.918472	0.951112	0.0361179       	0.182574	0.300175	0.707107	0.0981965
10 	404  	306      	459     	0.70385 	0.91898 	0.951625	0.0368771       	0.182574	0.300762	0.707107	0.099938 
11 	400  	301      	459     	0.70385 	0.919244	0.951625	0.0373138       	0.182574	0.301969	0.707107	0.101001 
12 	403  	308      	461     	0.70385 	0.918351	0.951625	0.0377982       	0.179605	0.306218	0.707107	0.102307 
13 	384  	291      	461     	0.70385 	0.919133	0.951625	0.0372186       	0.182574	0.305335	0.707107	0.102792 
14 	392  	317      	461     	0.70385 	0.919563	0.951625	0.0370305       	0.182574	0.305265	0.707107	0.10286  
15 	400  	296      	461     	0.70385 	0.919546	0.951625	0.0373035       	0.176777	0.306963	0.707107	0.103953 
16 	397  	282      	461     	0.70385 	0.920155	0.951625	0.036583        	0.176777	0.306952	0.707107	0.104011 
17 	393  	296      	461     	0.70385 	0.92077 	0.951625	0.0358763       	0.176777	0.307066	0.707107	0.103836 
18 	396  	324      	461     	0.70385 	0.920871	0.951625	0.0358346       	0.176777	0.307495	0.707107	0.103606 
19 	398  	295      	461     	0.70385 	0.921138	0.951625	0.0356825       	0.176777	0.307506	0.707107	0.103615 
20 	390  	291      	463     	0.70385 	0.920209	0.951915	0.0374578       	0.176777	0.310707	0.707107	0.105882 
21 	410  	302      	463     	0.70385 	0.921201	0.951915	0.0363311       	0.176777	0.309062	0.707107	0.104917 
22 	392  	297      	463     	0.70385 	0.920838	0.951915	0.0375773       	0.176777	0.31037 	0.707107	0.106928 
23 	383  	275      	463     	0.70385 	0.920974	0.951915	0.0379268       	0.176777	0.310595	0.707107	0.107758 
24 	410  	290      	463     	0.70385 	0.921111	0.951915	0.0379158       	0.176777	0.310774	0.707107	0.107576 
25 	386  	303      	463     	0.70385 	0.92023 	0.951915	0.0386805       	0.176777	0.314087	0.707107	0.109619 
26 	391  	285      	463     	0.703686	0.920197	0.951915	0.0395591       	0.176777	0.31456 	0.707107	0.11053  
27 	382  	271      	463     	0.703686	0.919964	0.951915	0.0395551       	0.176777	0.31599 	0.707107	0.110605 
28 	391  	288      	463     	0.703686	0.920254	0.951915	0.0392713       	0.176777	0.316059	0.707107	0.110615 
29 	392  	308      	463     	0.703686	0.919483	0.951915	0.0409968       	0.176777	0.318555	0.707107	0.114707 
30 	387  	276      	463     	0.703686	0.919888	0.951915	0.0408724       	0.176777	0.317656	0.707107	0.114876 
31 	386  	289      	463     	0.703686	0.919945	0.951915	0.0407915       	0.176777	0.317802	0.707107	0.114689 
32 	387  	271      	463     	0.703686	0.919408	0.951915	0.0420157       	0.176777	0.319416	0.707107	0.117317 
33 	395  	289      	463     	0.703686	0.91895 	0.951915	0.0427496       	0.176777	0.321085	0.707107	0.119393 
34 	406  	282      	463     	0.703686	0.919129	0.951915	0.0434472       	0.174078	0.320287	0.707107	0.120309 
35 	414  	295      	463     	0.703686	0.918563	0.951915	0.0442714       	0.174078	0.322203	0.707107	0.122625 
36 	382  	285      	463     	0.703686	0.918634	0.951915	0.0442577       	0.174078	0.32211 	0.707107	0.122717 
37 	405  	286      	463     	0.700134	0.917467	0.951915	0.0465373       	0.174078	0.324978	0.707107	0.126008 
38 	414  	318      	463     	0.700134	0.916819	0.951915	0.0478606       	0.174078	0.326732	0.707107	0.128227 
39 	408  	304      	463     	0.700134	0.916947	0.951915	0.0477437       	0.174078	0.326696	0.707107	0.128265 
40 	393  	285      	463     	0.700134	0.917048	0.951915	0.0476277       	0.174078	0.326908	0.707107	0.12808  
41 	399  	290      	463     	0.5     	0.916256	0.951915	0.0509777       	0.174078	0.328663	1       	0.131324 
42 	396  	299      	463     	0.5     	0.916338	0.951915	0.0509095       	0.174078	0.328623	1       	0.131374 
43 	393  	289      	463     	0.5     	0.916033	0.951915	0.0513289       	0.174078	0.329809	1       	0.132181 
44 	403  	300      	463     	0.5     	0.916162	0.951915	0.0512912       	0.174078	0.329538	1       	0.132361 
45 	388  	283      	463     	0.5     	0.916199	0.951915	0.0511079       	0.174078	0.329855	1       	0.13213  
46 	384  	275      	463     	0.5     	0.916248	0.951915	0.0510653       	0.174078	0.330087	1       	0.131962 
47 	405  	287      	463     	0.5     	0.916364	0.951915	0.0510196       	0.174078	0.33001 	1       	0.13204  
48 	403  	277      	463     	0.5     	0.9164  	0.951915	0.0510278       	0.174078	0.330045	1       	0.132013 
49 	396  	281      	463     	0.5     	0.916714	0.951915	0.0504199       	0.174078	0.329675	1       	0.132133 

CURRENT HALLS OF FAME

PARETO FRONT
Number of solutions = 20
(0.9519146884661441, 0.20851441405707477) 22 features: [1_hsa.miR.887.5p, 2_B9D2.80776, 2_BICD1.636, 2_EFHB.151651, 2_ERBB2.2064, 2_EVX2.344191, 2_FAM66C.440078, 2_HGSNAT.138050, 2_HILS1.373861, 2_HIST2H3D.653604, 2_KLF16.83855, 2_LOC100132288.100132288, 2_MECP2.4204, 2_OSR2.116039, 2_POLR2L.5441, 2_RAD18.56852, 2_RNF113B.140432, 2_SNTG2.54221, 2_UNG.7374, 2_ZNF311.282890, 2_ZNF630.57232, 2_ZNF648.127665]
(0.9510379747490486, 0.21320071635561044) 21 features: [2_ARNTL.406, 2_B9D2.80776, 2_BICD1.636, 2_C12orf63.374467, 2_EFHB.151651, 2_ERBB2.2064, 2_HGSNAT.138050, 2_HILS1.373861, 2_HIST2H3D.653604, 2_KLF16.83855, 2_LOC100132288.100132288, 2_MECP2.4204, 2_OSR2.116039, 2_RAD18.56852, 2_RNF113B.140432, 2_SHROOM3.57619, 2_SNTG2.54221, 2_UNG.7374, 2_ZNF311.282890, 2_ZNF630.57232, 2_ZNF648.127665]
(0.9504255471131556, 0.21821789023599236) 20 features: [0_age_at_initial_pathologic_diagnosis, 1_hsa.miR.196a.5p, 2_ARNTL.406, 2_EFHB.151651, 2_ERBB2.2064, 2_HGSNAT.138050, 2_HILS1.373861, 2_HIST2H3D.653604, 2_KLF16.83855, 2_KLHL25.64410, 2_MECP2.4204, 2_OSR2.116039, 2_RAD18.56852, 2_RNF113B.140432, 2_SLC33A1.9197, 2_SNTG2.54221, 2_UNG.7374, 2_ZNF311.282890, 2_ZNF630.57232, 2_ZNF648.127665]
(0.9500415726972266, 0.22941573387056177) 18 features: [0_age_at_initial_pathologic_diagnosis, 1_hsa.miR.196a.5p, 2_ARNTL.406, 2_EFHB.151651, 2_ERBB2.2064, 2_HGSNAT.138050, 2_HILS1.373861, 2_HIST2H3D.653604, 2_KLF16.83855, 2_MECP2.4204, 2_OSR2.116039, 2_RAD18.56852, 2_RNF113B.140432, 2_SNTG2.54221, 2_UNG.7374, 2_ZNF311.282890, 2_ZNF630.57232, 2_ZNF648.127665]
(0.9492162620509877, 0.24253562503633297) 16 features: [1_hsa.miR.15b.3p, 2_ARNTL.406, 2_EFHB.151651, 2_ERBB2.2064, 2_HGSNAT.138050, 2_HILS1.373861, 2_HIST2H3D.653604, 2_KLF16.83855, 2_OSR2.116039, 2_RAD18.56852, 2_RNF113B.140432, 2_SNTG2.54221, 2_UNG.7374, 2_ZNF311.282890, 2_ZNF630.57232, 2_ZNF648.127665]
(0.9477751889921217, 0.25) 15 features: [2_ARNTL.406, 2_EFHB.151651, 2_ERBB2.2064, 2_HGSNAT.138050, 2_HILS1.373861, 2_HIST2H3D.653604, 2_KLF16.83855, 2_OSR2.116039, 2_RAD18.56852, 2_RNF113B.140432, 2_SNTG2.54221, 2_UNG.7374, 2_ZNF311.282890, 2_ZNF630.57232, 2_ZNF648.127665]
(0.943917175738151, 0.2581988897471611) 14 features: [0_age_at_initial_pathologic_diagnosis, 2_ARNTL.406, 2_EFHB.151651, 2_HGSNAT.138050, 2_HILS1.373861, 2_HIST2H3D.653604, 2_RAD18.56852, 2_RNF113B.140432, 2_SLC33A1.9197, 2_SNTG2.54221, 2_UNG.7374, 2_ZNF311.282890, 2_ZNF630.57232, 2_ZNF648.127665]
(0.9427050181998045, 0.2672612419124244) 13 features: [0_age_at_initial_pathologic_diagnosis, 1_hsa.miR.4677.3p, 2_ARNTL.406, 2_EFHB.151651, 2_HGSNAT.138050, 2_HILS1.373861, 2_HIST2H3D.653604, 2_RNF113B.140432, 2_SNTG2.54221, 2_UNG.7374, 2_ZNF311.282890, 2_ZNF630.57232, 2_ZNF648.127665]
(0.9410677012960408, 0.2773500981126146) 12 features: [0_age_at_initial_pathologic_diagnosis, 2_ARNTL.406, 2_EFHB.151651, 2_HGSNAT.138050, 2_HILS1.373861, 2_HIST2H3D.653604, 2_RNF113B.140432, 2_SNTG2.54221, 2_UNG.7374, 2_ZNF311.282890, 2_ZNF630.57232, 2_ZNF648.127665]
(0.9397312086628385, 0.30151134457776363) 10 features: [1_hsa.miR.23b.5p, 2_ARNTL.406, 2_EFHB.151651, 2_HGSNAT.138050, 2_HILS1.373861, 2_HIST2H3D.653604, 2_RNF113B.140432, 2_UNG.7374, 2_ZNF311.282890, 2_ZNF648.127665]
(0.9340141642750561, 0.31622776601683794) 9 features: [1_hsa.miR.664a.3p, 2_ARNTL.406, 2_EFHB.151651, 2_HGSNAT.138050, 2_HILS1.373861, 2_HIST2H3D.653604, 2_RNF113B.140432, 2_UNG.7374, 2_ZNF311.282890]
(0.930355411696881, 0.3333333333333333) 8 features: [0_age_at_initial_pathologic_diagnosis, 2_ARNTL.406, 2_HGSNAT.138050, 2_HILS1.373861, 2_HIST2H3D.653604, 2_RNF113B.140432, 2_UNG.7374, 2_ZNF311.282890]
(0.9223330352390114, 0.3535533905932738) 7 features: [2_ARNTL.406, 2_HGSNAT.138050, 2_HILS1.373861, 2_HIST2H3D.653604, 2_RNF113B.140432, 2_UNG.7374, 2_ZNF311.282890]
(0.9156703852149893, 0.3779644730092272) 6 features: [0_age_at_initial_pathologic_diagnosis, 2_HGSNAT.138050, 2_RAD18.56852, 2_RNF113B.140432, 2_UNG.7374, 2_ZNF648.127665]
(0.9052418184203872, 0.408248290463863) 5 features: [0_age_at_initial_pathologic_diagnosis, 1_hsa.miR.23b.5p, 2_HGSNAT.138050, 2_RAD18.56852, 2_ZNF648.127665]
(0.8957605621095278, 0.4472135954999579) 4 features: [2_HGSNAT.138050, 2_RAD18.56852, 2_SMS.6611, 2_ZNF648.127665]
(0.8827793342749208, 0.5) [2_HGSNAT.138050, 2_RAD18.56852, 2_ZNF648.127665]
(0.8530932742132419, 0.5773502691896257) [2_RAD18.56852, 2_ZNF648.127665]
(0.8101267042664296, 0.7071067811865476) [2_GPR156.165829]
(0.5, 1.0) []
Features in hall of fame by prevalence:
35 features: [2_HGSNAT.138050, 2_ZNF648.127665, 2_RNF113B.140432, 2_UNG.7374, 2_HILS1.373861, 2_HIST2H3D.653604, 2_ZNF311.282890, 2_ARNTL.406, 2_RAD18.56852, 2_EFHB.151651, 2_SNTG2.54221, 2_ZNF630.57232, 0_age_at_initial_pathologic_diagnosis, 2_ERBB2.2064, 2_KLF16.83855, 2_OSR2.116039, 2_MECP2.4204, 1_hsa.miR.196a.5p, 1_hsa.miR.23b.5p, 2_B9D2.80776, 2_BICD1.636, 2_LOC100132288.100132288, 2_SLC33A1.9197, 1_hsa.miR.15b.3p, 1_hsa.miR.4677.3p, 1_hsa.miR.664a.3p, 1_hsa.miR.887.5p, 2_C12orf63.374467, 2_EVX2.344191, 2_FAM66C.440078, 2_GPR156.165829, 2_KLHL25.64410, 2_POLR2L.5441, 2_SHROOM3.57619, 2_SMS.6611]

LAST POPULATION
Number of solutions = 500
Features in hall of fame by prevalence:
134 features: [2_HGSNAT.138050, 2_ZNF648.127665, 2_RNF113B.140432, 2_UNG.7374, 2_HILS1.373861, 2_RAD18.56852, 2_ZNF311.282890, 2_HIST2H3D.653604, 2_ARNTL.406, 2_EFHB.151651, 2_SNTG2.54221, 2_ZNF630.57232, 0_age_at_initial_pathologic_diagnosis, 2_KLF16.83855, 2_ERBB2.2064, 2_OSR2.116039, 2_MECP2.4204, 2_BICD1.636, 2_LOC100132288.100132288, 2_POLR2L.5441, 1_hsa.miR.15b.5p, 2_SLC33A1.9197, 2_B9D2.80776, 2_FAM66C.440078, 1_hsa.miR.23b.5p, 1_hsa.miR.671.5p, 1_hsa.miR.196a.5p, 1_hsa.miR.335.5p, 2_SHROOM3.57619, 1_hsa.miR.4677.3p, 2_YTHDF2.51441, 2_C12orf63.374467, 2_SULF2.55959, 1_hsa.miR.1266.5p, 1_hsa.miR.146b.3p, 1_hsa.miR.9.5p, 2_PELP1.27043, 1_hsa.miR.615.3p, 1_hsa.miR.6509.5p, 2_EVX2.344191, 2_SMS.6611, 1_hsa.miR.135b.5p, 1_hsa.miR.148a.3p, 1_hsa.let.7e.5p, 1_hsa.miR.200a.5p, 2_ADO.84890, 2_CYP27A1.1593, 2_MAGT1.84061, 1_hsa.miR.222.5p, 1_hsa.miR.664a.3p, 2_GPR156.165829, 1_hsa.miR.335.3p, 1_hsa.miR.99b.5p, 1_hsa.miR.15b.3p, 2_C1orf91.56063, 2_EDNRA.1909, 2_G6PD.2539, 2_SLC7A3.84889, 1_hsa.miR.200b.3p, 1_hsa.miR.887.5p, 2_EGF.1950, 2_HVCN1.84329, 2_KLHL25.64410, 2_LDB1.8861, 2_PCDHB1.29930, 2_TMEM216.51259, 1_hsa.miR.10b.3p, 1_hsa.miR.155.5p, 1_hsa.miR.4431, 1_hsa.miR.6806.3p, 1_hsa.miR.6892.5p, 2_CALN1.83698, 2_LOC100132215.100132215, 2_RTN4RL2.349667, 2_TOE1.114034, 2_WDR45L.56270, 2_WISP1.8840, 1_hsa.miR.10b.5p, 1_hsa.miR.3677.3p, 2_ABCA12.26154, 2_C15orf42.90381, 2_C1orf65.164127, 2_FKRP.79147, 2_GTF2H2B.653238, 2_IL9.3578, 2_KPNA6.23633, 2_NRK.203447, 2_REPS2.9185, 2_TCTEX1D4.343521, 1_hsa.miR.1292.5p, 1_hsa.miR.142.5p, 1_hsa.miR.148a.5p, 1_hsa.miR.149.3p, 1_hsa.miR.16.2.3p, 1_hsa.miR.200a.3p, 1_hsa.miR.346, 1_hsa.miR.370.3p, 1_hsa.miR.432.5p, 1_hsa.miR.511.5p, 1_hsa.miR.651.5p, ...]

BEST SUMS WITH SIZE 50
Number of solutions = 50
Features in hall of fame by prevalence:
41 features: [2_RAD18.56852, 1_hsa.miR.15b.5p, 2_GPR156.165829, 2_ZNF648.127665, 0_age_at_initial_pathologic_diagnosis, 2_ABCA12.26154, 2_CSDC2.27254, 2_PCDHB1.29930, 2_SULF2.55959, 1_hsa.miR.1266.5p, 1_hsa.miR.146b.3p, 1_hsa.miR.148a.3p, 1_hsa.miR.148a.5p, 1_hsa.miR.15b.3p, 1_hsa.miR.200a.5p, 1_hsa.miR.222.5p, 1_hsa.miR.23b.5p, 1_hsa.miR.335.3p, 1_hsa.miR.335.5p, 1_hsa.miR.3677.3p, 1_hsa.miR.6509.5p, 1_hsa.miR.664a.3p, 1_hsa.miR.9.5p, 2_CDC6.990, 2_CLEC18A.348174, 2_EFNB1.1947, 2_ERCC6L.54821, 2_FAM120AOS.158293, 2_FAM19A3.284467, 2_HILS1.373861, 2_LOC100132215.100132215, 2_MSRB2.22921, 2_NSUN7.79730, 2_OSR2.116039, 2_OTX1.5013, 2_RIPPLY2.134701, 2_RPS25.6230, 2_SMS.6611, 2_UBL4A.8266, 2_WISP1.8840, 2_ZNF32.7580]

BEST SUMS WITH SIZE 100
Number of solutions = 100
Features in hall of fame by prevalence:
61 features: [2_GPR156.165829, 2_RAD18.56852, 0_age_at_initial_pathologic_diagnosis, 2_ZNF648.127665, 1_hsa.miR.15b.5p, 2_PCDHB1.29930, 2_SULF2.55959, 1_hsa.miR.664a.3p, 2_ABCA12.26154, 2_CSDC2.27254, 2_MSRB2.22921, 2_OSR2.116039, 2_WISP1.8840, 1_hsa.miR.1266.5p, 1_hsa.miR.149.3p, 1_hsa.miR.196a.5p, 1_hsa.miR.222.5p, 1_hsa.miR.23b.5p, 1_hsa.miR.3677.3p, 1_hsa.miR.887.5p, 1_hsa.miR.9.5p, 2_CDC6.990, 2_ERCC6L.54821, 2_LOC100132215.100132215, 2_RIPPLY2.134701, 2_ZNF32.7580, 1_hsa.let.7e.5p, 1_hsa.miR.146b.3p, 1_hsa.miR.148a.3p, 1_hsa.miR.148a.5p, 1_hsa.miR.15b.3p, 1_hsa.miR.1976, 1_hsa.miR.200a.5p, 1_hsa.miR.200b.3p, 1_hsa.miR.21.3p, 1_hsa.miR.27a.5p, 1_hsa.miR.335.3p, 1_hsa.miR.335.5p, 1_hsa.miR.550a.5p, 1_hsa.miR.615.3p, 1_hsa.miR.6509.5p, 1_hsa.miR.671.5p, 1_hsa.miR.6806.3p, 2_BCORL1.63035, 2_CLEC18A.348174, 2_EFNB1.1947, 2_FAM120AOS.158293, 2_FAM19A3.284467, 2_FEZF1.389549, 2_GGT8P.645367, 2_HILS1.373861, 2_NEU4.129807, 2_NSUN7.79730, 2_OTX1.5013, 2_PBK.55872, 2_RPS25.6230, 2_SERPINA5.5104, 2_SMS.6611, 2_TMEM71.137835, 2_UBL4A.8266, 2_ZNF347.84671]
Optimization on fold finished in 00-10:10:43

FEATURE SETS SELECTED

PARETO FRONT
Number of solutions = 20
(0.9519146884661441, 0.20851441405707477) 22 features: [1_hsa.miR.887.5p, 2_B9D2.80776, 2_BICD1.636, 2_EFHB.151651, 2_ERBB2.2064, 2_EVX2.344191, 2_FAM66C.440078, 2_HGSNAT.138050, 2_HILS1.373861, 2_HIST2H3D.653604, 2_KLF16.83855, 2_LOC100132288.100132288, 2_MECP2.4204, 2_OSR2.116039, 2_POLR2L.5441, 2_RAD18.56852, 2_RNF113B.140432, 2_SNTG2.54221, 2_UNG.7374, 2_ZNF311.282890, 2_ZNF630.57232, 2_ZNF648.127665]
(0.9510379747490486, 0.21320071635561044) 21 features: [2_ARNTL.406, 2_B9D2.80776, 2_BICD1.636, 2_C12orf63.374467, 2_EFHB.151651, 2_ERBB2.2064, 2_HGSNAT.138050, 2_HILS1.373861, 2_HIST2H3D.653604, 2_KLF16.83855, 2_LOC100132288.100132288, 2_MECP2.4204, 2_OSR2.116039, 2_RAD18.56852, 2_RNF113B.140432, 2_SHROOM3.57619, 2_SNTG2.54221, 2_UNG.7374, 2_ZNF311.282890, 2_ZNF630.57232, 2_ZNF648.127665]
(0.9504255471131556, 0.21821789023599236) 20 features: [0_age_at_initial_pathologic_diagnosis, 1_hsa.miR.196a.5p, 2_ARNTL.406, 2_EFHB.151651, 2_ERBB2.2064, 2_HGSNAT.138050, 2_HILS1.373861, 2_HIST2H3D.653604, 2_KLF16.83855, 2_KLHL25.64410, 2_MECP2.4204, 2_OSR2.116039, 2_RAD18.56852, 2_RNF113B.140432, 2_SLC33A1.9197, 2_SNTG2.54221, 2_UNG.7374, 2_ZNF311.282890, 2_ZNF630.57232, 2_ZNF648.127665]
(0.9500415726972266, 0.22941573387056177) 18 features: [0_age_at_initial_pathologic_diagnosis, 1_hsa.miR.196a.5p, 2_ARNTL.406, 2_EFHB.151651, 2_ERBB2.2064, 2_HGSNAT.138050, 2_HILS1.373861, 2_HIST2H3D.653604, 2_KLF16.83855, 2_MECP2.4204, 2_OSR2.116039, 2_RAD18.56852, 2_RNF113B.140432, 2_SNTG2.54221, 2_UNG.7374, 2_ZNF311.282890, 2_ZNF630.57232, 2_ZNF648.127665]
(0.9492162620509877, 0.24253562503633297) 16 features: [1_hsa.miR.15b.3p, 2_ARNTL.406, 2_EFHB.151651, 2_ERBB2.2064, 2_HGSNAT.138050, 2_HILS1.373861, 2_HIST2H3D.653604, 2_KLF16.83855, 2_OSR2.116039, 2_RAD18.56852, 2_RNF113B.140432, 2_SNTG2.54221, 2_UNG.7374, 2_ZNF311.282890, 2_ZNF630.57232, 2_ZNF648.127665]
(0.9477751889921217, 0.25) 15 features: [2_ARNTL.406, 2_EFHB.151651, 2_ERBB2.2064, 2_HGSNAT.138050, 2_HILS1.373861, 2_HIST2H3D.653604, 2_KLF16.83855, 2_OSR2.116039, 2_RAD18.56852, 2_RNF113B.140432, 2_SNTG2.54221, 2_UNG.7374, 2_ZNF311.282890, 2_ZNF630.57232, 2_ZNF648.127665]
(0.943917175738151, 0.2581988897471611) 14 features: [0_age_at_initial_pathologic_diagnosis, 2_ARNTL.406, 2_EFHB.151651, 2_HGSNAT.138050, 2_HILS1.373861, 2_HIST2H3D.653604, 2_RAD18.56852, 2_RNF113B.140432, 2_SLC33A1.9197, 2_SNTG2.54221, 2_UNG.7374, 2_ZNF311.282890, 2_ZNF630.57232, 2_ZNF648.127665]
(0.9427050181998045, 0.2672612419124244) 13 features: [0_age_at_initial_pathologic_diagnosis, 1_hsa.miR.4677.3p, 2_ARNTL.406, 2_EFHB.151651, 2_HGSNAT.138050, 2_HILS1.373861, 2_HIST2H3D.653604, 2_RNF113B.140432, 2_SNTG2.54221, 2_UNG.7374, 2_ZNF311.282890, 2_ZNF630.57232, 2_ZNF648.127665]
(0.9410677012960408, 0.2773500981126146) 12 features: [0_age_at_initial_pathologic_diagnosis, 2_ARNTL.406, 2_EFHB.151651, 2_HGSNAT.138050, 2_HILS1.373861, 2_HIST2H3D.653604, 2_RNF113B.140432, 2_SNTG2.54221, 2_UNG.7374, 2_ZNF311.282890, 2_ZNF630.57232, 2_ZNF648.127665]
(0.9397312086628385, 0.30151134457776363) 10 features: [1_hsa.miR.23b.5p, 2_ARNTL.406, 2_EFHB.151651, 2_HGSNAT.138050, 2_HILS1.373861, 2_HIST2H3D.653604, 2_RNF113B.140432, 2_UNG.7374, 2_ZNF311.282890, 2_ZNF648.127665]
(0.9340141642750561, 0.31622776601683794) 9 features: [1_hsa.miR.664a.3p, 2_ARNTL.406, 2_EFHB.151651, 2_HGSNAT.138050, 2_HILS1.373861, 2_HIST2H3D.653604, 2_RNF113B.140432, 2_UNG.7374, 2_ZNF311.282890]
(0.930355411696881, 0.3333333333333333) 8 features: [0_age_at_initial_pathologic_diagnosis, 2_ARNTL.406, 2_HGSNAT.138050, 2_HILS1.373861, 2_HIST2H3D.653604, 2_RNF113B.140432, 2_UNG.7374, 2_ZNF311.282890]
(0.9223330352390114, 0.3535533905932738) 7 features: [2_ARNTL.406, 2_HGSNAT.138050, 2_HILS1.373861, 2_HIST2H3D.653604, 2_RNF113B.140432, 2_UNG.7374, 2_ZNF311.282890]
(0.9156703852149893, 0.3779644730092272) 6 features: [0_age_at_initial_pathologic_diagnosis, 2_HGSNAT.138050, 2_RAD18.56852, 2_RNF113B.140432, 2_UNG.7374, 2_ZNF648.127665]
(0.9052418184203872, 0.408248290463863) 5 features: [0_age_at_initial_pathologic_diagnosis, 1_hsa.miR.23b.5p, 2_HGSNAT.138050, 2_RAD18.56852, 2_ZNF648.127665]
(0.8957605621095278, 0.4472135954999579) 4 features: [2_HGSNAT.138050, 2_RAD18.56852, 2_SMS.6611, 2_ZNF648.127665]
(0.8827793342749208, 0.5) [2_HGSNAT.138050, 2_RAD18.56852, 2_ZNF648.127665]
(0.8530932742132419, 0.5773502691896257) [2_RAD18.56852, 2_ZNF648.127665]
(0.8101267042664296, 0.7071067811865476) [2_GPR156.165829]
(0.5, 1.0) []
Features in hall of fame by prevalence:
35 features: [2_HGSNAT.138050, 2_ZNF648.127665, 2_RNF113B.140432, 2_UNG.7374, 2_HILS1.373861, 2_HIST2H3D.653604, 2_ZNF311.282890, 2_ARNTL.406, 2_RAD18.56852, 2_EFHB.151651, 2_SNTG2.54221, 2_ZNF630.57232, 0_age_at_initial_pathologic_diagnosis, 2_ERBB2.2064, 2_KLF16.83855, 2_OSR2.116039, 2_MECP2.4204, 1_hsa.miR.196a.5p, 1_hsa.miR.23b.5p, 2_B9D2.80776, 2_BICD1.636, 2_LOC100132288.100132288, 2_SLC33A1.9197, 1_hsa.miR.15b.3p, 1_hsa.miR.4677.3p, 1_hsa.miR.664a.3p, 1_hsa.miR.887.5p, 2_C12orf63.374467, 2_EVX2.344191, 2_FAM66C.440078, 2_GPR156.165829, 2_KLHL25.64410, 2_POLR2L.5441, 2_SHROOM3.57619, 2_SMS.6611]

LAST POPULATION
Number of solutions = 500
Features in hall of fame by prevalence:
134 features: [2_HGSNAT.138050, 2_ZNF648.127665, 2_RNF113B.140432, 2_UNG.7374, 2_HILS1.373861, 2_RAD18.56852, 2_ZNF311.282890, 2_HIST2H3D.653604, 2_ARNTL.406, 2_EFHB.151651, 2_SNTG2.54221, 2_ZNF630.57232, 0_age_at_initial_pathologic_diagnosis, 2_KLF16.83855, 2_ERBB2.2064, 2_OSR2.116039, 2_MECP2.4204, 2_BICD1.636, 2_LOC100132288.100132288, 2_POLR2L.5441, 1_hsa.miR.15b.5p, 2_SLC33A1.9197, 2_B9D2.80776, 2_FAM66C.440078, 1_hsa.miR.23b.5p, 1_hsa.miR.671.5p, 1_hsa.miR.196a.5p, 1_hsa.miR.335.5p, 2_SHROOM3.57619, 1_hsa.miR.4677.3p, 2_YTHDF2.51441, 2_C12orf63.374467, 2_SULF2.55959, 1_hsa.miR.1266.5p, 1_hsa.miR.146b.3p, 1_hsa.miR.9.5p, 2_PELP1.27043, 1_hsa.miR.615.3p, 1_hsa.miR.6509.5p, 2_EVX2.344191, 2_SMS.6611, 1_hsa.miR.135b.5p, 1_hsa.miR.148a.3p, 1_hsa.let.7e.5p, 1_hsa.miR.200a.5p, 2_ADO.84890, 2_CYP27A1.1593, 2_MAGT1.84061, 1_hsa.miR.222.5p, 1_hsa.miR.664a.3p, 2_GPR156.165829, 1_hsa.miR.335.3p, 1_hsa.miR.99b.5p, 1_hsa.miR.15b.3p, 2_C1orf91.56063, 2_EDNRA.1909, 2_G6PD.2539, 2_SLC7A3.84889, 1_hsa.miR.200b.3p, 1_hsa.miR.887.5p, 2_EGF.1950, 2_HVCN1.84329, 2_KLHL25.64410, 2_LDB1.8861, 2_PCDHB1.29930, 2_TMEM216.51259, 1_hsa.miR.10b.3p, 1_hsa.miR.155.5p, 1_hsa.miR.4431, 1_hsa.miR.6806.3p, 1_hsa.miR.6892.5p, 2_CALN1.83698, 2_LOC100132215.100132215, 2_RTN4RL2.349667, 2_TOE1.114034, 2_WDR45L.56270, 2_WISP1.8840, 1_hsa.miR.10b.5p, 1_hsa.miR.3677.3p, 2_ABCA12.26154, 2_C15orf42.90381, 2_C1orf65.164127, 2_FKRP.79147, 2_GTF2H2B.653238, 2_IL9.3578, 2_KPNA6.23633, 2_NRK.203447, 2_REPS2.9185, 2_TCTEX1D4.343521, 1_hsa.miR.1292.5p, 1_hsa.miR.142.5p, 1_hsa.miR.148a.5p, 1_hsa.miR.149.3p, 1_hsa.miR.16.2.3p, 1_hsa.miR.200a.3p, 1_hsa.miR.346, 1_hsa.miR.370.3p, 1_hsa.miR.432.5p, 1_hsa.miR.511.5p, 1_hsa.miR.651.5p, ...]

BEST SUMS WITH SIZE 50
Number of solutions = 50
Features in hall of fame by prevalence:
41 features: [2_RAD18.56852, 1_hsa.miR.15b.5p, 2_GPR156.165829, 2_ZNF648.127665, 0_age_at_initial_pathologic_diagnosis, 2_ABCA12.26154, 2_CSDC2.27254, 2_PCDHB1.29930, 2_SULF2.55959, 1_hsa.miR.1266.5p, 1_hsa.miR.146b.3p, 1_hsa.miR.148a.3p, 1_hsa.miR.148a.5p, 1_hsa.miR.15b.3p, 1_hsa.miR.200a.5p, 1_hsa.miR.222.5p, 1_hsa.miR.23b.5p, 1_hsa.miR.335.3p, 1_hsa.miR.335.5p, 1_hsa.miR.3677.3p, 1_hsa.miR.6509.5p, 1_hsa.miR.664a.3p, 1_hsa.miR.9.5p, 2_CDC6.990, 2_CLEC18A.348174, 2_EFNB1.1947, 2_ERCC6L.54821, 2_FAM120AOS.158293, 2_FAM19A3.284467, 2_HILS1.373861, 2_LOC100132215.100132215, 2_MSRB2.22921, 2_NSUN7.79730, 2_OSR2.116039, 2_OTX1.5013, 2_RIPPLY2.134701, 2_RPS25.6230, 2_SMS.6611, 2_UBL4A.8266, 2_WISP1.8840, 2_ZNF32.7580]

BEST SUMS WITH SIZE 100
Number of solutions = 100
Features in hall of fame by prevalence:
61 features: [2_GPR156.165829, 2_RAD18.56852, 0_age_at_initial_pathologic_diagnosis, 2_ZNF648.127665, 1_hsa.miR.15b.5p, 2_PCDHB1.29930, 2_SULF2.55959, 1_hsa.miR.664a.3p, 2_ABCA12.26154, 2_CSDC2.27254, 2_MSRB2.22921, 2_OSR2.116039, 2_WISP1.8840, 1_hsa.miR.1266.5p, 1_hsa.miR.149.3p, 1_hsa.miR.196a.5p, 1_hsa.miR.222.5p, 1_hsa.miR.23b.5p, 1_hsa.miR.3677.3p, 1_hsa.miR.887.5p, 1_hsa.miR.9.5p, 2_CDC6.990, 2_ERCC6L.54821, 2_LOC100132215.100132215, 2_RIPPLY2.134701, 2_ZNF32.7580, 1_hsa.let.7e.5p, 1_hsa.miR.146b.3p, 1_hsa.miR.148a.3p, 1_hsa.miR.148a.5p, 1_hsa.miR.15b.3p, 1_hsa.miR.1976, 1_hsa.miR.200a.5p, 1_hsa.miR.200b.3p, 1_hsa.miR.21.3p, 1_hsa.miR.27a.5p, 1_hsa.miR.335.3p, 1_hsa.miR.335.5p, 1_hsa.miR.550a.5p, 1_hsa.miR.615.3p, 1_hsa.miR.6509.5p, 1_hsa.miR.671.5p, 1_hsa.miR.6806.3p, 2_BCORL1.63035, 2_CLEC18A.348174, 2_EFNB1.1947, 2_FAM120AOS.158293, 2_FAM19A3.284467, 2_FEZF1.389549, 2_GGT8P.645367, 2_HILS1.373861, 2_NEU4.129807, 2_NSUN7.79730, 2_OTX1.5013, 2_PBK.55872, 2_RPS25.6230, 2_SERPINA5.5104, 2_SMS.6611, 2_TMEM71.137835, 2_UBL4A.8266, 2_ZNF347.84671]
