inner_cv_svm_bal_acc,inner_cv_leanness,train_svm_bal_acc,train_leanness,test_svm_bal_acc,test_leanness
0.9402552856500226,0.1111111111111111,0.9621891266628109,0.1111111111111111,0.8297619047619047,0.1111111111111111
0.9178997172418224,0.125,0.9406689801426644,0.125,0.7761904761904761,0.125
0.8932467386414754,0.14285714285714285,0.9323147612621296,0.14285714285714285,0.8297619047619047,0.14285714285714285
0.8735982584666794,0.16666666666666666,0.9218599383073066,0.16666666666666666,0.7595238095238096,0.16666666666666666
0.836209112524902,0.2,0.8779802069275754,0.2,0.7773809523809524,0.2
0.7856540389435126,0.25,0.8163638262322472,0.25,0.725,0.25
0.7150247413405308,0.3333333333333333,0.7478351327035537,0.3333333333333333,0.6547619047619047,0.3333333333333333
0.5742641861062914,0.5,0.5751036244457297,0.5,0.44166666666666665,0.5
0.25,1.0,0.25,1.0,0.25,1.0
