inner_cv_root_separation,inner_cv_root_leanness,train_root_separation,train_root_leanness,test_root_separation,test_root_leanness
0.004655451164611039,0.0,0.007766799997097376,0.0,0.01898119762554815,0.0
0.004767573716581565,0.0,0.007877082406749327,0.0,0.013336608081309237,0.0
0.005778063722802409,0.0,0.007072016643527741,0.0,0.020416965872018952,0.0
0.0064481919133519,0.0,0.008074077003938949,0.0,0.013529135820827492,0.0
0.006443095183322559,0.0,0.0066811372651370835,0.0,0.015720491449305412,0.0
0.005518060081846629,0.0,0.009527638572332811,0.0,0.018651103145064057,0.0
0.007286014116951827,0.0,0.009621490776005508,0.0,0.01512457750511907,0.0
0.017971926710367108,0.0,0.01353503986268791,0.0,0.01791096994069225,0.0
0.0,0.0,0.0,0.0,0.0,0.0
