inner_cv_root_separation,inner_cv_root_leanness,train_root_separation,train_root_leanness,test_root_separation,test_root_leanness
0.6677756716204318,0.3333333333333333,0.6764743620588239,0.3333333333333333,0.682844081475945,0.3333333333333333
0.6677185808345358,0.3535533905932738,0.6772010987169251,0.3535533905932738,0.6651601149812286,0.3535533905932738
0.66754885574115,0.3779644730092272,0.6701543658156108,0.3779644730092272,0.6640133268588281,0.3779644730092272
0.6668690311909471,0.408248290463863,0.6676965728186783,0.408248290463863,0.676685561275387,0.408248290463863
0.6668690311909471,0.4472135954999579,0.6714810044719507,0.4472135954999579,0.6711219994595228,0.4472135954999579
0.6618099619860288,0.5,0.6716104045430628,0.5,0.6717953853716236,0.5
0.6436997558471619,0.5773502691896257,0.6449091069045377,0.5773502691896257,0.6280045342823078,0.5773502691896257
0.6002219557501901,0.7071067811865476,0.5985713078147269,0.7071067811865476,0.5666586359456117,0.7071067811865476
0.0,1.0,0.0,1.0,0.0,1.0
