inner_cv_root_separation,inner_cv_root_leanness,train_root_separation,train_root_leanness,test_root_separation,test_root_leanness
0.007902501821297613,0.0,0.005818878547427886,0.0,0.012267378886856884,0.0
0.009616812173501698,0.0,0.004385999522286054,0.0,0.01204402620769405,0.0
0.010032147443660815,0.0,0.01108759295088928,0.0,0.014863223471096705,0.0
0.007988322459550102,0.0,0.007710072918571846,0.0,0.011205855489357885,0.0
0.005854495094642009,0.0,0.009747802082669775,0.0,0.014918380255726709,0.0
0.005529039014027432,0.0,0.007567627769161167,0.0,0.008304663255194423,0.0
0.00628971508040215,0.0,0.010364244376330423,0.0,0.010675682016689085,0.0
0.00582400783295509,0.0,0.006977054602494161,0.0,0.006003740557467267,0.0
0.0,0.0,0.0,0.0,0.0,0.0
