inner_cv_root_separation,inner_cv_root_leanness,train_root_separation,train_root_leanness,test_root_separation,test_root_leanness
0.004648428783678858,0.0,0.005159866238490687,0.0,0.011554723618013867,0.0
0.004921007952642928,0.0,0.004967992463484389,0.0,0.016655543857762065,0.0
0.004904527863710647,0.0,0.0049781024335679965,0.0,0.013245469302480942,0.0
0.00477555943320452,0.0,0.006812585604905869,0.0,0.016079832639478923,0.0
0.005713666116561683,0.0,0.007232406166339002,0.0,0.02035821807737604,0.0
0.006554161846581532,0.0,0.006542020202154091,0.0,0.015739058817569103,0.0
0.008705921750795334,0.0,0.010883243185604314,0.0,0.02742971605753536,0.0
0.012398939420641098,0.0,0.01580683918491042,0.0,0.016643469710338525,0.0
0.0,0.0,0.0,0.0,0.0,0.0
