inner_cv_root_separation,inner_cv_root_leanness,train_root_separation,train_root_leanness,test_root_separation,test_root_leanness
0.6674322261748417,0.3333333333333333,0.6718305379599937,0.3333333333333333,0.6710749262462994,0.3333333333333333
0.6664805798919551,0.3535533905932738,0.6656621229097385,0.3535533905932738,0.6729810714738526,0.3535533905932738
0.6664805798919551,0.3779644730092272,0.6650304971534863,0.3779644730092272,0.6605350012039369,0.3779644730092272
0.6634581251582243,0.408248290463863,0.6655064868644501,0.408248290463863,0.666498351136685,0.408248290463863
0.6628762484417282,0.4472135954999579,0.6629206040665256,0.4472135954999579,0.670182385340695,0.4472135954999579
0.6607267924282242,0.5,0.6648321450692103,0.5,0.6753582956145824,0.5
0.6411188147645334,0.5773502691896257,0.6451074205831004,0.5773502691896257,0.6875259136796359,0.5773502691896257
0.5936520240756067,0.7071067811865476,0.5887102155050136,0.7071067811865476,0.5706233853336494,0.7071067811865476
0.0,1.0,0.0,1.0,0.0,1.0
