inner_cv_root_separation,inner_cv_root_leanness,train_root_separation,train_root_leanness,test_root_separation,test_root_leanness
0.6709747407217483,0.3333333333333333,0.6737750386102395,0.3333333333333333,0.6715887994187356,0.3333333333333333
0.6709747407217483,0.3535533905932738,0.671110274224293,0.3535533905932738,0.6815730753649281,0.3535533905932738
0.6700548183173498,0.3779644730092272,0.6719923977054084,0.3779644730092272,0.675202683609919,0.3779644730092272
0.669999109211974,0.408248290463863,0.6640377211618849,0.408248290463863,0.6702460911824227,0.408248290463863
0.6690272774186365,0.4472135954999579,0.6647704378680782,0.4472135954999579,0.670624800904631,0.4472135954999579
0.6666275624211432,0.5,0.6654052725239479,0.5,0.6642094930991046,0.5
0.6506732886390032,0.5773502691896257,0.6602294228562301,0.5773502691896257,0.6395569759873633,0.5773502691896257
0.5881195792973269,0.7071067811865476,0.5872543860423437,0.7071067811865476,0.5906634260322954,0.7071067811865476
0.0,1.0,0.0,1.0,0.0,1.0
