inner_cv_root_separation,inner_cv_root_leanness,train_root_separation,train_root_leanness,test_root_separation,test_root_leanness
0.6545048746509545,0.3333333333333333,0.6545048746509545,0.3333333333333333,0.6447050820978709,0.3333333333333333
0.6542694099757733,0.3535533905932738,0.6542694099757733,0.3535533905932738,0.6410171637385508,0.3535533905932738
0.6539122479565374,0.3779644730092272,0.6539122479565374,0.3779644730092272,0.6372966311975232,0.3779644730092272
0.6534016178595354,0.408248290463863,0.6534016178595354,0.408248290463863,0.6355832176532245,0.408248290463863
0.6524455876167723,0.4472135954999579,0.6524455876167723,0.4472135954999579,0.6355832176532245,0.4472135954999579
0.6506246946880071,0.5,0.6506246946880071,0.5,0.6335744661505678,0.5
0.6302768658192099,0.5773502691896257,0.6302768658192099,0.5773502691896257,0.5991518316015303,0.5773502691896257
0.5720745987139904,0.7071067811865476,0.5720745987139904,0.7071067811865476,0.5301278841460124,0.7071067811865476
0.0,1.0,0.0,1.0,0.0,1.0
