inner_cv_root_separation,inner_cv_root_leanness,train_root_separation,train_root_leanness,test_root_separation,test_root_leanness
0.6754412181277061,0.3535533905932738,0.6746887188330486,0.3535533905932738,0.6773430972707992,0.3535533905932738
0.6753015041515638,0.3779644730092272,0.6757668298036317,0.3779644730092272,0.6759976439739931,0.3779644730092272
0.6732485142896802,0.408248290463863,0.6753759021982955,0.408248290463863,0.6821409010116081,0.408248290463863
0.6667769858662476,0.4472135954999579,0.6666841375193957,0.4472135954999579,0.6748342776819329,0.4472135954999579
0.6586739444272155,0.5,0.6635202033125897,0.5,0.6496996715442976,0.5
0.639152619930535,0.5773502691896257,0.6391439339489113,0.5773502691896257,0.6601970634260478,0.5773502691896257
0.582874372457378,0.7071067811865476,0.5781900460015487,0.7071067811865476,0.5990485104523304,0.7071067811865476
0.0,1.0,0.0,1.0,0.0,1.0
