inner_cv_root_separation,inner_cv_root_leanness,train_root_separation,train_root_leanness,test_root_separation,test_root_leanness
0.6528787946117391,0.3333333333333333,0.6559170600383564,0.3333333333333333,0.6414655670674757,0.3333333333333333
0.6511645064711522,0.3535533905932738,0.650116819172977,0.3535533905932738,0.6271485973411821,0.3535533905932738
0.6511645064711522,0.3779644730092272,0.6496839385431687,0.3779644730092272,0.6221684513924552,0.3779644730092272
0.6497194405585658,0.408248290463863,0.6467510277389993,0.408248290463863,0.6174038808496752,0.408248290463863
0.6459596547717005,0.4472135954999579,0.6413643437000832,0.4472135954999579,0.6121913661486588,0.4472135954999579
0.6418892945894248,0.5,0.6443886148226631,0.5,0.6288637061030841,0.5
0.6159360383428425,0.5773502691896257,0.6117632749432045,0.5773502691896257,0.6001236424413309,0.5773502691896257
0.55623621167995,0.7071067811865476,0.5443602271872859,0.7071067811865476,0.5257036630764877,0.7071067811865476
0.0,1.0,0.0,1.0,0.0,1.0
