inner_cv_root_separation,inner_cv_root_leanness,train_root_separation,train_root_leanness,test_root_separation,test_root_leanness
0.6466263713368515,0.3333333333333333,0.6437153954671982,0.3333333333333333,0.6558920941975825,0.3333333333333333
0.6405677968836352,0.3535533905932738,0.6400967231541108,0.3535533905932738,0.6563303038559757,0.3535533905932738
0.6397716925914071,0.3779644730092272,0.6309455819045336,0.3779644730092272,0.6490642621493469,0.3779644730092272
0.6384930216293996,0.408248290463863,0.6361439006867374,0.408248290463863,0.652692238750243,0.408248290463863
0.6330941800328272,0.4472135954999579,0.6252208286099064,0.4472135954999579,0.6519350597803397,0.4472135954999579
0.6312634854338396,0.5,0.6328281519511189,0.5,0.6534951316077976,0.5
0.6121130098874352,0.5773502691896257,0.6072303748713644,0.5773502691896257,0.6161597674157953,0.5773502691896257
0.5634800719914167,0.7071067811865476,0.5643006791748784,0.7071067811865476,0.542840796375597,0.7071067811865476
0.0,1.0,0.0,1.0,0.0,1.0
