inner_cv_root_separation,inner_cv_root_leanness,train_root_separation,train_root_leanness,test_root_separation,test_root_leanness
0.6535802954288086,0.3333333333333333,0.6568428739301048,0.3333333333333333,0.6311693880095632,0.3333333333333333
0.6531076760490651,0.3535533905932738,0.6541710514228202,0.3535533905932738,0.6257930490731176,0.3535533905932738
0.6495398817926683,0.3779644730092272,0.6500732974856541,0.3779644730092272,0.6040881904066124,0.3779644730092272
0.6478881122200584,0.408248290463863,0.6453265023184832,0.408248290463863,0.6363396413114178,0.408248290463863
0.6478881122200584,0.4472135954999579,0.6501156097738746,0.4472135954999579,0.6229464310390082,0.4472135954999579
0.6462917318835919,0.5,0.6461292495879837,0.5,0.6198634505763507,0.5
0.6214291038766565,0.5773502691896257,0.6157150787405614,0.5773502691896257,0.5883658075145313,0.5773502691896257
0.5499489633500416,0.7071067811865476,0.5599304833258195,0.7071067811865476,0.5111145323486889,0.7071067811865476
0.0,1.0,0.0,1.0,0.0,1.0
