inner_cv_root_separation,inner_cv_root_leanness,train_root_separation,train_root_leanness,test_root_separation,test_root_leanness
0.6695384987557075,0.3333333333333333,0.6595266042750013,0.3333333333333333,0.6925527522033569,0.3333333333333333
0.6695240922057418,0.3535533905932738,0.6535903633505332,0.3535533905932738,0.6909315029283959,0.3535533905932738
0.6695240922057418,0.3779644730092272,0.6611409192463179,0.3779644730092272,0.6920380876734,0.3779644730092272
0.6645419523397261,0.408248290463863,0.6583493569696999,0.408248290463863,0.6823051928040518,0.408248290463863
0.6509496041879476,0.4472135954999579,0.6555552797051537,0.4472135954999579,0.6940496007964763,0.4472135954999579
0.6472541494221735,0.5,0.6545210877673402,0.5,0.6806467651813473,0.5
0.6287562823955261,0.5773502691896257,0.6375082122440515,0.5773502691896257,0.6492128006493376,0.5773502691896257
0.5803329381360022,0.7071067811865476,0.5863933101900307,0.7071067811865476,0.5605510090449564,0.7071067811865476
0.0,1.0,0.0,1.0,0.0,1.0
