inner_cv_svm_bal_acc,inner_cv_root_leanness,train_svm_bal_acc,train_root_leanness
,0.0,0.00822613236240649,0.0
,0.0,0.008115231230180731,0.0
,0.0,0.005175586530439921,0.0
,0.0,0.008770713866762505,0.0
,0.0,0.013844625144184546,0.0
,0.0,0.009787029354037625,0.0
,0.0,0.009925012590014111,0.0
,0.0,0.016954581289294054,0.0
,0.0,0.01414022005169599,0.0
,0.0,0.016044969904725877,0.0
,0.0,0.01638801890568705,0.0
,0.0,0.02056881854461399,0.0
,0.0,0.018885883962530502,0.0
,0.0,0.0,0.0
