inner_cv_RF_bal_acc,inner_cv_leanness,train_RF_bal_acc,train_leanness,test_RF_bal_acc,test_leanness
0.7577288547836695,0.125,0.9685309946220763,0.125,0.69751221001221,0.125
0.7231976382563013,0.14285714285714285,0.9589046088565024,0.14285714285714285,0.6710012210012211,0.14285714285714285
0.6888344348456064,0.16666666666666666,0.9479712143608234,0.16666666666666666,0.6362026862026863,0.16666666666666666
0.6568497493010416,0.2,0.8894785760515243,0.2,0.5362026862026862,0.2
0.6019742477903208,0.25,0.9091371052444897,0.25,0.44783272283272285,0.25
0.5417242533326132,0.3333333333333333,0.8414607570405737,0.3333333333333333,0.4021214896214897,0.3333333333333333
0.3807653981104551,0.5,0.7767232789482034,0.5,0.401480463980464,0.5
0.14285714285714285,1.0,0.14285714285714285,1.0,0.14285714285714285,1.0
