inner_cv_RF4_bal_acc,inner_cv_root_leanness,train_RF4_bal_acc,train_root_leanness,test_RF4_bal_acc,test_root_leanness
0.013135818514252185,0.0,0.007272143669578818,0.0,0.02445279244418176,0.0
0.014265345896321365,0.0,0.0062568536111789865,0.0,0.022084124532724736,0.0
0.015691701076007963,0.0,0.008921070511112225,0.0,0.0224013186424856,0.0
0.018510878814480387,0.0,0.006590087961124145,0.0,0.018358803326987843,0.0
0.018920982503810937,0.0,0.013984316600271473,0.0,0.029413520623625202,0.0
0.02018749674061016,0.0,0.018880921836562026,0.0,0.02129597443170483,0.0
0.0,0.0,0.0,0.0,0.0,0.0
