inner_cv_RF4_bal_acc,inner_cv_root_leanness,train_RF4_bal_acc,train_root_leanness,test_RF4_bal_acc,test_root_leanness
0.9060453368466981,0.3779644730092272,0.9333544125390363,0.3779644730092272,0.8278691015192264,0.3779644730092272
0.8948309757529772,0.408248290463863,0.9516090219409681,0.408248290463863,0.818151711139766,0.408248290463863
0.8678077421421195,0.4472135954999579,0.9398842114576077,0.4472135954999579,0.8129779594393142,0.4472135954999579
0.8366020142971213,0.5,0.9292084273635542,0.5,0.8361733446657886,0.5
0.8035318672283505,0.5773502691896257,0.8724098542759865,0.5773502691896257,0.7811438332824051,0.5773502691896257
0.6594549971175948,0.7071067811865476,0.746888497017675,0.7071067811865476,0.642273884259215,0.7071067811865476
0.20000000000000004,1.0,0.2,1.0,0.2,1.0
