inner_cv_RF_bal_acc,inner_cv_leanness,train_RF_bal_acc,train_leanness
0.8397571395228647,0.16666666666666666,0.9776617958421552,0.16666666666666666
0.8121016371305203,0.2,0.9819241285030758,0.2
0.7863452561559108,0.25,0.9789712918660287,0.25
0.6703166313788907,0.3333333333333333,0.9382183285264158,0.3333333333333333
0.43829264124835365,0.5,0.8625526815931179,0.5
0.2,1.0,0.2,1.0
