inner_cv_RF_bal_acc,inner_cv_leanness,train_RF_bal_acc,train_leanness
0.7229277878732308,0.14285714285714285,0.9818034276378308,0.14285714285714285
0.7181671890368937,0.16666666666666666,0.9591297534301384,0.16666666666666666
0.6980607005318173,0.2,0.9699459430171882,0.2
0.6608787906573529,0.25,0.9544618892019405,0.25
0.5636719987329744,0.3333333333333333,0.9321429404998082,0.3333333333333333
0.41146378974042647,0.5,0.8411069386326124,0.5
0.2,1.0,0.2,1.0
