inner_cv_RF_bal_acc,inner_cv_leanness,train_RF_bal_acc,train_leanness,test_RF_bal_acc,test_leanness
0.8051049498746867,0.2,0.9654694428378641,0.2,0.7939254970280795,0.2
0.7626953200308464,0.25,0.9571596057451319,0.25,0.808690305390449,0.25
0.6467332995951418,0.3333333333333333,0.9448856516290727,0.3333333333333333,0.5918332865880627,0.3333333333333333
0.45505108926161564,0.5,0.8550336176980913,0.5,0.5285485054098661,0.5
0.2,1.0,0.2,1.0,0.2,1.0
