inner_cv_RF_bal_acc,inner_cv_leanness,train_RF_bal_acc,train_leanness,test_RF_bal_acc,test_leanness
0.8420949625015177,0.1,0.9883714798700616,0.1,0.7881892230576442,0.1
0.8393409694623056,0.14285714285714285,0.9893113209670885,0.14285714285714285,0.7412593984962406,0.14285714285714285
0.8385641950889745,0.16666666666666666,0.9834393797845185,0.16666666666666666,0.7549498746867168,0.16666666666666666
0.8291243171551633,0.2,0.9812072369273757,0.2,0.7454260651629072,0.2
0.7919290648027253,0.25,0.9684736985359426,0.25,0.7264724310776943,0.25
0.6821249759537658,0.3333333333333333,0.9437847689787888,0.3333333333333333,0.6370927318295739,0.3333333333333333
0.47590486320591896,0.5,0.8685895681296326,0.5,0.4462719298245614,0.5
0.2,1.0,0.2,1.0,0.2,1.0
