inner_cv_svm_bal_acc,inner_cv_root_leanness,train_svm_bal_acc,train_root_leanness,test_svm_bal_acc,test_root_leanness
0.7807994622015192,0.3535533905932738,0.890196938658568,0.3535533905932738,0.6850877192982455,0.3535533905932738
0.7630541996113924,0.3779644730092272,0.8665411657887233,0.3779644730092272,0.713063909774436,0.3779644730092272
0.7585688208184149,0.5,0.781975117604845,0.5,0.6987781954887218,0.5
0.6536866802935857,0.5773502691896257,0.6935914312864361,0.5773502691896257,0.6698934837092733,0.5773502691896257
0.5435549855435161,0.7071067811865476,0.5252320333700337,0.7071067811865476,0.537625313283208,0.7071067811865476
0.19981902382707334,1.0,0.2,1.0,0.2,1.0
