inner_cv_svm_bal_acc,inner_cv_root_leanness,train_svm_bal_acc,train_root_leanness,test_svm_bal_acc,test_root_leanness
0.7367674198480489,0.408248290463863,0.8206677553982944,0.408248290463863,0.7579887218045113,0.408248290463863
0.7260811202516662,0.4472135954999579,0.7776518008071349,0.4472135954999579,0.7069862155388471,0.4472135954999579
0.7219711268512163,0.5,0.7662505730166461,0.5,0.7446115288220552,0.5
0.6384386133046633,0.5773502691896257,0.6762214207947741,0.5773502691896257,0.7292293233082707,0.5773502691896257
0.47421602513703937,0.7071067811865476,0.48786365239445917,0.7071067811865476,0.5263157894736843,0.7071067811865476
0.20034442776626046,1.0,0.2,1.0,0.2,1.0
