inner_cv_svm_bal_acc,inner_cv_root_leanness,train_svm_bal_acc,train_root_leanness,test_svm_bal_acc,test_root_leanness
,0.3535533905932738,0.8679016471427436,0.3535533905932738,0.6105151133981322,0.3535533905932738
,0.3779644730092272,0.8416590833336159,0.3779644730092272,0.6377892506804851,0.3779644730092272
,0.5,0.7565285559183748,0.5,0.635244876790226,0.5
,0.5773502691896257,0.659034467491405,0.5773502691896257,0.6272717641118724,0.5773502691896257
,0.7071067811865476,0.4843127619366884,0.7071067811865476,0.46694288900358755,0.7071067811865476
,1.0,0.2,1.0,0.2,1.0
