inner_cv_svm_bal_acc,inner_cv_root_leanness,train_svm_bal_acc,train_root_leanness
0.791409938872534,0.408248290463863,0.8226274944567628,0.408248290463863
0.7775734710556191,0.4472135954999579,0.8041456329293301,0.4472135954999579
0.7625334126099959,0.5,0.7830918343530666,0.5
0.6483253526587174,0.5773502691896257,0.6736712068419386,0.5773502691896257
0.5135004855680863,0.7071067811865476,0.5269094576796759,0.7071067811865476
0.20068082022046135,1.0,0.2,1.0
