inner_cv_svm_bal_acc,inner_cv_root_leanness,train_svm_bal_acc,train_root_leanness
,0.0,0.010324867724020168,0.0
,0.0,0.021283512370165618,0.0
,0.0,0.01795900193861519,0.0
,0.0,0.011636616933162749,0.0
,0.0,0.019364474941875282,0.0
,0.0,0.0,0.0
