inner_cv_svm_bal_acc,inner_cv_root_leanness,train_svm_bal_acc,train_root_leanness,test_svm_bal_acc,test_root_leanness
,0.408248290463863,0.7928711728414878,0.408248290463863,0.7147840031701976,0.408248290463863
,0.4472135954999579,0.759574300848856,0.4472135954999579,0.6745357223188669,0.4472135954999579
,0.5,0.7403184328552203,0.5,0.6637231482411747,0.5
,0.5773502691896257,0.6448582159884515,0.5773502691896257,0.6678738334072374,0.5773502691896257
,0.7071067811865476,0.4599099177532106,0.7071067811865476,0.49700176091703036,0.7071067811865476
,1.0,0.2,1.0,0.2,1.0
