inner_cv_svm_bal_acc,inner_cv_root_leanness,train_svm_bal_acc,train_root_leanness,test_svm_bal_acc,test_root_leanness
,0.0,0.014006481961195602,0.0,0.06406012551107557,0.0
,0.0,0.012913600214141657,0.0,0.04836643279252259,0.0
,0.0,0.013754185779543286,0.0,0.04635803950852703,0.0
,0.0,0.020467002756321028,0.0,0.048180123649825955,0.0
,0.0,0.024523773867859904,0.0,0.03948174405940344,0.0
,0.0,0.022860802473172397,0.0,0.04132683236112524,0.0
,0.0,0.021008089648074515,0.0,0.05161424154778507,0.0
,0.0,0.0,0.0,0.0,0.0
