inner_cv_svm_bal_acc,inner_cv_root_leanness,train_svm_bal_acc,train_root_leanness,test_svm_bal_acc,test_root_leanness
0.7692754913906606,0.3333333333333333,0.8830578850973587,0.3333333333333333,0.764994714188628,0.3333333333333333
0.7610310769254165,0.3535533905932738,0.8619693464430307,0.3535533905932738,0.7581080570867628,0.3535533905932738
0.7523486034178549,0.408248290463863,0.8483269471756314,0.408248290463863,0.7575607328939278,0.408248290463863
0.7367320863711586,0.4472135954999579,0.831011302294197,0.4472135954999579,0.7561601277224625,0.4472135954999579
0.7000006650524675,0.5,0.7346778002699056,0.5,0.7077247009201627,0.5
0.6912297103434079,0.5773502691896257,0.7004816126855601,0.5773502691896257,0.6619665645462293,0.5773502691896257
0.5413283726701434,0.7071067811865476,0.5201337478311163,0.7071067811865476,0.5340400858674663,0.7071067811865476
0.2,1.0,0.2,1.0,0.2,1.0
