inner_cv_svm_bal_acc,inner_cv_root_leanness,train_svm_bal_acc,train_root_leanness,test_svm_bal_acc,test_root_leanness
,0.0,0.015057732370273942,0.0,0.02722766665992988,0.0
,0.0,0.017635674558227787,0.0,0.05489594007805371,0.0
,0.0,0.015017808593801966,0.0,0.038244497438203164,0.0
,0.0,0.02109327293694855,0.0,0.03167217247928401,0.0
,0.0,0.02351215829768684,0.0,0.03970967238913533,0.0
,0.0,0.0,0.0,0.0,0.0
