inner_cv_svm_bal_acc,inner_cv_root_leanness,train_svm_bal_acc,train_root_leanness,test_svm_bal_acc,test_root_leanness
,0.3333333333333333,0.867934194136169,0.3333333333333333,0.653781496098723,0.3333333333333333
,0.3535533905932738,0.8507999108238018,0.3535533905932738,0.7024241852355442,0.3535533905932738
,0.408248290463863,0.8368194480183093,0.408248290463863,0.6787839645875361,0.408248290463863
,0.4472135954999579,0.8097726454430825,0.4472135954999579,0.6801203068167354,0.4472135954999579
,0.5,0.7051290894970335,0.5,0.6557046967619398,0.5
,0.5773502691896257,0.6853923935450638,0.5773502691896257,0.6183207726957727,0.5773502691896257
,0.7071067811865476,0.5005371815694291,0.7071067811865476,0.4563446794126049,0.7071067811865476
,1.0,0.2,1.0,0.2,1.0
