inner_cv_svm_bal_acc,inner_cv_root_leanness,train_svm_bal_acc,train_root_leanness,test_svm_bal_acc,test_root_leanness
,0.0,0.01645562232912124,0.0,0.03383701177772365,0.0
,0.0,0.011721801039300164,0.0,0.029203960796170336,0.0
,0.0,0.015857453693346478,0.0,0.04122650418993348,0.0
,0.0,0.019300470746209095,0.0,0.029609686861753,0.0
,0.0,0.01794526085132248,0.0,0.04082826134584683,0.0
,0.0,0.0,0.0,0.0,0.0
