inner_cv_root_leanness,inner_cv_SKSurvCox_c-index,train_root_leanness,train_SKSurvCox_c-index,test_root_leanness,test_SKSurvCox_c-index
1.0,,1.0,0.5,1.0,0.5
0.7071067811865476,,0.7071067811865476,0.6575488315140126,0.7071067811865476,0.6383933821651387
0.5773502691896257,,0.5773502691896257,0.698361098917683,0.5773502691896257,0.6804038447953809
