inner_cv_root_leanness,inner_cv_SKSurvCox_c-index,train_root_leanness,train_SKSurvCox_c-index,test_root_leanness,test_SKSurvCox_c-index
1.0,0.49770767498600477,1.0,0.5,1.0,0.5
0.7071067811865476,0.6917984303152191,0.7071067811865476,0.7232025103460822,0.7071067811865476,0.6722458628841608
0.5773502691896257,0.7459832609610102,0.5773502691896257,0.7729546591477557,0.5773502691896257,0.6611820330969267
0.5,0.7487776460648424,0.5,0.7768657055800627,0.5,0.6387706855791963
0.4472135954999579,0.7506936652701655,0.4472135954999579,0.8024012006003002,0.4472135954999579,0.6973995271867612
0.408248290463863,0.7556634971593406,0.408248290463863,0.8078357360498432,0.408248290463863,0.6365011820330969
0.3779644730092272,0.7627844506999272,0.3779644730092272,0.8174996589203692,0.3779644730092272,0.6939952718676123
0.3535533905932738,0.7668990298664332,0.3535533905932738,0.8142480331074629,0.3535533905932738,0.6847281323877068
0.3333333333333333,0.7675311680352211,0.3333333333333333,0.8185683750966393,0.3333333333333333,0.6991962174940899
