inner_cv_root_leanness,inner_cv_SKSurvCox_c-index,train_root_leanness,train_SKSurvCox_c-index,test_root_leanness,test_SKSurvCox_c-index
0.0,,0.0,0.0,0.0,0.0
0.0,,0.0,0.01738035568651863,0.0,0.03343976651231935
0.0,,0.0,0.014548168902037134,0.0,0.03231939983795817
0.0,,0.0,0.014442019187630844,0.0,0.03900152341742277
