inner_cv_root_leanness,inner_cv_SKSurvCox_c-index,train_root_leanness,train_SKSurvCox_c-index,test_root_leanness,test_SKSurvCox_c-index
0.0,,0.0,0.0,0.0,0.0
0.0,,0.0,0.016789479807042193,0.0,0.03909203153633728
0.0,,0.0,0.019881202052520235,0.0,0.035438527049971275
0.0,,0.0,0.016322583027617854,0.0,0.04748907055791419
0.0,,0.0,0.015844060253826002,0.0,0.03577305916741248
0.0,,0.0,0.012060907267150648,0.0,0.044584228819354706
0.0,,0.0,0.013317333952740911,0.0,0.043753927939797634
0.0,,0.0,0.010250264668066946,0.0,0.04169623538872928
0.0,,0.0,0.011594562926123911,0.0,0.03901435590230074
