inner_cv_root_leanness,inner_cv_SKSurvCox_c-index,train_root_leanness,train_SKSurvCox_c-index,test_root_leanness,test_SKSurvCox_c-index
1.0,0.49048981660055857,1.0,0.5,1.0,0.5
0.7071067811865476,0.6748765007672907,0.7071067811865476,0.6997237001347247,0.7071067811865476,0.6727647996997842
0.5773502691896257,0.7098424444302194,0.5773502691896257,0.7562167469686937,0.5773502691896257,0.6816774556712637
0.5,0.7401392100246275,0.5,0.7699860708332382,0.5,0.6914344685242518
0.4472135954999579,0.7427154935862018,0.4472135954999579,0.7727034000867719,0.4472135954999579,0.7011914813772399
0.408248290463863,0.7427914085272784,0.408248290463863,0.7768364807160962,0.408248290463863,0.718266253869969
0.3779644730092272,0.7433667074230577,0.3779644730092272,0.7750325394469436,0.3779644730092272,0.7044750914719955
0.3535533905932738,0.7433705463924111,0.3535533905932738,0.7810609001438586,0.3535533905932738,0.6954686180692372
0.3333333333333333,0.7433713561674572,0.3333333333333333,0.7806498755508872,0.3333333333333333,0.6803640116333615
