inner_cv_root_leanness,inner_cv_SKSurvCox_c-index,train_root_leanness,train_SKSurvCox_c-index,test_root_leanness,test_SKSurvCox_c-index
1.0,,1.0,0.5,1.0,0.5
0.7071067811865476,,0.7071067811865476,0.7066231904790695,0.7071067811865476,0.6048931915669992
0.5773502691896257,,0.5773502691896257,0.7406549820002626,0.5773502691896257,0.6052010308800579
0.5,,0.5,0.7608510483329401,0.5,0.5636694183663628
0.4472135954999579,,0.4472135954999579,0.7838924390972243,0.4472135954999579,0.6509355341409504
0.408248290463863,,0.408248290463863,0.7877498980534106,0.408248290463863,0.5719817351976854
0.3779644730092272,,0.3779644730092272,0.8017701045479141,0.3779644730092272,0.6377732231136399
0.3535533905932738,,0.3535533905932738,0.8012746222856537,0.3535533905932738,0.6363441781765833
0.3333333333333333,,0.3333333333333333,0.8061278487403698,0.3333333333333333,0.6378615665942565
