inner_cv_root_leanness,inner_cv_SKSurvCox_c-index,train_root_leanness,train_SKSurvCox_c-index,test_root_leanness,test_SKSurvCox_c-index
1.0,,1.0,0.5,1.0,0.5
0.7071067811865476,,0.7071067811865476,0.6835071716129425,0.7071067811865476,0.6673712001823009
0.5773502691896257,,0.5773502691896257,0.7225607637800308,0.5773502691896257,0.6699313881545325
0.5,,0.5,0.7445158762833308,0.5,0.6866197577200985
