inner_cv_root_leanness,inner_cv_SKSurvCox_c-index,train_root_leanness,train_SKSurvCox_c-index,test_root_leanness,test_SKSurvCox_c-index
1.0,,1.0,0.5,1.0,0.5
0.7071067811865476,,0.7071067811865476,0.6749602410507914,0.7071067811865476,0.6110261399105336
0.5773502691896257,,0.5773502691896257,0.7289563961790555,0.5773502691896257,0.5796207380952959
0.5,,0.5,0.7456195166814286,0.5,0.6216884284068283
0.4472135954999579,,0.4472135954999579,0.7667348081041652,0.4472135954999579,0.6332839771544037
0.408248290463863,,0.408248290463863,0.7682941644054687,0.408248290463863,0.6471311316109974
0.3779644730092272,,0.3779644730092272,0.767294262781116,0.3779644730092272,0.6261374089813687
0.3535533905932738,,0.3535533905932738,0.7728223277450275,0.3535533905932738,0.6057821124096292
0.3333333333333333,,0.3333333333333333,0.7723335297990371,0.3333333333333333,0.5854850296125463
