inner_cv_root_leanness,inner_cv_SKSurvCox_c-index,train_root_leanness,train_SKSurvCox_c-index
1.0,0.49941039124135017,1.0,0.5
0.7071067811865476,0.6935881463214225,0.7071067811865476,0.7066146984204926
0.5773502691896257,0.7206398552872653,0.5773502691896257,0.7041288157787053
0.5,0.733967772725788,0.5,0.7211924052704805
0.4472135954999579,0.7463264442092113,0.4472135954999579,0.7265529094033881
0.408248290463863,0.7492892464503175,0.408248290463863,0.7395347409771668
