inner_cv_root_leanness,inner_cv_SKSurvCox_c-index,train_root_leanness,train_SKSurvCox_c-index,test_root_leanness,test_SKSurvCox_c-index
1.0,0.49347032746415626,1.0,0.5,1.0,0.5
0.7071067811865476,0.6587151184314085,0.7071067811865476,0.7043365214968892,0.7071067811865476,0.7093792478477572
0.5773502691896257,0.7112012900833291,0.5773502691896257,0.7476785216826075,0.5773502691896257,0.7124603534209334
0.5,0.7288684490448901,0.5,0.7640449438202247,0.5,0.7405527865881287
