inner_cv_root_leanness,inner_cv_SKSurvCox_c-index,train_root_leanness,train_SKSurvCox_c-index,test_root_leanness,test_SKSurvCox_c-index
1.0,0.4980925503492961,1.0,0.5,1.0,0.5
0.7071067811865476,0.6927337127860618,0.7071067811865476,0.7127909656602904,0.7071067811865476,0.6894135005533014
0.5773502691896257,0.6960971519938175,0.5773502691896257,0.7222171007144503,0.5773502691896257,0.6149944669863519
