inner_cv_root_leanness,inner_cv_SKSurvCox_c-index,train_root_leanness,train_SKSurvCox_c-index,test_root_leanness,test_SKSurvCox_c-index
0.0,,0.0,0.0,0.0,0.0
0.0,,0.0,0.028416700734346236,0.0,0.039011628901170346
0.0,,0.0,0.021907681667124815,0.0,0.04263777480053614
0.0,,0.0,0.016330033286097747,0.0,0.027291816588149626
0.0,,0.0,0.014333715255754007,0.0,0.028588098329288096
0.0,,0.0,0.014634178606092403,0.0,0.029764931363188498
0.0,,0.0,0.010603281289017752,0.0,0.03078752007660278
0.0,,0.0,0.009940823025876967,0.0,0.03652515343344212
0.0,,0.0,0.01306040565664971,0.0,0.03915448907097197
