inner_cv_RF4_bal_acc,inner_cv_root_leanness,train_RF4_bal_acc,train_root_leanness,test_RF4_bal_acc,test_root_leanness
0.01463115283730062,0.0,0.01074871460278038,0.0,0.04010350653526349,0.0
0.014293158422743058,0.0,0.01160669749883988,0.0,0.040929605637923305,0.0
0.013920854568906897,0.0,0.016408078406309874,0.0,0.037418951204703385,0.0
0.016720278960500854,0.0,0.012001389636735459,0.0,0.03456437570226449,0.0
0.016980768645779624,0.0,0.015418992350829249,0.0,0.028522607125614288,0.0
0.01739167977410953,0.0,0.011726843181330769,0.0,0.03149887903634775,0.0
0.01900688624958757,0.0,0.010270729064598139,0.0,0.031963143444344796,0.0
0.023000563276376205,0.0,0.018703907993873947,0.0,0.014923667681620649,0.0
0.0,0.0,0.0,0.0,0.0,0.0
