inner_cv_RF4_bal_acc,inner_cv_root_leanness,train_RF4_bal_acc,train_root_leanness,test_RF4_bal_acc,test_root_leanness
0.9006330847772324,0.3779644730092272,0.9316933634991362,0.3779644730092272,0.8110638120154812,0.3779644730092272
0.8865752080217623,0.408248290463863,0.9591940609897024,0.408248290463863,0.8506198432566126,0.408248290463863
0.876737962569557,0.4472135954999579,0.9394359541910836,0.4472135954999579,0.7988814978136725,0.4472135954999579
0.858407869024032,0.5,0.9331082607472445,0.5,0.7950530882937579,0.5
0.7756155909236824,0.5773502691896257,0.884932727511965,0.5773502691896257,0.7464672657110206,0.5773502691896257
0.6165923930149917,0.7071067811865476,0.7845167467552919,0.7071067811865476,0.6372035092687942,0.7071067811865476
0.20000000000000004,1.0,0.2,1.0,0.2,1.0
