inner_cv_RF4_bal_acc,inner_cv_root_leanness,train_RF4_bal_acc,train_root_leanness,test_RF4_bal_acc,test_root_leanness
0.9508654364209007,0.30151134457776363,0.9790367683902662,0.30151134457776363,0.9153707830211039,0.30151134457776363
0.9516719762513869,0.3535533905932738,0.9812181658610146,0.3535533905932738,0.9294294233994913,0.3535533905932738
0.9385448007353349,0.3779644730092272,0.9698790543147896,0.3779644730092272,0.9090144189144189,0.3779644730092272
0.9307728413775915,0.408248290463863,0.9636878493637864,0.408248290463863,0.9270242742653126,0.408248290463863
0.9180008567935554,0.4472135954999579,0.9532841396171096,0.4472135954999579,0.9052710288351014,0.4472135954999579
0.8974585897433244,0.5,0.9514042146411557,0.5,0.8911039638052725,0.5
0.8637993297899648,0.5773502691896257,0.880137822452925,0.5773502691896257,0.7604202652479224,0.5773502691896257
0.746166442292379,0.7071067811865476,0.8116022681715196,0.7071067811865476,0.6520325011450507,0.7071067811865476
0.20000000000000004,1.0,0.2,1.0,0.2,1.0
