inner_cv_RF4_bal_acc,inner_cv_root_leanness,train_RF4_bal_acc,train_root_leanness,test_RF4_bal_acc,test_root_leanness
0.9511412219319413,0.3779644730092272,0.9761611790258858,0.3779644730092272,0.8888293142732948,0.3779644730092272
0.939408050522495,0.408248290463863,0.9841099313274222,0.408248290463863,0.9199820646891889,0.408248290463863
0.9328949497792345,0.4472135954999579,0.9672585664598474,0.4472135954999579,0.9075506265620985,0.4472135954999579
0.9252620556132056,0.5,0.9673949042712814,0.5,0.8822536919758055,0.5
0.8511556720022988,0.5773502691896257,0.9319582576357424,0.5773502691896257,0.8451547679529684,0.5773502691896257
0.6881108086155123,0.7071067811865476,0.8280191313835656,0.7071067811865476,0.6934716681159729,0.7071067811865476
0.20000000000000004,1.0,0.2,1.0,0.2,1.0
