inner_cv_RF4_bal_acc,inner_cv_root_leanness,train_RF4_bal_acc,train_root_leanness,test_RF4_bal_acc,test_root_leanness
0.013665895902896075,0.0,0.01389349178406974,0.0,0.028683526064045867,0.0
0.01414101469111475,0.0,0.009294626520757526,0.0,0.02261667255618935,0.0
0.014778684034868999,0.0,0.010299878264170783,0.0,0.03419910699918433,0.0
0.016603186670246104,0.0,0.011271534931768308,0.0,0.02741375828250553,0.0
0.019851410210419033,0.0,0.01569068586156971,0.0,0.031389462552206385,0.0
0.018507418724103917,0.0,0.014474983497202876,0.0,0.019625586881096488,0.0
0.0,0.0,0.0,0.0,0.0,0.0
