inner_cv_root_separation,inner_cv_root_leanness,train_root_separation,train_root_leanness,test_root_separation,test_root_leanness
0.6456354854321114,0.3333333333333333,0.6456354854321114,0.3333333333333333,0.6657474318312131,0.3333333333333333
0.6448506088668041,0.3535533905932738,0.6448506088668041,0.3535533905932738,0.6657474318312131,0.3535533905932738
0.6440049247119009,0.3779644730092272,0.6440049247119009,0.3779644730092272,0.665459548526045,0.3779644730092272
0.6430352546893434,0.408248290463863,0.6430352546893434,0.408248290463863,0.6618459083115737,0.408248290463863
0.6411173221300202,0.4472135954999579,0.6411173221300202,0.4472135954999579,0.6618459083115737,0.4472135954999579
0.6386105414228329,0.5,0.6386105414228329,0.5,0.6618459083115737,0.5
0.6180502673479014,0.5773502691896257,0.6180502673479014,0.5773502691896257,0.6381966072148775,0.5773502691896257
0.5650053293646146,0.7071067811865476,0.5650053293646146,0.7071067811865476,0.5823776164794903,0.7071067811865476
0.0,1.0,0.0,1.0,0.0,1.0
