inner_cv_root_separation,inner_cv_root_leanness,train_root_separation,train_root_leanness,test_root_separation,test_root_leanness
0.6714643729726434,0.3535533905932738,0.6684618930942506,0.3535533905932738,0.6195521380593308,0.3535533905932738
0.6710007762151021,0.3779644730092272,0.673085239504616,0.3779644730092272,0.5968479643472192,0.3779644730092272
0.67036378914196,0.408248290463863,0.6650800363244425,0.408248290463863,0.6095190477284932,0.408248290463863
0.668614573151958,0.4472135954999579,0.6619610972855453,0.4472135954999579,0.6142513805034012,0.4472135954999579
0.6618588583354469,0.5,0.6533937306125042,0.5,0.5972306023258208,0.5
0.632247459608752,0.5773502691896257,0.6332659611034291,0.5773502691896257,0.5728539296492072,0.5773502691896257
0.5708821564620585,0.7071067811865476,0.5681158146012271,0.7071067811865476,0.5516361711482132,0.7071067811865476
0.0,1.0,0.0,1.0,0.0,1.0
