inner_cv_root_separation,inner_cv_root_leanness,train_root_separation,train_root_leanness,test_root_separation,test_root_leanness
0.6624752876294767,0.3333333333333333,0.6771873625308963,0.3333333333333333,0.6722499704603899,0.3333333333333333
0.6624752876294767,0.3535533905932738,0.6595942862884856,0.3535533905932738,0.6699450225400352,0.3535533905932738
0.6619846302113203,0.3779644730092272,0.659743185841409,0.3779644730092272,0.6726325034855853,0.3779644730092272
0.6636473855555699,0.408248290463863,0.671616951374015,0.408248290463863,0.6695335405654571,0.408248290463863
0.6625186563584927,0.4472135954999579,0.6643838822608003,0.4472135954999579,0.679946942844184,0.4472135954999579
0.6607424238733243,0.5,0.6687400151613251,0.5,0.6612992875481306,0.5
0.6404955482588514,0.5773502691896257,0.643378119548657,0.5773502691896257,0.649687630995113,0.5773502691896257
0.5702993744374016,0.7071067811865476,0.5810355362801315,0.7071067811865476,0.5882469452739525,0.7071067811865476
0.0,1.0,0.0,1.0,0.0,1.0
