inner_cv_root_separation,inner_cv_root_leanness,train_root_separation,train_root_leanness,test_root_separation,test_root_leanness
0.6750408888554127,0.3333333333333333,0.6695486798963532,0.3333333333333333,0.6715739102678281,0.3333333333333333
0.6750408888554127,0.3535533905932738,0.6763650711256881,0.3535533905932738,0.6736676754110864,0.3535533905932738
0.6746517271559221,0.3779644730092272,0.6678319231496989,0.3779644730092272,0.6721632265462727,0.3779644730092272
0.6732415618492265,0.408248290463863,0.6674632352009878,0.408248290463863,0.6621178833167909,0.408248290463863
0.6731180090188049,0.4472135954999579,0.6688389887299593,0.4472135954999579,0.6767080187599214,0.4472135954999579
0.6697601685821419,0.5,0.6691703367717818,0.5,0.6706023438696631,0.5
0.6515535912886128,0.5773502691896257,0.6525887898218556,0.5773502691896257,0.6359040143729584,0.5773502691896257
0.5831456436388669,0.7071067811865476,0.5877025859472513,0.7071067811865476,0.5740233273285558,0.7071067811865476
0.0,1.0,0.0,1.0,0.0,1.0
