inner_cv_root_separation,inner_cv_root_leanness,train_root_separation,train_root_leanness,test_root_separation,test_root_leanness
0.006766945279021018,0.0,0.007386197690551873,0.0,0.0073942493812008065,0.0
0.006154247096279593,0.0,0.00926856960638391,0.0,0.015467013824081012,0.0
0.006704614196261317,0.0,0.011253567004517588,0.0,0.007944257785083297,0.0
0.006236294896052393,0.0,0.0058806124936360915,0.0,0.010652734713264961,0.0
0.0069378265325815295,0.0,0.01044602114784332,0.0,0.015040951862144705,0.0
0.007470178568531764,0.0,0.006929947337193023,0.0,0.00963747498133839,0.0
0.005569939121170234,0.0,0.006154252877663318,0.0,0.010133397285009676,0.0
0.0,0.0,0.0,0.0,0.0,0.0
