inner_cv_root_separation,inner_cv_root_leanness,train_root_separation,train_root_leanness,test_root_separation,test_root_leanness
0.008472373583979946,0.0,0.007655355810141818,0.0,0.008668811656599232,0.0
0.008530275743903302,0.0,0.00961378181216612,0.0,0.008256507838974175,0.0
0.008931021515375599,0.0,0.0069621945748060115,0.0,0.010213593437337664,0.0
0.009565220760380959,0.0,0.00656706703302517,0.0,0.009645720362435755,0.0
0.01090692364985847,0.0,0.007985456186962834,0.0,0.010352973134236509,0.0
0.010056619282307411,0.0,0.00913036440846066,0.0,0.011800443510125914,0.0
0.009305848766548538,0.0,0.01132757723874629,0.0,0.009973568910509377,0.0
0.004568095727847169,0.0,0.006066932807072091,0.0,0.008901701536654724,0.0
0.0,0.0,0.0,0.0,0.0,0.0
