inner_cv_root_separation,inner_cv_root_leanness,train_root_separation,train_root_leanness,test_root_separation,test_root_leanness
0.010589254233868773,0.0,0.007475151496854357,0.0,0.014115910605123435,0.0
0.009655904017269134,0.0,0.007383788387927127,0.0,0.006920929303350479,0.0
0.009662282081310062,0.0,0.009896929121204967,0.0,0.0129101893667511,0.0
0.009588272290267572,0.0,0.00918258103950798,0.0,0.012877332353268094,0.0
0.00865145916715801,0.0,0.007641309780559842,0.0,0.008945122702671997,0.0
0.00921433048439637,0.0,0.005092058498907889,0.0,0.0056933666338435844,0.0
0.007273448360453019,0.0,0.007945700503185308,0.0,0.007321974293762653,0.0
0.005150282741256882,0.0,0.0062635967749545005,0.0,0.008233072866807472,0.0
0.0,0.0,0.0,0.0,0.0,0.0
