inner_cv_root_separation,inner_cv_root_leanness,train_root_separation,train_root_leanness,test_root_separation,test_root_leanness
0.6463755412630884,0.3333333333333333,0.6480820407591105,0.3333333333333333,0.6493875003055467,0.3333333333333333
0.6413903900611019,0.3535533905932738,0.6457971498727232,0.3535533905932738,0.6421575037960318,0.3535533905932738
0.6397393335475597,0.3779644730092272,0.642070255801892,0.3779644730092272,0.6437493395048202,0.3779644730092272
0.6379743761143749,0.408248290463863,0.6349725301078488,0.408248290463863,0.6390547260970747,0.408248290463863
0.637729304640777,0.4472135954999579,0.6371093542459313,0.4472135954999579,0.640577169800177,0.4472135954999579
0.6350629867588145,0.5,0.6366322880679207,0.5,0.6358140717830013,0.5
0.6025080213738702,0.5773502691896257,0.6110865747850578,0.5773502691896257,0.6230987259882647,0.5773502691896257
0.5565271424129349,0.7071067811865476,0.56198243915653,0.7071067811865476,0.5572117733049503,0.7071067811865476
0.0,1.0,0.0,1.0,0.0,1.0
