inner_cv_root_separation,inner_cv_root_leanness,train_root_separation,train_root_leanness,test_root_separation,test_root_leanness
0.6445327884619164,0.3333333333333333,0.6515963016693135,0.3333333333333333,0.6536810801872457,0.3333333333333333
0.6444967337219087,0.3535533905932738,0.6439689651945627,0.3535533905932738,0.6589394663128509,0.3535533905932738
0.6439880749406722,0.3779644730092272,0.64427069882562,0.3779644730092272,0.6518306803267654,0.3779644730092272
0.64383571084753,0.408248290463863,0.6423962490944662,0.408248290463863,0.6423164902999231,0.408248290463863
0.6422077422857659,0.4472135954999579,0.6392032886750535,0.4472135954999579,0.6523421736299081,0.4472135954999579
0.6343190143768201,0.5,0.6387928354496869,0.5,0.6521106707222585,0.5
0.6097218551098029,0.5773502691896257,0.6101501071693796,0.5773502691896257,0.6410515302729812,0.5773502691896257
0.5627193079492062,0.7071067811865476,0.5682475172374802,0.7071067811865476,0.5572037338514982,0.7071067811865476
0.0,1.0,0.0,1.0,0.0,1.0
