inner_cv_NB_bal_acc,inner_cv_root_leanness,train_NB_bal_acc,train_root_leanness,test_NB_bal_acc,test_root_leanness
,0.3535533905932738,0.911468024314573,0.3535533905932738,0.8301550926671624,0.3535533905932738
,0.408248290463863,0.9076694700665997,0.408248290463863,0.7881459564265406,0.408248290463863
,0.4472135954999579,0.8932873295206594,0.4472135954999579,0.8086735606487009,0.4472135954999579
,0.5,0.8642217476645538,0.5,0.8077885661878003,0.5
,0.5773502691896257,0.7605851463482632,0.5773502691896257,0.7586911543043314,0.5773502691896257
,0.7071067811865476,0.6233826795265477,0.7071067811865476,0.6553339634053292,0.7071067811865476
,1.0,0.2,1.0,0.2,1.0
