inner_cv_NB_bal_acc,inner_cv_root_leanness,train_NB_bal_acc,train_root_leanness,test_NB_bal_acc,test_root_leanness
,0.0,0.013474451725525803,0.0,0.036581880434018076,0.0
,0.0,0.009947438359289787,0.0,0.031730494730556336,0.0
,0.0,0.013122913510976577,0.0,0.02913984731297015,0.0
,0.0,0.014052389366889816,0.0,0.03174768821505162,0.0
,0.0,0.01196339219240337,0.0,0.016852048241467726,0.0
,0.0,0.024608262662185864,0.0,0.02265192167016735,0.0
,0.0,0.0,0.0,0.0,0.0
