inner_cv_NB_bal_acc,inner_cv_root_leanness,train_NB_bal_acc,train_root_leanness,test_NB_bal_acc,test_root_leanness
0.8527210869838768,0.3535533905932738,0.91889120648588,0.3535533905932738,0.8946399815965034,0.3535533905932738
0.8520853737491606,0.408248290463863,0.9105363399914786,0.408248290463863,0.8403223821828473,0.408248290463863
0.8351560980480177,0.4472135954999579,0.8990307663355848,0.4472135954999579,0.8651440983089114,0.4472135954999579
0.8273461377401952,0.5,0.8774870889356648,0.5,0.8602211629511933,0.5
0.7499982500802391,0.5773502691896257,0.7698505126387938,0.5773502691896257,0.7747096366914364,0.5773502691896257
0.6436640908764723,0.7071067811865476,0.6600691228013152,0.7071067811865476,0.6942462323655448,0.7071067811865476
0.19908661307091052,1.0,0.2,1.0,0.2,1.0
