inner_cv_NB_bal_acc,inner_cv_root_leanness,train_NB_bal_acc,train_root_leanness,test_NB_bal_acc,test_root_leanness
,0.3779644730092272,0.8295171960663884,0.3779644730092272,0.7727066374162361,0.3779644730092272
,0.408248290463863,0.8586935850245468,0.408248290463863,0.7915803143964018,0.408248290463863
,0.4472135954999579,0.8596377317954422,0.4472135954999579,0.7743645690770491,0.4472135954999579
,0.5,0.8352719231175801,0.5,0.7569574858010458,0.5
,0.5773502691896257,0.7724655996986735,0.5773502691896257,0.7291509794018362,0.5773502691896257
,0.7071067811865476,0.6233826795265477,0.7071067811865476,0.6553339634053292,0.7071067811865476
,1.0,0.2,1.0,0.2,1.0
