inner_cv_NB_bal_acc,inner_cv_root_leanness,train_NB_bal_acc,train_root_leanness,test_NB_bal_acc,test_root_leanness
0.8706080884513163,0.3779644730092272,0.8553671565887704,0.3779644730092272,0.8494048287779329,0.3779644730092272
0.8626974791469771,0.408248290463863,0.8611667781892454,0.408248290463863,0.8326030783058084,0.408248290463863
0.8454421731136854,0.4472135954999579,0.8708610343878164,0.4472135954999579,0.8131312158612461,0.4472135954999579
0.8153150703927887,0.5,0.8559226615057739,0.5,0.8134088732673161,0.5
0.7529631222022163,0.5773502691896257,0.786348034764897,0.5773502691896257,0.7701734957548911,0.5773502691896257
0.6542186033750459,0.7071067811865476,0.6600691228013152,0.7071067811865476,0.6942462323655448,0.7071067811865476
0.1875641048092181,1.0,0.2,1.0,0.2,1.0
