inner_cv_NB_bal_acc,inner_cv_root_leanness,train_NB_bal_acc,train_root_leanness
,0.0,0.013216731820587899,0.0
,0.0,0.011342435055197901,0.0
,0.0,0.012045473895255874,0.0
,0.0,0.009745519470076092,0.0
,0.0,0.00977960212801614,0.0
,0.0,0.012816675939114645,0.0
,0.0,0.01845314980485153,0.0
,0.0,0.013494757396971327,0.0
,0.0,0.006974234382193473,0.0
,0.0,0.0,0.0
