inner_cv_NB_bal_acc,inner_cv_root_leanness,train_NB_bal_acc,train_root_leanness,test_NB_bal_acc,test_root_leanness
,0.0,0.018471626588285345,0.0,0.04219755928373526,0.0
,0.0,0.008737530678451792,0.0,0.029421426865703423,0.0
,0.0,0.015649205841022806,0.0,0.03341566257735726,0.0
,0.0,0.02151330942402746,0.0,0.030685191521936106,0.0
,0.0,0.016509490020218676,0.0,0.03154506932517618,0.0
,0.0,0.024608262662185864,0.0,0.02265192167016735,0.0
,0.0,0.0,0.0,0.0,0.0
