inner_cv_NB_bal_acc,inner_cv_root_leanness,train_NB_bal_acc,train_root_leanness
,0.0,0.01833897755890338,0.0
,0.0,0.014964246157640956,0.0
,0.0,0.01646440659216399,0.0
,0.0,0.01611888717056772,0.0
,0.0,0.01523430232860313,0.0
,0.0,0.017373725370799356,0.0
,0.0,0.021846127977783066,0.0
,0.0,0.023445288546974495,0.0
,0.0,0.018613207515935752,0.0
,0.0,0.014624483132231943,0.0
,0.0,0.0075915796100492535,0.0
,0.0,0.0,0.0
