inner_cv_svm_bal_acc,inner_cv_root_leanness,train_svm_bal_acc,train_root_leanness,test_svm_bal_acc,test_root_leanness
,0.5,0.7531925641027041,0.5,0.6362351195445237,0.5
,0.5773502691896257,0.666878116587412,0.5773502691896257,0.5877762395128869,0.5773502691896257
,0.7071067811865476,0.5007917346192967,0.7071067811865476,0.4369630870098184,0.7071067811865476
,1.0,0.2,1.0,0.2,1.0
