inner_cv_svm_bal_acc,inner_cv_root_leanness,train_svm_bal_acc,train_root_leanness
,0.0,0.005401741401327304,0.0
,0.0,0.003380770799974752,0.0
,0.0,0.011389045055580452,0.0
,0.0,0.012884479758579348,0.0
,0.0,0.010428904958729961,0.0
,0.0,0.014781358225224769,0.0
,0.0,0.010517467483670353,0.0
,0.0,0.009129951444201095,0.0
,0.0,0.013231367876504656,0.0
,0.0,0.020441476766555666,0.0
,0.0,0.0,0.0
