inner_cv_svm_bal_acc,inner_cv_root_leanness,train_svm_bal_acc,train_root_leanness,test_svm_bal_acc,test_root_leanness
,0.5,0.7317791346372275,0.5,0.713891705255897,0.5
,0.5773502691896257,0.6123456948893172,0.5773502691896257,0.6573654066521714,0.5773502691896257
,0.7071067811865476,0.4715018692729277,0.7071067811865476,0.500311985483146,0.7071067811865476
,1.0,0.2,1.0,0.2,1.0
