inner_cv_svm_bal_acc,inner_cv_root_leanness,train_svm_bal_acc,train_root_leanness,test_svm_bal_acc,test_root_leanness
0.7453008021439915,0.5,0.7930169607811035,0.5,0.6903508771929825,0.5
0.6871086049022939,0.5773502691896257,0.6946929662547768,0.5773502691896257,0.6214912280701754,0.5773502691896257
0.5444021858879643,0.7071067811865476,0.5371218601757525,0.7071067811865476,0.4967731829573935,0.7071067811865476
0.2,1.0,0.2,1.0,0.2,1.0
