inner_cv_svm_bal_acc,inner_cv_root_leanness,train_svm_bal_acc,train_root_leanness,test_svm_bal_acc,test_root_leanness
0.7657899225829328,0.5,0.7728095074376197,0.5,0.7661340852130326,0.5
0.6298625073972246,0.5773502691896257,0.6638729333881792,0.5773502691896257,0.706296992481203,0.5773502691896257
0.47627593055091727,0.7071067811865476,0.51644588045372,0.7071067811865476,0.5885338345864662,0.7071067811865476
0.2,1.0,0.2,1.0,0.2,1.0
