inner_cv_root_separation,inner_cv_root_leanness,train_root_separation,train_root_leanness,test_root_separation,test_root_leanness
0.6695384987557075,0.3333333333333333,0.6631250624893875,0.3333333333333333,0.6894144390023121,0.3333333333333333
0.6695240922057418,0.3535533905932738,0.6541371816425251,0.3535533905932738,0.6893436261307226,0.3535533905932738
0.6695240922057418,0.3779644730092272,0.6616994677595416,0.3779644730092272,0.6918605530445635,0.3779644730092272
0.669092582340546,0.408248290463863,0.6582834428350527,0.408248290463863,0.6755259720190395,0.408248290463863
0.6641447079231257,0.4472135954999579,0.6575604333871032,0.4472135954999579,0.697631007022073,0.4472135954999579
0.649601259651654,0.5,0.6554209200260387,0.5,0.6770551620512967,0.5
0.6287562823955261,0.5773502691896257,0.635086541295911,0.5773502691896257,0.641911123949613,0.5773502691896257
0.5803329381360022,0.7071067811865476,0.584998845973902,0.7071067811865476,0.5654687223618735,0.7071067811865476
0.0,1.0,0.0,1.0,0.0,1.0
