inner_cv_root_separation,inner_cv_root_leanness,train_root_separation,train_root_leanness,test_root_separation,test_root_leanness
0.004999685348375769,0.0,0.008480100683961454,0.0,0.016042130740308837,0.0
0.005770374208068149,0.0,0.007928360597704442,0.0,0.019663734559737557,0.0
0.0064481919133519,0.0,0.007308802573394742,0.0,0.01703301648611636,0.0
0.006443095183322559,0.0,0.008093579919019489,0.0,0.016116073157975332,0.0
0.005518060081846629,0.0,0.007948387362552243,0.0,0.021067931984687947,0.0
0.007286014116951827,0.0,0.010109054839662663,0.0,0.019571701302736597,0.0
0.017971926710367108,0.0,0.013000429841870902,0.0,0.017430328176397714,0.0
0.0,0.0,0.0,0.0,0.0,0.0
