inner_cv_root_separation,inner_cv_root_leanness,train_root_separation,train_root_leanness,test_root_separation,test_root_leanness
0.6758926418141286,0.3333333333333333,0.6804397825553429,0.3333333333333333,0.683862800758565,0.3333333333333333
0.6753163649508481,0.3535533905932738,0.6716365672443337,0.3535533905932738,0.6744498256676404,0.3535533905932738
0.6753015041515638,0.3779644730092272,0.6743758753932909,0.3779644730092272,0.6899703432109053,0.3779644730092272
0.6732485142896802,0.408248290463863,0.6703372592614519,0.408248290463863,0.6865427126665101,0.408248290463863
0.6667769858662476,0.4472135954999579,0.6731599076561785,0.4472135954999579,0.6771344991874645,0.4472135954999579
0.6586739444272155,0.5,0.6577772921946122,0.5,0.6504568244383966,0.5
0.639152619930535,0.5773502691896257,0.6569722830613283,0.5773502691896257,0.6710907554691494,0.5773502691896257
0.582874372457378,0.7071067811865476,0.572518482369046,0.7071067811865476,0.597128595265523,0.7071067811865476
0.0,1.0,0.0,1.0,0.0,1.0
