inner_cv_root_separation,inner_cv_root_leanness,train_root_separation,train_root_leanness,test_root_separation,test_root_leanness
0.6517545647967778,0.3333333333333333,0.6430507277434202,0.3333333333333333,0.6496926350561947,0.3333333333333333
0.6483519040945951,0.3535533905932738,0.6426090287572337,0.3535533905932738,0.6387186335293975,0.3535533905932738
0.6473283894377856,0.3779644730092272,0.6422969028372053,0.3779644730092272,0.648142125580536,0.3779644730092272
0.6407739344487652,0.408248290463863,0.6454776925808746,0.408248290463863,0.6437552011350027,0.408248290463863
0.6386814112568502,0.4472135954999579,0.6497162970077343,0.4472135954999579,0.6341266714126914,0.4472135954999579
0.6354310358935035,0.5,0.6357395608249682,0.5,0.629757995856988,0.5
0.6080101395590956,0.5773502691896257,0.6240371843001254,0.5773502691896257,0.5909817607780342,0.5773502691896257
0.5630285647429796,0.7071067811865476,0.5638898782367936,0.7071067811865476,0.5345782966813808,0.7071067811865476
0.0,1.0,0.0,1.0,0.0,1.0
