inner_cv_root_separation,inner_cv_root_leanness,train_root_separation,train_root_leanness,test_root_separation,test_root_leanness
0.6683299292182595,0.3535533905932738,0.6768853920815519,0.3535533905932738,0.6805319869531211,0.3535533905932738
0.668011474947729,0.3779644730092272,0.6765205804552405,0.3779644730092272,0.6864599118638305,0.3779644730092272
0.6668690311909471,0.408248290463863,0.6700365068344434,0.408248290463863,0.6766783396427115,0.408248290463863
0.6668690311909471,0.4472135954999579,0.6660426227134734,0.4472135954999579,0.6600846731528195,0.4472135954999579
0.6618099619860288,0.5,0.6714810044719507,0.5,0.6622170419587471,0.5
0.6436997558471619,0.5773502691896257,0.6511553737315815,0.5773502691896257,0.6508419421582516,0.5773502691896257
0.6002219557501901,0.7071067811865476,0.5889135575025984,0.7071067811865476,0.5563494968070958,0.7071067811865476
0.0,1.0,0.0,1.0,0.0,1.0
