inner_cv_root_separation,inner_cv_root_leanness,train_root_separation,train_root_leanness,test_root_separation,test_root_leanness
0.007902501821297613,0.0,0.007155611814408144,0.0,0.012204649359407417,0.0
0.009616812173501698,0.0,0.0048320922432689645,0.0,0.010567004084366925,0.0
0.010032147443660815,0.0,0.011049607428983558,0.0,0.01406116550717114,0.0
0.011309691855611185,0.0,0.006635459377763357,0.0,0.008471884814043816,0.0
0.009056910241631168,0.0,0.01024723045910173,0.0,0.013163330948287874,0.0
0.0059430737535028895,0.0,0.008263900228886189,0.0,0.007868746735239355,0.0
0.00628971508040215,0.0,0.00995961760163893,0.0,0.008814251657213498,0.0
0.00582400783295509,0.0,0.006789463907437376,0.0,0.007604308537326208,0.0
0.0,0.0,0.0,0.0,0.0,0.0
