inner_cv_root_separation,inner_cv_root_leanness,train_root_separation,train_root_leanness,test_root_separation,test_root_leanness
0.6542858541852714,0.3333333333333333,0.6542858541852714,0.3333333333333333,0.6505370787705473,0.3333333333333333
0.653169184490966,0.3535533905932738,0.653169184490966,0.3535533905932738,0.6505370787705473,0.3535533905932738
0.6518632236018409,0.3779644730092272,0.6518632236018409,0.3779644730092272,0.6481976680809546,0.3779644730092272
0.6498794241379775,0.408248290463863,0.6498794241379775,0.408248290463863,0.6452073643210481,0.408248290463863
0.6472632173889865,0.4472135954999579,0.6472632173889865,0.4472135954999579,0.643306896500145,0.4472135954999579
0.6445313635357719,0.5,0.6445313635357719,0.5,0.6422320502832966,0.5
0.6260990229371983,0.5773502691896257,0.6260990229371983,0.5773502691896257,0.609844661078282,0.5773502691896257
0.5710515164697091,0.7071067811865476,0.5710515164697091,0.7071067811865476,0.5439937952685886,0.7071067811865476
0.0,1.0,0.0,1.0,0.0,1.0
