inner_cv_root_leanness,inner_cv_SKSurvCox_c-index,train_root_leanness,train_SKSurvCox_c-index,test_root_leanness,test_SKSurvCox_c-index
1.0,0.4978673479126651,1.0,0.5,1.0,0.5
0.7071067811865476,0.7361614802361799,0.7071067811865476,0.6105023679078837,0.7071067811865476,0.6623470774807431
0.5773502691896257,0.7438486612850657,0.5773502691896257,0.626241990899805,0.5773502691896257,0.6898957861350249
0.5,0.7488801768786326,0.5,0.6307456588355465,0.5,0.6251925690983235
0.4472135954999579,0.7511411227782451,0.4472135954999579,0.6375243755223327,0.4472135954999579,0.6846397825101949
