inner_cv_root_leanness,inner_cv_SKSurvCox_c-index,train_root_leanness,train_SKSurvCox_c-index,test_root_leanness,test_SKSurvCox_c-index
0.0,,0.0,0.0,0.0,0.0
0.0,,0.0,0.027200056837935,0.0,0.02679190417841324
0.0,,0.0,0.02907043192811707,0.0,0.025897456095253502
0.0,,0.0,0.021546205811314407,0.0,0.03802541272738358
0.0,,0.0,0.010756155106661546,0.0,0.027604996760952422
