inner_cv_root_leanness,inner_cv_SKSurvCox_c-index,train_root_leanness,train_SKSurvCox_c-index
1.0,0.4982963472640041,1.0,0.5
0.7071067811865476,0.7839033755818917,0.7071067811865476,0.6963898436860627
0.5773502691896257,0.8517678378905905,0.5773502691896257,0.6988706113429904
0.5,0.8617001855360771,0.5,0.7138268270725918
