inner_cv_root_leanness,inner_cv_SKSurvCox_c-index,train_root_leanness,train_SKSurvCox_c-index,test_root_leanness,test_SKSurvCox_c-index
1.0,0.4985334552478658,1.0,0.5,1.0,0.5
0.7071067811865476,0.7007709411190786,0.7071067811865476,0.6881465074326947,0.7071067811865476,0.7160146355192795
0.5773502691896257,0.7068863806017267,0.5773502691896257,0.7146575936793551,0.5773502691896257,0.7240829346092504
