inner_cv_root_leanness,inner_cv_SKSurvCox_c-index,train_root_leanness,train_SKSurvCox_c-index,test_root_leanness,test_SKSurvCox_c-index
1.0,,1.0,0.5,1.0,0.5
0.7071067811865476,,0.7071067811865476,0.5904310208684048,0.7071067811865476,0.6353245548241448
0.5773502691896257,,0.5773502691896257,0.5897886085370879,0.5773502691896257,0.6728020563976496
0.5,,0.5,0.6070588576520526,0.5,0.5669775287734222
0.4472135954999579,,0.4472135954999579,0.6249161699204477,0.4472135954999579,0.6473678863967247
