inner_cv_root_leanness,inner_cv_SKSurvCox_c-index,train_root_leanness,train_SKSurvCox_c-index,test_root_leanness,test_SKSurvCox_c-index
1.0,,1.0,0.5,1.0,0.5
0.7071067811865476,,0.7071067811865476,0.6405411132108036,0.7071067811865476,0.6708962986019247
0.5773502691896257,,0.5773502691896257,0.6788666122687114,0.5773502691896257,0.6658315996948021
