inner_cv_RF_bal_acc,inner_cv_leanness,train_RF_bal_acc,train_leanness,test_RF_bal_acc,test_leanness
0.8158254279206455,0.16666666666666666,0.9831795141773869,0.16666666666666666,0.8405701754385966,0.16666666666666666
0.8017525952878932,0.2,0.9794215226416613,0.2,0.8453320802005013,0.2
0.7711454611283244,0.25,0.974910252973206,0.25,0.8316416040100251,0.25
0.6498653240340918,0.3333333333333333,0.9417399010932339,0.3333333333333333,0.694141604010025,0.3333333333333333
0.47459050627385013,0.5,0.8874492428335401,0.5,0.46237468671679205,0.5
0.2,1.0,0.2,1.0,0.2,1.0
