inner_cv_RF_bal_acc,inner_cv_leanness,train_RF_bal_acc,train_leanness,test_RF_bal_acc,test_leanness
0.8230566677649487,0.16666666666666666,0.9769551123317275,0.16666666666666666,0.8470238095238095,0.16666666666666666
0.8046654426962888,0.2,0.9734997665298248,0.2,0.8065476190476192,0.2
0.7910411490757379,0.25,0.9664060037819098,0.25,0.8232142857142858,0.25
0.6944583491936155,0.3333333333333333,0.9561879700953527,0.3333333333333333,0.687280701754386,0.3333333333333333
0.5013008160029907,0.5,0.8544995705785968,0.5,0.4598684210526316,0.5
0.2,1.0,0.2,1.0,0.2,1.0
