inner_cv_RF_bal_acc,inner_cv_leanness,train_RF_bal_acc,train_leanness,test_RF_bal_acc,test_leanness
0.8791430417187217,0.125,0.9579542663719555,0.125,0.6569368131868132,0.125
0.8717632486572487,0.14285714285714285,0.9532372852398799,0.14285714285714285,0.6426854395604396,0.14285714285714285
0.84954778913199,0.16666666666666666,0.940786804198567,0.16666666666666666,0.6341002747252747,0.16666666666666666
0.8316956038910424,0.2,0.9327222880695347,0.2,0.6519574175824175,0.2
0.7930200958879243,0.25,0.9152238096763516,0.25,0.6243131868131868,0.25
0.6883602417486199,0.3333333333333333,0.9020886055674793,0.3333333333333333,0.5523695054945055,0.3333333333333333
0.5399368399696746,0.5,0.7844884197712785,0.5,0.4162087912087912,0.5
0.24596774193548387,1.0,0.25,1.0,0.25,1.0
