inner_cv_RF_bal_acc,inner_cv_leanness,train_RF_bal_acc,train_leanness,test_RF_bal_acc,test_leanness
0.8838017708605048,0.14285714285714285,0.9642029920103566,0.14285714285714285,0.8428685897435898,0.14285714285714285
0.8583761436203615,0.16666666666666666,0.956391171299114,0.16666666666666666,0.7746794871794871,0.16666666666666666
0.8411943647412302,0.2,0.919051423064661,0.2,0.7746794871794872,0.2
0.8038452574172295,0.25,0.9198641543247447,0.25,0.8418269230769231,0.25
0.7166375629172343,0.3333333333333333,0.8879107130780898,0.3333333333333333,0.6341346153846155,0.3333333333333333
0.5335864514196833,0.5,0.7879722415442135,0.5,0.3650641025641026,0.5
0.24731182795698925,1.0,0.25,1.0,0.25,1.0
