inner_cv_RF_bal_acc,inner_cv_leanness,train_RF_bal_acc,train_leanness,test_RF_bal_acc,test_leanness
0.8828669741914128,0.14285714285714285,0.9495360433951586,0.14285714285714285,0.8440934065934066,0.14285714285714285
0.8492394635401651,0.16666666666666666,0.9535683014596747,0.16666666666666666,0.8106112637362637,0.16666666666666666
0.8186284716660793,0.2,0.9572695433043961,0.2,0.8404876373626373,0.2
0.7933964933636588,0.25,0.9141853797610276,0.25,0.8092376373626373,0.25
0.6735472659128039,0.3333333333333333,0.9141853797610276,0.3333333333333333,0.6413118131868132,0.3333333333333333
0.5283152342206704,0.5,0.7802159079988467,0.5,0.3300137362637363,0.5
0.24596774193548387,1.0,0.25,1.0,0.25,1.0
