inner_cv_SKSurvCox_c-index,inner_cv_root_leanness,train_SKSurvCox_c-index,train_root_leanness,test_SKSurvCox_c-index,test_root_leanness
,0.5773502691896257,0.5975448474532054,0.5773502691896257,0.598919595215122,0.5773502691896257
,0.7071067811865476,0.5379517939837275,0.7071067811865476,0.35427801063177267,0.7071067811865476
,1.0,0.5,1.0,0.5,1.0
