inner_cv_SKSurvCox_c-index,inner_cv_root_leanness,train_SKSurvCox_c-index,train_root_leanness,test_SKSurvCox_c-index,test_root_leanness
0.9953626253978991,0.5773502691896257,0.6499592892379903,0.5773502691896257,0.6673728813559322,0.5773502691896257
0.9388349730837671,0.7071067811865476,0.5834570621198333,0.7071067811865476,0.4635593220338983,0.7071067811865476
0.49807415233219865,1.0,0.5,1.0,0.5,1.0
