inner_cv_root_leanness,inner_cv_SKSurvCox_c-index,train_root_leanness,train_SKSurvCox_c-index,test_root_leanness,test_SKSurvCox_c-index
1.0,,1.0,0.5,1.0,0.5
0.7071067811865476,,0.7071067811865476,0.6556684632128298,0.7071067811865476,0.6123830365915062
0.5773502691896257,,0.5773502691896257,0.6972389961109593,0.5773502691896257,0.6785560828326861
0.5,,0.5,0.7158351335400925,0.5,0.6914756187513372
0.4472135954999579,,0.4472135954999579,0.7452155704818333,0.4472135954999579,0.6976996380677315
0.3779644730092272,,0.3779644730092272,0.7436458374902041,0.3779644730092272,0.6869008303777824
0.3535533905932738,,0.3535533905932738,0.7450885751050814,0.3535533905932738,0.6563838524415279
0.30151134457776363,,0.30151134457776363,0.7597138170454099,0.30151134457776363,0.6811316983050684
0.2672612419124244,,0.2672612419124244,0.7679054781726837,0.2672612419124244,0.6399266484960772
