inner_cv_root_leanness,inner_cv_SKSurvCox_c-index,train_root_leanness,train_SKSurvCox_c-index
0.0,,0.0,0.0
0.0,,0.0,0.020507075065177505
0.0,,0.0,0.016807273037738588
0.0,,0.0,0.017347099787936162
0.0,,0.0,0.019632629005545542
0.0,,0.0,0.01622814114210504
0.0,,0.0,0.016745214613822973
0.0,,0.0,0.019701061688162942
0.0,,0.0,0.020254898932098617
0.0,,0.0,0.024457337925830016
0.0,,0.0,0.020441692638717198
0.0,,0.0,0.015355891460566411
0.0,,0.0,0.020401476532241
0.0,,0.0,0.018514455742926664
