inner_cv_root_leanness,inner_cv_SKSurvCox_c-index,train_root_leanness,train_SKSurvCox_c-index,test_root_leanness,test_SKSurvCox_c-index
1.0,0.5,1.0,0.5,1.0,0.5
0.7071067811865476,0.7089624655863676,0.7071067811865476,0.7225583997442514,0.7071067811865476,0.6744535134628014
0.5773502691896257,0.7458077600634585,0.5773502691896257,0.7598246295069988,0.5773502691896257,0.7123557556994089
0.5,0.7583276561883825,0.5,0.7710136323156669,0.5,0.7000656722018951
0.4472135954999579,0.7586150329119207,0.4472135954999579,0.7707624506199621,0.4472135954999579,0.7017543859649122
0.3779644730092272,0.7586154692600713,0.3779644730092272,0.7755805722375723,0.3779644730092272,0.6960315226569097
0.2773500981126146,0.7586155457985406,0.2773500981126146,0.7828191720137921,0.2773500981126146,0.7493198236232292
0.2672612419124244,0.7586157555848186,0.2672612419124244,0.7863585504532687,0.2672612419124244,0.7211745942396097
