inner_cv_root_leanness,inner_cv_SKSurvCox_c-index,train_root_leanness,train_SKSurvCox_c-index,test_root_leanness,test_SKSurvCox_c-index
0.0,,0.0,0.0,0.0,0.0
0.0,,0.0,0.026953061365378356,0.0,0.04921352003426432
0.0,,0.0,0.024420003216303426,0.0,0.039542475269227224
0.0,,0.0,0.026869205838074804,0.0,0.06618404714277674
0.0,,0.0,0.027684015123695616,0.0,0.03732222207974536
0.0,,0.0,0.026621601623615574,0.0,0.05161654268202247
0.0,,0.0,0.027474761812474224,0.0,0.04132203636723685
0.0,,0.0,0.030882192140735492,0.0,0.031101023541125247
