inner_cv_root_leanness,inner_cv_SKSurvCox_c-index,train_root_leanness,train_SKSurvCox_c-index,test_root_leanness,test_SKSurvCox_c-index
1.0,,1.0,0.5,1.0,0.5
0.7071067811865476,,0.7071067811865476,0.6887170054411801,0.7071067811865476,0.5781740510758503
0.5773502691896257,,0.5773502691896257,0.7442159080720374,0.5773502691896257,0.6092030727802967
0.5,,0.5,0.7521168020372434,0.5,0.6169116397385955
0.4472135954999579,,0.4472135954999579,0.7699670370129583,0.4472135954999579,0.6444361389616194
0.408248290463863,,0.408248290463863,0.7902466160268847,0.408248290463863,0.615054141388339
0.3779644730092272,,0.3779644730092272,0.7870716386096966,0.3779644730092272,0.6274212167656513
0.3535533905932738,,0.3535533905932738,0.7894592172822632,0.3535533905932738,0.6290274613108543
0.2773500981126146,,0.2773500981126146,0.7890436968630862,0.2773500981126146,0.6273195851161207
