inner_cv_root_leanness,inner_cv_SKSurvCox_c-index,train_root_leanness,train_SKSurvCox_c-index,test_root_leanness,test_SKSurvCox_c-index
0.0,,0.0,0.0,0.0,0.0
0.0,,0.0,0.021494158152007326,0.0,0.040468103412458725
0.0,,0.0,0.018633961043327152,0.0,0.029223723061210256
0.0,,0.0,0.015933580263840216,0.0,0.034173785713059554
0.0,,0.0,0.015812897423741427,0.0,0.032821477871475005
0.0,,0.0,0.0205307553252943,0.0,0.04182472020900227
0.0,,0.0,0.015431254303961233,0.0,0.027287980094185312
0.0,,0.0,0.012057965125489097,0.0,0.03288230811946698
