inner_cv_root_leanness,inner_cv_SKSurvCox_c-index,train_root_leanness,train_SKSurvCox_c-index,test_root_leanness,test_SKSurvCox_c-index
1.0,,1.0,0.5,1.0,0.5
0.7071067811865476,,0.7071067811865476,0.6899100494566939,0.7071067811865476,0.6050939762175941
0.5773502691896257,,0.5773502691896257,0.7295192909367179,0.5773502691896257,0.672049377512411
0.5,,0.5,0.7318726972292443,0.5,0.6570021145956828
0.4472135954999579,,0.4472135954999579,0.7320640430126635,0.4472135954999579,0.6602295669533697
0.3779644730092272,,0.3779644730092272,0.734705110299372,0.3779644730092272,0.6045670902633326
0.2773500981126146,,0.2773500981126146,0.7497856099166429,0.2773500981126146,0.7292603344692452
0.2672612419124244,,0.2672612419124244,0.7589705007000233,0.2672612419124244,0.6785959510271335
