inner_cv_root_leanness,inner_cv_SKSurvCox_c-index,train_root_leanness,train_SKSurvCox_c-index,test_root_leanness,test_SKSurvCox_c-index
1.0,,1.0,0.5,1.0,0.5
0.7071067811865476,,0.7071067811865476,0.6697583826420825,0.7071067811865476,0.6588666251058625
0.5773502691896257,,0.5773502691896257,0.7155832670876116,0.5773502691896257,0.6207349571477817
0.5,,0.5,0.724150204665849,0.5,0.5243406370390754
0.4472135954999579,,0.4472135954999579,0.7095871477050134,0.4472135954999579,0.6514717227898198
0.408248290463863,,0.408248290463863,0.7320833819241066,0.408248290463863,0.6061330657451691
0.31622776601683794,,0.31622776601683794,0.7081626300240895,0.31622776601683794,0.5494971110526128
0.2773500981126146,,0.2773500981126146,0.737005399637515,0.2773500981126146,0.6386917624925873
0.2672612419124244,,0.2672612419124244,0.7204187903303125,0.2672612419124244,0.5760937521393573
