inner_cv_root_leanness,inner_cv_SKSurvCox_c-index,train_root_leanness,train_SKSurvCox_c-index,test_root_leanness,test_SKSurvCox_c-index
0.0,,0.0,0.0,0.0,0.0
0.0,,0.0,0.02213180985454067,0.0,0.024515756528632297
0.0,,0.0,0.022380293119155854,0.0,0.045008478827185325
0.0,,0.0,0.018765477206206378,0.0,0.04326619641691945
0.0,,0.0,0.03016034998391613,0.0,0.032309595643777
0.0,,0.0,0.01830478900783686,0.0,0.024929150663952935
0.0,,0.0,0.031135451191771576,0.0,0.0319474179823299
0.0,,0.0,0.03011055167309239,0.0,0.02002468372103846
0.0,,0.0,0.034489146992926004,0.0,0.037208903488112496
