inner_cv_root_leanness,inner_cv_SKSurvCox_c-index,train_root_leanness,train_SKSurvCox_c-index,test_root_leanness,test_SKSurvCox_c-index
1.0,,1.0,0.5,1.0,0.5
0.7071067811865476,,0.7071067811865476,0.6858536324173707,0.7071067811865476,0.5578798485126666
0.5773502691896257,,0.5773502691896257,0.7221981052020351,0.5773502691896257,0.6161253065373831
0.5,,0.5,0.7302370596543138,0.5,0.5521722596196268
0.4472135954999579,,0.4472135954999579,0.7363566887180817,0.4472135954999579,0.6381172047447142
0.408248290463863,,0.408248290463863,0.734226841359778,0.408248290463863,0.5892473206091382
0.3333333333333333,,0.3333333333333333,0.735917131811533,0.3333333333333333,0.633984200325302
0.31622776601683794,,0.31622776601683794,0.7334353333822583,0.31622776601683794,0.666136194635453
