inner_cv_root_leanness,inner_cv_SKSurvCox_c-index,train_root_leanness,train_SKSurvCox_c-index,test_root_leanness,test_SKSurvCox_c-index
1.0,0.5,1.0,0.5,1.0,0.5
0.7071067811865476,0.5591898254237139,0.7071067811865476,0.724201188928107,0.7071067811865476,0.649090909090909
0.5773502691896257,0.7517737882136846,0.5773502691896257,0.7602637934237414,0.5773502691896257,0.6816363636363636
0.5,0.7628572205437267,0.5,0.7743126509381386,0.5,0.6746363636363636
0.4472135954999579,0.7661867583026472,0.4472135954999579,0.7802108489689764,0.4472135954999579,0.6963636363636364
0.408248290463863,0.7661978718161337,0.408248290463863,0.7792355563812001,0.408248290463863,0.6804545454545454
0.3333333333333333,0.7661980165980666,0.3333333333333333,0.7809074865316737,0.3333333333333333,0.7034545454545454
0.31622776601683794,0.7661983817364644,0.31622776601683794,0.7857375069663757,0.31622776601683794,0.7166363636363636
