inner_cv_root_leanness,inner_cv_SKSurvCox_c-index,train_root_leanness,train_SKSurvCox_c-index,test_root_leanness,test_SKSurvCox_c-index
1.0,0.5,1.0,0.5,1.0,0.5
0.7071067811865476,0.695974406829396,0.7071067811865476,0.7107509700981511,0.7071067811865476,0.672334429309535
0.5773502691896257,0.7118663815257518,0.5773502691896257,0.7292170737274595,0.5773502691896257,0.732738374823861
0.5,0.7357427829711582,0.5,0.751997260899338,0.5,0.7437294504462189
0.4472135954999579,0.7428576673886089,0.4472135954999579,0.764163433006163,0.4472135954999579,0.7319868482855801
0.3779644730092272,0.7428659498021739,0.3779644730092272,0.7643003880392605,0.3779644730092272,0.7286989196806012
0.3535533905932738,0.7428688517908173,0.3535533905932738,0.7719013923761698,0.3535533905932738,0.6976984499765148
0.30151134457776363,0.7428698736695738,0.30151134457776363,0.78000456516777,0.30151134457776363,0.716580554250822
0.2672612419124244,0.742870770172944,0.2672612419124244,0.7889294681579548,0.2672612419124244,0.6557069046500704
