inner_cv_root_leanness,inner_cv_SKSurvCox_c-index,train_root_leanness,train_SKSurvCox_c-index,test_root_leanness,test_SKSurvCox_c-index
1.0,0.5,1.0,0.5,1.0,0.5
0.7071067811865476,0.7008391963362878,0.7071067811865476,0.7127909656602904,0.7071067811865476,0.6894135005533014
0.5773502691896257,0.7419315092386272,0.5773502691896257,0.7511638626411615,0.5773502691896257,0.701493913684987
0.5,0.7755317938049839,0.5,0.7551970500115234,0.5,0.6087237181851716
0.4472135954999579,0.7795554083614745,0.4472135954999579,0.7573404010140585,0.4472135954999579,0.7070269273330875
0.408248290463863,0.7796888849141048,0.408248290463863,0.7586310209725743,0.408248290463863,0.6368498708963483
0.31622776601683794,0.779690423492143,0.31622776601683794,0.7631020972574326,0.31622776601683794,0.6153633345628919
0.2773500981126146,0.779690712765776,0.2773500981126146,0.7778750864254437,0.2773500981126146,0.6741977130210255
0.2672612419124244,0.7796913809072252,0.2672612419124244,0.7746946300991012,0.2672612419124244,0.6534489118406492
