inner_cv_root_leanness,inner_cv_SKSurvCox_c-index,train_root_leanness,train_SKSurvCox_c-index,test_root_leanness,test_SKSurvCox_c-index
0.0,,0.0,0.0,0.0,0.0
0.0,,0.0,0.029173648881931847,0.0,0.03887062119382743
0.0,,0.0,0.02097205095377878,0.0,0.039593353187697355
0.0,,0.0,0.028035249049407154,0.0,0.030323523807140002
0.0,,0.0,0.024612011978132963,0.0,0.026602948527594247
0.0,,0.0,0.022903709484603997,0.0,0.029257796190911248
0.0,,0.0,0.020420452079499753,0.0,0.03300469283148562
0.0,,0.0,0.02265526269118356,0.0,0.02959244400423698
0.0,,0.0,0.02441054568777821,0.0,0.030613277884559652
