inner_cv_root_leanness,inner_cv_SKSurvCox_c-index,train_root_leanness,train_SKSurvCox_c-index,test_root_leanness,test_SKSurvCox_c-index
1.0,0.5,1.0,0.5,1.0,0.5
0.7071067811865476,0.6719610615530525,0.7071067811865476,0.7308654327163582,0.7071067811865476,0.6400945626477541
0.5773502691896257,0.71722037834879,0.5773502691896257,0.7778662058301878,0.5773502691896257,0.6708274231678487
0.5,0.7317469720537186,0.5,0.7926690618036291,0.5,0.6715839243498818
0.4472135954999579,0.740037022579626,0.4472135954999579,0.8024012006003002,0.4472135954999579,0.6973995271867612
0.408248290463863,0.747527100971711,0.408248290463863,0.8147028059484288,0.408248290463863,0.6718676122931442
0.3779644730092272,0.7488081613427815,0.3779644730092272,0.8143162490336077,0.3779644730092272,0.6853900709219858
0.3535533905932738,0.7488091428978949,0.3535533905932738,0.8138387375505934,0.3535533905932738,0.6730023640661938
0.2773500981126146,0.7488092447155112,0.2773500981126146,0.8219336941197871,0.2773500981126146,0.6821749408983452
