inner_cv_root_leanness,inner_cv_SKSurvCox_c-index,train_root_leanness,train_SKSurvCox_c-index,test_root_leanness,test_SKSurvCox_c-index
0.0,,0.0,0.0,0.0,0.0
0.0,,0.0,0.024422254821707134,0.0,0.04499170459533583
0.0,,0.0,0.017248368812790838,0.0,0.034815953146165625
0.0,,0.0,0.020702537662962678,0.0,0.03227066230066208
0.0,,0.0,0.014105413211375348,0.0,0.035198131086860616
0.0,,0.0,0.014382607148513207,0.0,0.03764006710673205
0.0,,0.0,0.019107816177228468,0.0,0.037334545525853344
0.0,,0.0,0.01273479313909813,0.0,0.03009788253259275
0.0,,0.0,0.014709217800843399,0.0,0.027901158423173516
