
OPTIMIZING ON FOLD NUMBER 1
Number of workers = 96

COMPUTING LOCAL ACTIVE FEATURES
Computing active features for view clinic
Existing features: 12
Applying union strategy for feature selection using composite feature selector with
categorical: feature selector any na and anova
survival: feature selector Cox

Computing active features for outcome survival
Features selected for this outcome: 3
Features active in total: 3
Computing active features for view log_mirna
Existing features: 732
Applying union strategy for feature selection using composite feature selector with
categorical: feature selector any na and anova
survival: feature selector Cox

Computing active features for outcome survival
Features selected for this outcome: 179
Features active in total: 179
Computing active features for view log_mrna
Existing features: 20223
Applying union strategy for feature selection using composite feature selector with
categorical: feature selector any na and anova
survival: feature selector Cox

Computing active features for outcome survival
Features selected for this outcome: 9379
Features active in total: 9379
Computing feature importance
Running optimizer

STARTING 2-STEPS GENETIC ALGORITHM

CREATING INNER FOLDS

ASSIGNING STRATA FOR MULTI-OUTCOME DATA KIRC_MV
Assigning strata for outcome named survival of type survival
Counts:
censored 0: 55
censored 1: 124
deceased 0: 35
deceased 1: 35

STARTING SWEEP NUMBER 1
folds_creator_seed = 1199896279

ASSIGNING STRATA FOR MULTI-OUTCOME DATA KIRC_MV
Assigning strata for outcome named survival of type survival
Counts:
censored 0: 55
censored 1: 124
deceased 0: 35
deceased 1: 35
ga_runner_seed = 1704641791
VIEW: CLINIC
   	     	         	        	   survival SKSurv Cox model concordance index   	             root leanness              
   	     	         	        	-------------------------------------------------	----------------------------------------
gen	evals	gen_feats	explored	min	avg     	max     	std                  	min	avg     	max	std     
0  	500  	3        	3       	0.5	0.659553	0.760953	0.104345             	0.5	0.698308	1  	0.192872
1  	303  	3        	3       	0.5	0.676051	0.760953	0.0812248            	0.5	0.669801	1  	0.145028
2  	333  	3        	3       	0.5	0.67622 	0.760953	0.0813057            	0.5	0.669387	1  	0.145216
3  	343  	3        	3       	0.5	0.676051	0.760953	0.0812248            	0.5	0.669801	1  	0.145028
4  	327  	3        	3       	0.5	0.67622 	0.760953	0.0813057            	0.5	0.669387	1  	0.145216
5  	344  	3        	3       	0.5	0.676051	0.760953	0.0812248            	0.5	0.669801	1  	0.145028
6  	347  	3        	3       	0.5	0.67622 	0.760953	0.0813057            	0.5	0.669387	1  	0.145216
7  	345  	3        	3       	0.5	0.67622 	0.760953	0.0813057            	0.5	0.669387	1  	0.145216
8  	355  	3        	3       	0.5	0.67622 	0.760953	0.0813057            	0.5	0.669387	1  	0.145216
9  	356  	3        	3       	0.5	0.67622 	0.760953	0.0813057            	0.5	0.669387	1  	0.145216
10 	344  	3        	3       	0.5	0.676051	0.760953	0.0812248            	0.5	0.669801	1  	0.145028
11 	342  	3        	3       	0.5	0.67622 	0.760953	0.0813057            	0.5	0.669387	1  	0.145216
12 	329  	3        	3       	0.5	0.676163	0.760953	0.081259             	0.5	0.669542	1  	0.145077
13 	334  	3        	3       	0.5	0.676051	0.760953	0.0812248            	0.5	0.669801	1  	0.145028
14 	352  	3        	3       	0.5	0.67622 	0.760953	0.0813057            	0.5	0.669387	1  	0.145216
15 	327  	3        	3       	0.5	0.676163	0.760953	0.081259             	0.5	0.669542	1  	0.145077
16 	354  	3        	3       	0.5	0.676051	0.760953	0.0812248            	0.5	0.669801	1  	0.145028
17 	343  	3        	3       	0.5	0.67622 	0.760953	0.0813057            	0.5	0.669387	1  	0.145216
18 	346  	3        	3       	0.5	0.676163	0.760953	0.081259             	0.5	0.669542	1  	0.145077
19 	340  	3        	3       	0.5	0.676163	0.760953	0.081259             	0.5	0.669542	1  	0.145077
20 	334  	3        	3       	0.5	0.676051	0.760953	0.0812248            	0.5	0.669801	1  	0.145028
21 	326  	3        	3       	0.5	0.676163	0.760953	0.081259             	0.5	0.669542	1  	0.145077
22 	339  	3        	3       	0.5	0.67622 	0.760953	0.0813057            	0.5	0.669387	1  	0.145216
23 	343  	3        	3       	0.5	0.676051	0.760953	0.0812248            	0.5	0.669801	1  	0.145028
24 	331  	3        	3       	0.5	0.676051	0.760953	0.0812248            	0.5	0.669801	1  	0.145028
25 	347  	3        	3       	0.5	0.67622 	0.760953	0.0813057            	0.5	0.669387	1  	0.145216
26 	316  	3        	3       	0.5	0.67622 	0.760953	0.0813057            	0.5	0.669387	1  	0.145216
27 	343  	3        	3       	0.5	0.67622 	0.760953	0.0813057            	0.5	0.669387	1  	0.145216
28 	343  	3        	3       	0.5	0.676163	0.760953	0.081259             	0.5	0.669542	1  	0.145077
29 	328  	3        	3       	0.5	0.67622 	0.760953	0.0813057            	0.5	0.669387	1  	0.145216
30 	335  	3        	3       	0.5	0.67622 	0.760953	0.0813057            	0.5	0.669387	1  	0.145216
31 	360  	3        	3       	0.5	0.676163	0.760953	0.081259             	0.5	0.669542	1  	0.145077
32 	328  	3        	3       	0.5	0.676163	0.760953	0.081259             	0.5	0.669542	1  	0.145077
33 	339  	3        	3       	0.5	0.67622 	0.760953	0.0813057            	0.5	0.669387	1  	0.145216
34 	337  	3        	3       	0.5	0.676051	0.760953	0.0812248            	0.5	0.669801	1  	0.145028
35 	349  	3        	3       	0.5	0.676051	0.760953	0.0812248            	0.5	0.669801	1  	0.145028
36 	354  	3        	3       	0.5	0.676163	0.760953	0.081259             	0.5	0.669542	1  	0.145077
37 	330  	3        	3       	0.5	0.676163	0.760953	0.081259             	0.5	0.669542	1  	0.145077
38 	330  	3        	3       	0.5	0.676163	0.760953	0.081259             	0.5	0.669542	1  	0.145077
39 	327  	3        	3       	0.5	0.67622 	0.760953	0.0813057            	0.5	0.669387	1  	0.145216
40 	341  	3        	3       	0.5	0.676163	0.760953	0.081259             	0.5	0.669542	1  	0.145077
41 	332  	3        	3       	0.5	0.676163	0.760953	0.081259             	0.5	0.669542	1  	0.145077
42 	338  	3        	3       	0.5	0.676051	0.760953	0.0812248            	0.5	0.669801	1  	0.145028
43 	323  	3        	3       	0.5	0.676051	0.760953	0.0812248            	0.5	0.669801	1  	0.145028
44 	341  	3        	3       	0.5	0.67622 	0.760953	0.0813057            	0.5	0.669387	1  	0.145216
45 	348  	3        	3       	0.5	0.67622 	0.760953	0.0813057            	0.5	0.669387	1  	0.145216
46 	345  	3        	3       	0.5	0.67622 	0.760953	0.0813057            	0.5	0.669387	1  	0.145216
47 	339  	3        	3       	0.5	0.676051	0.760953	0.0812248            	0.5	0.669801	1  	0.145028
48 	338  	3        	3       	0.5	0.67622 	0.760953	0.0813057            	0.5	0.669387	1  	0.145216
49 	354  	3        	3       	0.5	0.676051	0.760953	0.0812248            	0.5	0.669801	1  	0.145028

ASSIGNING STRATA FOR MULTI-OUTCOME DATA KIRC_MV
Assigning strata for outcome named survival of type survival
Counts:
censored 0: 55
censored 1: 124
deceased 0: 35
deceased 1: 35
VIEW: LOG_MIRNA
   	     	         	        	       survival SKSurv Cox model concordance index       	                 root leanness                  
   	     	         	        	---------------------------------------------------------	------------------------------------------------
gen	evals	gen_feats	explored	min     	avg     	max     	std             	min     	avg     	max	std     
0  	500  	11       	11      	0.5     	0.741958	0.763394	0.0446536       	0.288675	0.338873	1  	0.138261
1  	324  	147      	147     	0.5     	0.725211	0.770516	0.057057        	0.258199	0.376813	1  	0.162556
2  	354  	159      	172     	0.5     	0.73249 	0.770979	0.0383255       	0.25    	0.362724	1  	0.102687
3  	372  	161      	177     	0.487211	0.733637	0.772782	0.0409928       	0.25    	0.383472	1  	0.107616
4  	376  	161      	177     	0.487211	0.732276	0.777603	0.0464959       	0.25    	0.395664	1  	0.116303
5  	397  	161      	178     	0.5     	0.733924	0.777603	0.0467768       	0.242536	0.400484	1  	0.122245
6  	382  	157      	178     	0.5     	0.734621	0.781795	0.0495219       	0.242536	0.40357 	1  	0.12712 
7  	384  	163      	179     	0.5     	0.735109	0.781795	0.0515004       	0.242536	0.408006	1  	0.129834
8  	373  	159      	179     	0.5     	0.737402	0.781795	0.0507924       	0.235702	0.407169	1  	0.130454
9  	376  	154      	179     	0.5     	0.740258	0.786059	0.0485629       	0.235702	0.403949	1  	0.130777
10 	395  	159      	179     	0.5     	0.743008	0.790079	0.0469995       	0.235702	0.400519	1  	0.131224
11 	366  	157      	179     	0.5     	0.744654	0.791784	0.0468151       	0.235702	0.398991	1  	0.131733
12 	372  	165      	179     	0.5     	0.746741	0.791784	0.0456675       	0.235702	0.397125	1  	0.131361
13 	381  	155      	179     	0.5     	0.748022	0.791784	0.0458766       	0.235702	0.397563	1  	0.130946
14 	376  	163      	179     	0.5     	0.749118	0.791784	0.0456875       	0.229416	0.397972	1  	0.130617
15 	379  	159      	179     	0.5     	0.750286	0.79681 	0.0459705       	0.229416	0.396167	1  	0.130932
16 	367  	161      	179     	0.5     	0.751513	0.79681 	0.0456323       	0.229416	0.396084	1  	0.131194
17 	363  	159      	179     	0.5     	0.753119	0.79681 	0.0449251       	0.229416	0.394399	1  	0.130909
18 	384  	166      	179     	0.5     	0.753951	0.79681 	0.0450971       	0.229416	0.393784	1  	0.131052
19 	392  	169      	179     	0.5     	0.753758	0.79681 	0.0458769       	0.229416	0.397626	1  	0.13088 
20 	370  	162      	179     	0.5     	0.754788	0.799494	0.0456656       	0.229416	0.396157	1  	0.130659
21 	362  	154      	179     	0.5     	0.756106	0.799494	0.0460192       	0.229416	0.393675	1  	0.131246
22 	357  	158      	179     	0.5     	0.757404	0.799494	0.0456838       	0.229416	0.390456	1  	0.131258
23 	378  	157      	179     	0.5     	0.757183	0.799494	0.0471008       	0.229416	0.392443	1  	0.131506
24 	364  	160      	179     	0.5     	0.758598	0.804161	0.0462763       	0.229416	0.390049	1  	0.131545
25 	382  	163      	179     	0.5     	0.760112	0.804161	0.0457563       	0.223607	0.387533	1  	0.131078
26 	376  	162      	179     	0.5     	0.76072 	0.807325	0.045946        	0.223607	0.387501	1  	0.131129
27 	374  	156      	179     	0.5     	0.761362	0.807325	0.0457379       	0.223607	0.38753 	1  	0.131109
28 	383  	160      	179     	0.5     	0.762097	0.809394	0.0460326       	0.218218	0.386587	1  	0.131673
29 	378  	164      	179     	0.5     	0.76284 	0.809394	0.0463141       	0.218218	0.385876	1  	0.131827
30 	381  	157      	179     	0.5     	0.76304 	0.809394	0.0465071       	0.218218	0.387212	1  	0.131449
31 	366  	158      	179     	0.5     	0.764612	0.809394	0.0462892       	0.218218	0.383342	1  	0.131684
32 	381  	159      	179     	0.5     	0.765229	0.811207	0.0465394       	0.204124	0.383451	1  	0.131652
33 	358  	162      	179     	0.5     	0.766188	0.811207	0.0468261       	0.204124	0.381223	1  	0.132552
34 	372  	159      	179     	0.5     	0.767711	0.814693	0.046645        	0.204124	0.377185	1  	0.132963
35 	383  	164      	179     	0.5     	0.768834	0.814693	0.0463238       	0.204124	0.375177	1  	0.132437
36 	351  	160      	179     	0.5     	0.7695  	0.820167	0.0465849       	0.204124	0.373826	1  	0.133142
37 	380  	168      	179     	0.5     	0.770452	0.820167	0.0469129       	0.204124	0.372164	1  	0.133851
38 	377  	161      	179     	0.5     	0.771649	0.820167	0.0466804       	0.204124	0.369993	1  	0.133626
39 	385  	170      	179     	0.5     	0.773082	0.82292 	0.046344        	0.19245 	0.365978	1  	0.133827
40 	359  	165      	179     	0.5     	0.773637	0.82292 	0.0465437       	0.196116	0.366119	1  	0.13353 
41 	360  	157      	179     	0.5     	0.774353	0.82292 	0.0468048       	0.2     	0.365407	1  	0.133893
42 	366  	163      	179     	0.5     	0.775628	0.82292 	0.0463062       	0.2     	0.362376	1  	0.133142
43 	372  	163      	179     	0.5     	0.776201	0.82292 	0.0465519       	0.2     	0.361037	1  	0.133927
44 	378  	169      	179     	0.5     	0.777634	0.824059	0.0461543       	0.2     	0.358338	1  	0.13294 
45 	372  	167      	179     	0.5     	0.77819 	0.824059	0.0464598       	0.204124	0.358448	1  	0.132867
46 	370  	165      	179     	0.5     	0.778724	0.825831	0.046779        	0.204124	0.35811 	1  	0.133176
47 	386  	164      	179     	0.5     	0.779369	0.831931	0.047024        	0.204124	0.357806	1  	0.133412
48 	380  	169      	179     	0.5     	0.779938	0.831931	0.0473091       	0.204124	0.35727 	1  	0.13374 
49 	378  	164      	179     	0.5     	0.780606	0.831931	0.0477548       	0.204124	0.356753	1  	0.134267

ASSIGNING STRATA FOR MULTI-OUTCOME DATA KIRC_MV
Assigning strata for outcome named survival of type survival
Counts:
censored 0: 55
censored 1: 124
deceased 0: 35
deceased 1: 35
VIEW: LOG_MRNA
   	     	         	        	   survival SKSurv Cox model concordance index   	                 root leanness                  
   	     	         	        	-------------------------------------------------	------------------------------------------------
gen	evals	gen_feats	explored	min	avg     	max     	std                  	min     	avg     	max	std     
0  	500  	22       	22      	0.5	0.781863	0.834538	0.0404118            	0.208514	0.267109	1  	0.130417
1  	358  	264      	264     	0.5	0.775233	0.837645	0.0517248            	0.19245 	0.297823	1  	0.12413 
2  	376  	390      	505     	0.5	0.792871	0.837645	0.0418481            	0.196116	0.339683	1  	0.113189
3  	382  	385      	727     	0.5	0.791461	0.841058	0.045665             	0.196116	0.369832	1  	0.114378
4  	388  	409      	965     	0.5	0.792816	0.841058	0.0460373            	0.196116	0.384473	1  	0.119587
5  	383  	387      	1158    	0.5	0.794331	0.843289	0.0498853            	0.213201	0.389608	1  	0.126486
6  	380  	381      	1363    	0.5	0.794779	0.85066 	0.0540142            	0.218218	0.39505 	1  	0.131675
7  	382  	410      	1583    	0.5	0.796169	0.85066 	0.0539747            	0.218218	0.398809	1  	0.132583
8  	381  	402      	1774    	0.5	0.799532	0.85066 	0.0523131            	0.223607	0.394742	1  	0.132965
9  	366  	420      	1978    	0.5	0.801683	0.85066 	0.0506585            	0.223607	0.392973	1  	0.1325  
10 	387  	439      	2200    	0.5	0.803798	0.85066 	0.0499557            	0.208514	0.389048	1  	0.133053
11 	382  	428      	2387    	0.5	0.806394	0.850834	0.0483016            	0.218218	0.385095	1  	0.13336 
12 	378  	460      	2592    	0.5	0.809077	0.850834	0.0471212            	0.218218	0.379154	1  	0.132387
13 	384  	446      	2794    	0.5	0.809082	0.850834	0.0479473            	0.218218	0.382271	1  	0.132472
14 	371  	424      	2975    	0.5	0.810761	0.856717	0.0471467            	0.218218	0.379465	1  	0.131921
15 	373  	422      	3131    	0.5	0.811418	0.856717	0.0473639            	0.218218	0.379299	1  	0.132059
16 	383  	453      	3302    	0.5	0.812205	0.856717	0.0477001            	0.218218	0.378723	1  	0.13247 
17 	375  	427      	3459    	0.5	0.812263	0.856717	0.0480885            	0.218218	0.381173	1  	0.132294
18 	381  	477      	3637    	0.5	0.812692	0.856717	0.0483441            	0.218218	0.382162	1  	0.132673
19 	383  	466      	3803    	0.5	0.814081	0.856717	0.04789              	0.218218	0.379211	1  	0.132242
20 	370  	454      	3942    	0.5	0.815592	0.857573	0.0475361            	0.213201	0.375542	1  	0.132321
21 	378  	466      	4095    	0.5	0.815262	0.864154	0.0487311            	0.213201	0.378226	1  	0.133102
22 	381  	430      	4231    	0.5	0.816848	0.864154	0.0481225            	0.213201	0.374836	1  	0.132787
23 	391  	456      	4365    	0.5	0.817664	0.864154	0.0484109            	0.213201	0.372593	1  	0.133626
24 	379  	455      	4484    	0.5	0.818963	0.868671	0.0480372            	0.213201	0.370917	1  	0.132792
25 	389  	475      	4617    	0.5	0.820467	0.868671	0.0477079            	0.213201	0.367399	1  	0.13283 
26 	371  	423      	4733    	0.5	0.821236	0.868671	0.0475801            	0.213201	0.367246	1  	0.132494
27 	388  	447      	4854    	0.5	0.822766	0.868671	0.0472125            	0.213201	0.363824	1  	0.131849
28 	382  	430      	4949    	0.5	0.823475	0.868671	0.047252             	0.213201	0.363156	1  	0.132276
29 	400  	435      	5070    	0.5	0.824248	0.868671	0.0476169            	0.213201	0.361847	1  	0.133042
30 	372  	401      	5172    	0.5	0.825651	0.868671	0.0469109            	0.213201	0.359168	1  	0.132103
31 	371  	445      	5286    	0.5	0.825902	0.868671	0.0468887            	0.218218	0.361147	1  	0.132043
32 	350  	418      	5381    	0.5	0.825546	0.868671	0.0479116            	0.218218	0.363037	1  	0.132369
33 	368  	433      	5499    	0.5	0.827173	0.868671	0.0471371            	0.213201	0.359205	1  	0.132121
34 	389  	435      	5609    	0.5	0.82764 	0.868671	0.0473528            	0.213201	0.359077	1  	0.132185
35 	365  	417      	5703    	0.5	0.828063	0.868671	0.0475635            	0.213201	0.359065	1  	0.132228
36 	394  	412      	5799    	0.5	0.827619	0.87509 	0.0484481            	0.208514	0.36139 	1  	0.133208
37 	363  	424      	5887    	0.5	0.827685	0.87509 	0.0485499            	0.208514	0.362699	1  	0.13282 
38 	357  	382      	5960    	0.5	0.828034	0.878724	0.0485276            	0.208514	0.362423	1  	0.133038
39 	386  	454      	6068    	0.5	0.829437	0.878724	0.0479946            	0.208514	0.358709	1  	0.132526
40 	388  	449      	6162    	0.5	0.829922	0.878724	0.0482218            	0.208514	0.357487	1  	0.133208
41 	384  	453      	6260    	0.5	0.830445	0.878724	0.0480619            	0.208514	0.356998	1  	0.133395
42 	390  	435      	6333    	0.5	0.830442	0.878724	0.0481578            	0.208514	0.358507	1  	0.132765
43 	370  	422      	6410    	0.5	0.830713	0.878724	0.0482644            	0.208514	0.358476	1  	0.13276 
44 	352  	413      	6476    	0.5	0.831189	0.878724	0.0484322            	0.208514	0.357715	1  	0.133067
45 	385  	405      	6538    	0.5	0.831299	0.878724	0.0485047            	0.2     	0.358421	1  	0.132852
46 	376  	415      	6601    	0.5	0.831811	0.88166 	0.0487715            	0.208514	0.358207	1  	0.132884
47 	396  	431      	6667    	0.5	0.832857	0.88166 	0.0487143            	0.208514	0.355991	1  	0.132728
48 	380  	423      	6738    	0.5	0.833548	0.88166 	0.0482336            	0.208514	0.355197	1  	0.131763
49 	372  	462      	6818    	0.5	0.832744	0.88166 	0.0492527            	0.204124	0.358077	1  	0.132706

STARTING MASTER RUNNER RESAMPLING
Generations completed = 6
Generations completed = 15
Generations completed = 24
Generations completed = 33
Generations completed = 42
MASTER
   	     	         	        	       survival SKSurv Cox model concordance index       	                      root leanness                      
   	     	         	        	---------------------------------------------------------	---------------------------------------------------------
gen	evals	gen_feats	explored	min     	avg     	max     	std             	min     	avg     	max     	std      
0  	500  	323      	323     	0.469258	0.773201	0.868734	0.083218        	0.147442	0.228068	0.57735 	0.053855 
1  	405  	309      	345     	0.552111	0.824582	0.869437	0.034881        	0.164399	0.257681	0.57735 	0.0555374
2  	388  	300      	362     	0.655583	0.833368	0.878363	0.0245396       	0.171499	0.27107 	0.57735 	0.0580009
3  	392  	284      	373     	0.655583	0.834597	0.878363	0.0278574       	0.171499	0.281035	0.57735 	0.0658645
4  	394  	294      	383     	0.655583	0.835538	0.878363	0.0300142       	0.179605	0.289292	0.57735 	0.0724451
5  	385  	269      	394     	0.655583	0.836193	0.879748	0.031314        	0.185695	0.2977  	0.57735 	0.0754179
6  	383  	279      	397     	0.655583	0.835827	0.879748	0.03374         	0.185695	0.305312	0.57735 	0.0818624
7  	376  	269      	397     	0.640843	0.835089	0.879748	0.0367233       	0.185695	0.31007 	0.707107	0.0868481
8  	382  	267      	398     	0.640843	0.836574	0.879748	0.0368214       	0.185695	0.31194 	0.707107	0.0884967
9  	405  	280      	400     	0.640843	0.837503	0.880619	0.0368016       	0.179605	0.31408 	0.707107	0.0919392
10 	408  	268      	400     	0.640843	0.838054	0.880619	0.0369916       	0.179605	0.317069	0.707107	0.0926889
11 	373  	266      	400     	0.640843	0.839297	0.880619	0.0369676       	0.179605	0.317754	0.707107	0.0933596
12 	385  	268      	400     	0.640843	0.840323	0.880619	0.0367878       	0.179605	0.319634	0.707107	0.0930863
13 	393  	269      	400     	0.640843	0.840383	0.883422	0.0383417       	0.179605	0.321747	0.707107	0.0972269
14 	373  	266      	400     	0.640843	0.841735	0.889789	0.0383105       	0.179605	0.320019	0.707107	0.0990615
15 	415  	272      	400     	0.640843	0.842276	0.889789	0.0384572       	0.179605	0.321105	0.707107	0.0992839
16 	392  	253      	400     	0.640843	0.842221	0.889789	0.0399008       	0.179605	0.323049	0.707107	0.101058 
17 	389  	273      	400     	0.627331	0.842676	0.889789	0.0412196       	0.179605	0.322185	0.707107	0.102145 
18 	401  	278      	400     	0.627331	0.842911	0.889789	0.0415636       	0.179605	0.323339	0.707107	0.102735 
19 	399  	278      	400     	0.640843	0.843929	0.889789	0.0403862       	0.182574	0.323203	0.707107	0.102838 
20 	402  	251      	400     	0.640843	0.845187	0.889789	0.0388319       	0.182574	0.322689	0.707107	0.10198  
21 	389  	274      	400     	0.640843	0.846104	0.889789	0.0386462       	0.182574	0.320869	0.707107	0.102361 
22 	405  	269      	400     	0.640843	0.84649 	0.889789	0.0381763       	0.182574	0.321937	0.707107	0.102355 
23 	399  	260      	400     	0.638208	0.846963	0.889789	0.0389654       	0.182574	0.321187	0.707107	0.104151 
24 	371  	264      	400     	0.638208	0.848108	0.889789	0.0377678       	0.182574	0.319411	0.707107	0.103514 
25 	378  	272      	400     	0.638208	0.848866	0.889789	0.0376747       	0.179605	0.318381	0.707107	0.104046 
26 	409  	266      	400     	0.638208	0.849539	0.889789	0.0371375       	0.179605	0.318043	0.707107	0.103677 
27 	408  	249      	400     	0.638208	0.8499  	0.889789	0.0379753       	0.179605	0.317968	0.707107	0.105728 
28 	401  	263      	400     	0.638208	0.849664	0.889789	0.0385384       	0.179605	0.320214	0.707107	0.106549 
29 	409  	250      	400     	0.638208	0.849449	0.889789	0.0385167       	0.179605	0.323042	0.707107	0.106654 
30 	391  	240      	400     	0.638208	0.849756	0.889789	0.0384822       	0.179605	0.32325 	0.707107	0.106476 
31 	384  	251      	400     	0.638208	0.850453	0.889789	0.0380176       	0.179605	0.322464	0.707107	0.106864 
32 	415  	264      	400     	0.638208	0.850739	0.889789	0.0377246       	0.179605	0.323146	0.707107	0.106423 
33 	390  	256      	400     	0.638208	0.851251	0.889789	0.0370525       	0.179605	0.323314	0.707107	0.106402 
34 	400  	261      	400     	0.638208	0.851251	0.889789	0.0372051       	0.179605	0.324214	0.707107	0.107754 
35 	407  	280      	400     	0.600458	0.850629	0.889789	0.0394857       	0.19245 	0.326128	0.707107	0.110226 
36 	392  	243      	400     	0.600458	0.849557	0.889789	0.0404906       	0.19245 	0.330248	0.707107	0.111503 
37 	392  	243      	400     	0.600458	0.849864	0.889789	0.0401669       	0.19245 	0.330416	0.707107	0.111446 
38 	405  	267      	400     	0.600458	0.849644	0.889789	0.0410856       	0.19245 	0.331427	0.707107	0.112555 
39 	395  	247      	400     	0.600458	0.849842	0.889789	0.0410603       	0.19245 	0.331409	0.707107	0.11246  
40 	381  	251      	400     	0.600458	0.849401	0.889789	0.0422603       	0.19245 	0.332524	0.707107	0.113531 
41 	400  	268      	400     	0.600458	0.849119	0.889789	0.042922        	0.19245 	0.333699	0.707107	0.114543 
42 	399  	275      	400     	0.600458	0.849244	0.889789	0.0429285       	0.19245 	0.333624	0.707107	0.114543 
43 	387  	255      	400     	0.600458	0.849547	0.889789	0.0429429       	0.19245 	0.333122	0.707107	0.114635 
44 	404  	254      	400     	0.600458	0.849473	0.889789	0.0436734       	0.19245 	0.333536	0.707107	0.115776 
45 	365  	265      	400     	0.600458	0.849138	0.889789	0.0439658       	0.19245 	0.334674	0.707107	0.116631 
46 	395  	265      	400     	0.600458	0.849323	0.889789	0.0439582       	0.19245 	0.334256	0.707107	0.116697 
47 	395  	252      	400     	0.600458	0.84928 	0.889789	0.0442815       	0.19245 	0.334707	0.707107	0.117512 
48 	374  	237      	400     	0.600458	0.84913 	0.889789	0.0445966       	0.19245 	0.335317	0.707107	0.117562 
49 	400  	256      	400     	0.600458	0.848592	0.889789	0.0450489       	0.19245 	0.337454	0.707107	0.118688 

CURRENT HALLS OF FAME

PARETO FRONT
Number of solutions = 18
(0.8897891407815736, 0.21320071635561044) 21 features: [0_age_at_initial_pathologic_diagnosis, 0_ajcc_pathologic_tumor_stage_Stage IV, 1_hsa.miR.1179, 1_hsa.miR.1248, 1_hsa.miR.18a.5p, 1_hsa.miR.27b.5p, 1_hsa.miR.3065.5p, 1_hsa.miR.659.5p, 2_BARX1.56033, 2_C15orf57.90416, 2_C19orf54.284325, 2_C1orf115.79762, 2_C6orf153.88745, 2_C6orf186.728464, 2_CYP3A7.1551, 2_DSG2.1829, 2_FOXA2.3170, 2_HOXA3.3200, 2_HS3ST1.9957, 2_SLC25A37.51312, 2_UPK3B.80761]
(0.8879494312013095, 0.22941573387056177) 18 features: [0_age_at_initial_pathologic_diagnosis, 0_ajcc_pathologic_tumor_stage_Stage I, 0_ajcc_pathologic_tumor_stage_Stage IV, 2_BARX1.56033, 2_C15orf57.90416, 2_C17orf90.339229, 2_C19orf54.284325, 2_C1orf115.79762, 2_C6orf153.88745, 2_C6orf186.728464, 2_CYP3A7.1551, 2_DSG2.1829, 2_FOXA2.3170, 2_PRKD1.5587, 2_SAA1.6288, 2_SLC25A37.51312, 2_SOCS7.30837, 2_UPK3B.80761]
(0.883349798681011, 0.23570226039551584) 17 features: [0_age_at_initial_pathologic_diagnosis, 0_ajcc_pathologic_tumor_stage_Stage IV, 2_BARX1.56033, 2_C15orf57.90416, 2_C17orf90.339229, 2_C19orf54.284325, 2_C1orf115.79762, 2_C6orf153.88745, 2_C6orf186.728464, 2_CYP3A7.1551, 2_DSG2.1829, 2_FOXA2.3170, 2_PRKD1.5587, 2_SAA1.6288, 2_SLC25A37.51312, 2_SOCS7.30837, 2_UPK3B.80761]
(0.8818382706167488, 0.24253562503633297) 16 features: [0_age_at_initial_pathologic_diagnosis, 0_ajcc_pathologic_tumor_stage_Stage IV, 1_hsa.miR.193b.3p, 2_BARX1.56033, 2_C17orf90.339229, 2_C1orf115.79762, 2_C6orf153.88745, 2_C6orf186.728464, 2_CYP3A7.1551, 2_DFFB.1677, 2_DSG2.1829, 2_FOXA2.3170, 2_LOC285359.285359, 2_PRKD1.5587, 2_SOCS7.30837, 2_UPK3B.80761]
(0.8793887139088682, 0.25) 15 features: [0_age_at_initial_pathologic_diagnosis, 0_ajcc_pathologic_tumor_stage_Stage IV, 2_BARX1.56033, 2_C17orf90.339229, 2_C1orf115.79762, 2_C6orf153.88745, 2_C6orf186.728464, 2_CYP3A7.1551, 2_DFFB.1677, 2_DSG2.1829, 2_FOXA2.3170, 2_LOC285359.285359, 2_PRKD1.5587, 2_SOCS7.30837, 2_UPK3B.80761]
(0.8778346253297536, 0.2581988897471611) 14 features: [0_age_at_initial_pathologic_diagnosis, 0_ajcc_pathologic_tumor_stage_Stage IV, 1_hsa.miR.1248, 1_hsa.miR.425.3p, 2_BARX1.56033, 2_C1orf115.79762, 2_C6orf153.88745, 2_C6orf186.728464, 2_CYP3A7.1551, 2_FOXA2.3170, 2_HOXA3.3200, 2_KCNJ16.3773, 2_KIF2C.11004, 2_SHPRH.257218]
(0.8764488884675564, 0.2672612419124244) 13 features: [0_age_at_initial_pathologic_diagnosis, 0_ajcc_pathologic_tumor_stage_Stage IV, 2_BARX1.56033, 2_C14orf37.145407, 2_C6orf153.88745, 2_CYP3A7.1551, 2_FOXA2.3170, 2_IGFN1.91156, 2_LCTL.197021, 2_MRPL9.65005, 2_RPL21P44.402176, 2_SAA1.6288, 2_SYTL1.84958]
(0.8749086597827551, 0.2773500981126146) 12 features: [0_age_at_initial_pathologic_diagnosis, 0_ajcc_pathologic_tumor_stage_Stage IV, 1_hsa.miR.296.5p, 2_BARX1.56033, 2_C1orf115.79762, 2_C6orf153.88745, 2_C6orf186.728464, 2_C7orf42.55069, 2_CYP3A7.1551, 2_FOXA2.3170, 2_TRIM44.54765, 2_UPK3B.80761]
(0.8705444341190783, 0.28867513459481287) 11 features: [0_ajcc_pathologic_tumor_stage_Stage IV, 1_hsa.miR.590.3p, 2_BARX1.56033, 2_C1orf115.79762, 2_C6orf153.88745, 2_C6orf186.728464, 2_C7orf42.55069, 2_CYP3A7.1551, 2_FOXA2.3170, 2_TRIM44.54765, 2_UPK3B.80761]
(0.8661511473022515, 0.30151134457776363) 10 features: [0_ajcc_pathologic_tumor_stage_Stage IV, 1_hsa.miR.590.3p, 2_C6orf153.88745, 2_C6orf186.728464, 2_CYP3A7.1551, 2_FOXA2.3170, 2_HOXA3.3200, 2_KLRAQ1.129285, 2_LOC285359.285359, 2_NBR1.4077]
(0.866130508609662, 0.31622776601683794) 9 features: [0_ajcc_pathologic_tumor_stage_Stage IV, 1_hsa.miR.590.3p, 2_BARX1.56033, 2_C6orf186.728464, 2_CYP3A7.1551, 2_FOXA2.3170, 2_HOXA3.3200, 2_LOC285359.285359, 2_NBR1.4077]
(0.860514855277741, 0.3333333333333333) 8 features: [0_age_at_initial_pathologic_diagnosis, 0_ajcc_pathologic_tumor_stage_Stage IV, 1_hsa.miR.1248, 2_C6orf153.88745, 2_C6orf186.728464, 2_CYP3A7.1551, 2_HOXA3.3200, 2_SHPRH.257218]
(0.8581387215922697, 0.3779644730092272) 6 features: [0_age_at_initial_pathologic_diagnosis, 0_ajcc_pathologic_tumor_stage_Stage IV, 1_hsa.miR.590.3p, 2_C6orf186.728464, 2_FOXA2.3170, 2_SIM2.6493]
(0.8489928029459444, 0.408248290463863) 5 features: [0_age_at_initial_pathologic_diagnosis, 0_ajcc_pathologic_tumor_stage_Stage IV, 2_C6orf186.728464, 2_FOXA2.3170, 2_SIM2.6493]
(0.8401937042392592, 0.4472135954999579) 4 features: [0_ajcc_pathologic_tumor_stage_Stage IV, 2_C6orf186.728464, 2_HOXA3.3200, 2_SIM2.6493]
(0.8228070884312726, 0.5) [0_ajcc_pathologic_tumor_stage_Stage IV, 2_C6orf186.728464, 2_SIM2.6493]
(0.8020363761281969, 0.5773502691896257) [0_ajcc_pathologic_tumor_stage_Stage IV, 2_SIM2.6493]
(0.725657229717067, 0.7071067811865476) [2_C6orf186.728464]
Features in hall of fame by prevalence:
46 features: [0_ajcc_pathologic_tumor_stage_Stage IV, 2_C6orf186.728464, 2_FOXA2.3170, 2_CYP3A7.1551, 0_age_at_initial_pathologic_diagnosis, 2_C6orf153.88745, 2_BARX1.56033, 2_C1orf115.79762, 2_UPK3B.80761, 2_HOXA3.3200, 2_DSG2.1829, 2_SIM2.6493, 1_hsa.miR.590.3p, 2_C17orf90.339229, 2_LOC285359.285359, 2_PRKD1.5587, 2_SOCS7.30837, 1_hsa.miR.1248, 2_C15orf57.90416, 2_C19orf54.284325, 2_SAA1.6288, 2_SLC25A37.51312, 2_C7orf42.55069, 2_DFFB.1677, 2_NBR1.4077, 2_SHPRH.257218, 2_TRIM44.54765, 0_ajcc_pathologic_tumor_stage_Stage I, 1_hsa.miR.1179, 1_hsa.miR.18a.5p, 1_hsa.miR.193b.3p, 1_hsa.miR.27b.5p, 1_hsa.miR.296.5p, 1_hsa.miR.3065.5p, 1_hsa.miR.425.3p, 1_hsa.miR.659.5p, 2_C14orf37.145407, 2_HS3ST1.9957, 2_IGFN1.91156, 2_KCNJ16.3773, 2_KIF2C.11004, 2_KLRAQ1.129285, 2_LCTL.197021, 2_MRPL9.65005, 2_RPL21P44.402176, 2_SYTL1.84958]

LAST POPULATION
Number of solutions = 500
Features in hall of fame by prevalence:
113 features: [0_ajcc_pathologic_tumor_stage_Stage IV, 2_C6orf186.728464, 2_CYP3A7.1551, 2_BARX1.56033, 2_FOXA2.3170, 0_age_at_initial_pathologic_diagnosis, 2_C6orf153.88745, 2_UPK3B.80761, 2_C1orf115.79762, 2_HOXA3.3200, 2_PRKD1.5587, 2_LOC285359.285359, 2_DSG2.1829, 2_C17orf90.339229, 2_SOCS7.30837, 0_ajcc_pathologic_tumor_stage_Stage I, 1_hsa.miR.1248, 2_SLC25A37.51312, 2_SAA1.6288, 2_C15orf57.90416, 2_C19orf54.284325, 2_TRIM44.54765, 2_NBR1.4077, 1_hsa.miR.301b, 1_hsa.miR.425.3p, 2_SYTL1.84958, 2_SIM2.6493, 1_hsa.miR.18a.5p, 1_hsa.miR.590.3p, 1_hsa.miR.296.5p, 2_C7orf42.55069, 2_HS3ST1.9957, 2_LIMCH1.22998, 1_hsa.miR.1179, 2_DFFB.1677, 2_KLRAQ1.129285, 2_ENKUR.219670, 2_LTF.4057, 1_hsa.miR.27b.5p, 2_MRPL9.65005, 1_hsa.miR.24.1.5p, 2_SHPRH.257218, 1_hsa.miR.34c.3p, 2_IGFN1.91156, 2_LCTL.197021, 1_hsa.miR.659.5p, 2_SEMA3G.56920, 2_SYPL1.6856, 1_hsa.miR.10b.3p, 1_hsa.miR.2355.5p, 2_C14orf37.145407, 2_RPL21P44.402176, 2_NPPB.4879, 1_hsa.miR.628.3p, 1_hsa.miR.130b.3p, 1_hsa.miR.3065.5p, 1_hsa.miR.30b.5p, 1_hsa.miR.34c.5p, 2_KCNJ16.3773, 2_KIF2C.11004, 2_STAG3L1.54441, 1_hsa.miR.130b.5p, 2_ODF3.113746, 1_hsa.miR.126.3p, 1_hsa.miR.194.3p, 1_hsa.miR.671.5p, 2_KLHL11.55175, 1_hsa.miR.139.5p, 2_CCNT1.904, 2_OST4.100128731, 2_SCP2.6342, 1_hsa.miR.182.5p, 1_hsa.miR.296.3p, 1_hsa.miR.3651, 2_PIGH.5283, 2_THAP7.80764, 1_hsa.miR.146b.5p, 1_hsa.miR.149.5p, 1_hsa.miR.193b.3p, 1_hsa.miR.221.3p, 1_hsa.miR.22.5p, 1_hsa.miR.92b.3p, 1_hsa.miR.520a.3p, 2_ARHGAP42.143872, 2_H2AFX.3014, 2_HERC3.8916, 2_ILF2.3608, 2_LMF1.64788, 2_LOC729603.729603, 2_MYCN.4613, 2_PCDHA12.56137, 2_PLXNB3.5365, 2_RRP8.23378, 2_SMC5.23137, 1_hsa.miR.126.5p, 1_hsa.miR.21.5p, 1_hsa.miR.223.3p, 1_hsa.miR.676.3p, 2_ABCG2.9429, 2_ATP8B5P.158381, ...]

BEST SUMS WITH SIZE 50
Number of solutions = 50
Features in hall of fame by prevalence:
32 features: [0_ajcc_pathologic_tumor_stage_Stage IV, 2_C6orf186.728464, 0_ajcc_pathologic_tumor_stage_Stage I, 2_SIM2.6493, 2_BARX1.56033, 2_HERC3.8916, 1_hsa.miR.590.3p, 2_SCP2.6342, 1_hsa.miR.1248, 1_hsa.miR.194.3p, 2_CYP3A7.1551, 2_FOXA2.3170, 2_LIMCH1.22998, 2_LOC285359.285359, 2_UPK3B.80761, 0_age_at_initial_pathologic_diagnosis, 1_hsa.miR.130b.5p, 1_hsa.miR.18a.5p, 1_hsa.miR.223.3p, 1_hsa.miR.296.5p, 1_hsa.miR.301b, 1_hsa.miR.425.3p, 2_ABCG2.9429, 2_AP1AR.55435, 2_ARHGAP42.143872, 2_C6orf153.88745, 2_HOXA3.3200, 2_IGFN1.91156, 2_LOC100286793.100286793, 2_MRPL9.65005, 2_PYCARD.29108, 2_SRA1.10011]

BEST SUMS WITH SIZE 100
Number of solutions = 100
Features in hall of fame by prevalence:
46 features: [0_ajcc_pathologic_tumor_stage_Stage IV, 2_C6orf186.728464, 0_ajcc_pathologic_tumor_stage_Stage I, 2_SIM2.6493, 2_BARX1.56033, 2_HOXA3.3200, 0_age_at_initial_pathologic_diagnosis, 1_hsa.miR.590.3p, 2_HERC3.8916, 1_hsa.miR.1248, 1_hsa.miR.301b, 2_UPK3B.80761, 1_hsa.miR.18a.5p, 1_hsa.miR.194.3p, 1_hsa.miR.223.3p, 1_hsa.miR.296.5p, 2_CYP3A7.1551, 2_LOC285359.285359, 1_hsa.miR.425.3p, 2_FOXA2.3170, 2_IGFN1.91156, 2_LIMCH1.22998, 2_LOC100286793.100286793, 2_SCP2.6342, 1_hsa.miR.34c.5p, 2_ABCG2.9429, 2_ARHGAP42.143872, 2_MRPL9.65005, 2_PYCARD.29108, 1_hsa.miR.130b.5p, 1_hsa.miR.149.5p, 1_hsa.miR.24.1.5p, 1_hsa.miR.27b.5p, 1_hsa.miR.296.3p, 1_hsa.miR.34c.3p, 1_hsa.miR.3651, 1_hsa.miR.671.5p, 1_hsa.miR.92b.3p, 2_AP1AR.55435, 2_C6orf153.88745, 2_FZD5.7855, 2_KCNN3.3782, 2_SAA1.6288, 2_SEMA3G.56920, 2_SRA1.10011, 2_ZFYVE1.53349]

STARTING SWEEP NUMBER 2
folds_creator_seed = 2795243621

ASSIGNING STRATA FOR MULTI-OUTCOME DATA KIRC_MV
Assigning strata for outcome named survival of type survival
Counts:
censored 0: 55
censored 1: 124
deceased 0: 35
deceased 1: 35
ga_runner_seed = 3890301025
VIEW: CLINIC
   	     	         	        	   survival SKSurv Cox model concordance index   	             root leanness              
   	     	         	        	-------------------------------------------------	----------------------------------------
gen	evals	gen_feats	explored	min	avg     	max     	std                  	min	avg     	max	std     
0  	0    	3        	3       	0.5	0.713148	0.760953	0.0662974            	0.5	0.634129	1  	0.118519
1  	347  	3        	3       	0.5	0.672589	0.760953	0.090089             	0.5	0.673584	1  	0.15901 
2  	306  	3        	3       	0.5	0.672012	0.760953	0.0828167            	0.5	0.669801	1  	0.145028
3  	359  	3        	3       	0.5	0.672183	0.760953	0.0829042            	0.5	0.669387	1  	0.145216
4  	337  	3        	3       	0.5	0.672122	0.760953	0.0828531            	0.5	0.669542	1  	0.145077
5  	341  	3        	3       	0.5	0.672122	0.760953	0.0828531            	0.5	0.669542	1  	0.145077
6  	345  	3        	3       	0.5	0.672183	0.760953	0.0829042            	0.5	0.669387	1  	0.145216
7  	312  	3        	3       	0.5	0.672126	0.760953	0.0828557            	0.5	0.669542	1  	0.145077
8  	349  	3        	3       	0.5	0.672012	0.760953	0.0828167            	0.5	0.669801	1  	0.145028
9  	330  	3        	3       	0.5	0.672179	0.760953	0.0829004            	0.5	0.669387	1  	0.145216
10 	324  	3        	3       	0.5	0.672122	0.760953	0.0828531            	0.5	0.669542	1  	0.145077
11 	341  	3        	3       	0.5	0.672179	0.760953	0.0829004            	0.5	0.669387	1  	0.145216
12 	340  	3        	3       	0.5	0.672179	0.760953	0.0829004            	0.5	0.669387	1  	0.145216
13 	348  	3        	3       	0.5	0.672179	0.760953	0.0829004            	0.5	0.669387	1  	0.145216
14 	346  	3        	3       	0.5	0.672179	0.760953	0.0829004            	0.5	0.669387	1  	0.145216
15 	343  	3        	3       	0.5	0.672122	0.760953	0.0828531            	0.5	0.669542	1  	0.145077
16 	319  	3        	3       	0.5	0.672012	0.760953	0.0828167            	0.5	0.669801	1  	0.145028
17 	341  	3        	3       	0.5	0.672012	0.760953	0.0828167            	0.5	0.669801	1  	0.145028
18 	327  	3        	3       	0.5	0.672122	0.760953	0.0828531            	0.5	0.669542	1  	0.145077
19 	338  	3        	3       	0.5	0.672179	0.760953	0.0829004            	0.5	0.669387	1  	0.145216
20 	332  	3        	3       	0.5	0.672012	0.760953	0.0828167            	0.5	0.669801	1  	0.145028
21 	338  	3        	3       	0.5	0.672179	0.760953	0.0829004            	0.5	0.669387	1  	0.145216
22 	357  	3        	3       	0.5	0.672122	0.760953	0.0828531            	0.5	0.669542	1  	0.145077
23 	343  	3        	3       	0.5	0.672122	0.760953	0.0828531            	0.5	0.669542	1  	0.145077
24 	352  	3        	3       	0.5	0.672122	0.760953	0.0828531            	0.5	0.669542	1  	0.145077
25 	334  	3        	3       	0.5	0.672179	0.760953	0.0829004            	0.5	0.669387	1  	0.145216
26 	358  	3        	3       	0.5	0.672012	0.760953	0.0828167            	0.5	0.669801	1  	0.145028
27 	339  	3        	3       	0.5	0.672012	0.760953	0.0828167            	0.5	0.669801	1  	0.145028
28 	346  	3        	3       	0.5	0.672183	0.760953	0.0829042            	0.5	0.669387	1  	0.145216
29 	341  	3        	3       	0.5	0.672012	0.760953	0.0828167            	0.5	0.669801	1  	0.145028
30 	351  	3        	3       	0.5	0.672122	0.760953	0.0828531            	0.5	0.669542	1  	0.145077
31 	336  	3        	3       	0.5	0.672122	0.760953	0.0828531            	0.5	0.669542	1  	0.145077
32 	344  	3        	3       	0.5	0.672012	0.760953	0.0828167            	0.5	0.669801	1  	0.145028
33 	344  	3        	3       	0.5	0.672122	0.760953	0.0828531            	0.5	0.669542	1  	0.145077
34 	345  	3        	3       	0.5	0.672122	0.760953	0.0828531            	0.5	0.669542	1  	0.145077
35 	346  	3        	3       	0.5	0.672179	0.760953	0.0829004            	0.5	0.669387	1  	0.145216
36 	338  	3        	3       	0.5	0.672179	0.760953	0.0829004            	0.5	0.669387	1  	0.145216
37 	335  	3        	3       	0.5	0.672179	0.760953	0.0829004            	0.5	0.669387	1  	0.145216
38 	357  	3        	3       	0.5	0.672122	0.760953	0.0828531            	0.5	0.669542	1  	0.145077
39 	332  	3        	3       	0.5	0.672183	0.760953	0.0829042            	0.5	0.669387	1  	0.145216
40 	335  	3        	3       	0.5	0.672012	0.760953	0.0828167            	0.5	0.669801	1  	0.145028
41 	331  	3        	3       	0.5	0.672122	0.760953	0.0828531            	0.5	0.669542	1  	0.145077
42 	330  	3        	3       	0.5	0.672179	0.760953	0.0829004            	0.5	0.669387	1  	0.145216
43 	342  	3        	3       	0.5	0.672122	0.760953	0.0828531            	0.5	0.669542	1  	0.145077
44 	348  	3        	3       	0.5	0.672183	0.760953	0.0829042            	0.5	0.669387	1  	0.145216
45 	338  	3        	3       	0.5	0.672183	0.760953	0.0829042            	0.5	0.669387	1  	0.145216
46 	332  	3        	3       	0.5	0.672183	0.760953	0.0829042            	0.5	0.669387	1  	0.145216
47 	351  	3        	3       	0.5	0.672183	0.760953	0.0829042            	0.5	0.669387	1  	0.145216
48 	344  	3        	3       	0.5	0.672183	0.760953	0.0829042            	0.5	0.669387	1  	0.145216
49 	333  	3        	3       	0.5	0.672183	0.760953	0.0829042            	0.5	0.669387	1  	0.145216

ASSIGNING STRATA FOR MULTI-OUTCOME DATA KIRC_MV
Assigning strata for outcome named survival of type survival
Counts:
censored 0: 55
censored 1: 124
deceased 0: 35
deceased 1: 35
VIEW: LOG_MIRNA
   	     	         	        	       survival SKSurv Cox model concordance index       	                 root leanness                  
   	     	         	        	---------------------------------------------------------	------------------------------------------------
gen	evals	gen_feats	explored	min     	avg     	max     	std             	min     	avg     	max	std     
0  	0    	37       	37      	0.5     	0.625473	0.795562	0.0775234       	0.353553	0.741992	1  	0.160051
1  	345  	140      	145     	0.428338	0.649296	0.795562	0.0652863       	0.333333	0.630571	1  	0.118486
2  	366  	161      	174     	0.428338	0.64556 	0.795562	0.068193        	0.316228	0.564998	1  	0.107486
3  	375  	167      	178     	0.5     	0.668406	0.795562	0.0575571       	0.288675	0.545987	1  	0.112635
4  	360  	164      	179     	0.5     	0.68841 	0.795562	0.05122         	0.288675	0.518311	1  	0.117417
5  	374  	159      	179     	0.5     	0.701902	0.795562	0.0483876       	0.288675	0.49675 	1  	0.120636
6  	360  	166      	179     	0.5     	0.711913	0.795562	0.0474721       	0.267261	0.480724	1  	0.123308
7  	383  	164      	179     	0.5     	0.718949	0.795562	0.0466778       	0.267261	0.469151	1  	0.12486 
8  	396  	166      	179     	0.5     	0.72659 	0.795562	0.0456509       	0.267261	0.456251	1  	0.124942
9  	362  	162      	179     	0.5     	0.731031	0.795562	0.0455979       	0.267261	0.449   	1  	0.126059
10 	368  	165      	179     	0.5     	0.735008	0.795562	0.0453291       	0.267261	0.442198	1  	0.126306
11 	387  	163      	179     	0.5     	0.737035	0.795562	0.0461504       	0.267261	0.441456	1  	0.12624 
12 	395  	166      	179     	0.5     	0.739022	0.795562	0.0465404       	0.267261	0.44026 	1  	0.126103
13 	376  	164      	179     	0.5     	0.741229	0.795562	0.0462577       	0.25    	0.435762	1  	0.126831
14 	371  	163      	179     	0.5     	0.74344 	0.795656	0.0464542       	0.25    	0.432092	1  	0.127248
15 	373  	168      	179     	0.5     	0.744966	0.795656	0.0465287       	0.25    	0.429721	1  	0.127317
16 	368  	157      	179     	0.5     	0.746078	0.795656	0.0470037       	0.25    	0.428649	1  	0.128077
17 	381  	160      	179     	0.5     	0.747518	0.796972	0.0469714       	0.25    	0.426317	1  	0.128029
18 	390  	159      	179     	0.5     	0.750151	0.804637	0.0468019       	0.25    	0.420915	1  	0.128201
19 	383  	162      	179     	0.5     	0.750249	0.804637	0.0476302       	0.25    	0.422662	1  	0.128753
20 	379  	161      	179     	0.5     	0.751717	0.804637	0.0475136       	0.25    	0.420633	1  	0.12844 
21 	385  	163      	179     	0.5     	0.753114	0.804637	0.0474483       	0.25    	0.417824	1  	0.128609
22 	377  	157      	179     	0.5     	0.753727	0.804637	0.0477975       	0.258199	0.417855	1  	0.128567
23 	381  	164      	179     	0.5     	0.755362	0.804637	0.0476735       	0.25    	0.414923	1  	0.128706
24 	375  	161      	179     	0.5     	0.756013	0.805222	0.0480469       	0.235702	0.414156	1  	0.129228
25 	383  	155      	179     	0.5     	0.757341	0.805222	0.04794         	0.235702	0.411589	1  	0.129188
26 	364  	158      	179     	0.5     	0.758387	0.805222	0.0483165       	0.235702	0.40939 	1  	0.130002
27 	382  	158      	179     	0.5     	0.75873 	0.808935	0.0486937       	0.235702	0.410327	1  	0.129825
28 	382  	164      	179     	0.5     	0.760174	0.808935	0.0485892       	0.235702	0.406968	1  	0.130182
29 	378  	162      	179     	0.5     	0.761347	0.814925	0.0484017       	0.235702	0.404662	1  	0.130128
30 	369  	160      	179     	0.5     	0.762489	0.814925	0.0481729       	0.229416	0.402288	1  	0.129938
31 	383  	162      	179     	0.5     	0.76307 	0.814925	0.0484597       	0.229416	0.4018  	1  	0.130057
32 	376  	154      	179     	0.5     	0.763721	0.814925	0.0488918       	0.229416	0.40146 	1  	0.130428
33 	391  	162      	179     	0.5     	0.766207	0.814925	0.0483095       	0.229416	0.394861	1  	0.130608
34 	394  	163      	179     	0.5     	0.767032	0.814925	0.0485516       	0.229416	0.392864	1  	0.131321
35 	384  	158      	179     	0.5     	0.768124	0.814925	0.0483933       	0.229416	0.390739	1  	0.131253
36 	370  	158      	179     	0.5     	0.768555	0.816291	0.0485718       	0.229416	0.39041 	1  	0.131556
37 	361  	162      	179     	0.5     	0.770028	0.816291	0.0483582       	0.229416	0.38743 	1  	0.131177
38 	387  	160      	179     	0.5     	0.770756	0.816291	0.0487222       	0.229416	0.386329	1  	0.131787
39 	361  	159      	179     	0.5     	0.77198 	0.819953	0.0484129       	0.218218	0.383447	1  	0.131578
40 	352  	160      	179     	0.5     	0.772487	0.819953	0.0486361       	0.218218	0.382597	1  	0.132062
41 	379  	158      	179     	0.5     	0.77289 	0.819953	0.048822        	0.218218	0.382312	1  	0.132025
42 	374  	157      	179     	0.5     	0.772927	0.819953	0.0489556       	0.218218	0.383495	1  	0.131601
43 	383  	161      	179     	0.5     	0.773226	0.819953	0.0491168       	0.218218	0.383323	1  	0.131773
44 	366  	162      	179     	0.5     	0.77363 	0.819953	0.0492601       	0.218218	0.382766	1  	0.131843
45 	378  	155      	179     	0.5     	0.773864	0.819953	0.0494964       	0.218218	0.382986	1  	0.132036
46 	373  	164      	179     	0.5     	0.775206	0.819953	0.049186        	0.218218	0.379678	1  	0.131747
47 	380  	162      	179     	0.5     	0.775409	0.819953	0.049308        	0.218218	0.379507	1  	0.131904
48 	373  	154      	179     	0.5     	0.775979	0.827861	0.0495161       	0.218218	0.377984	1  	0.132512
49 	364  	156      	179     	0.5     	0.77609 	0.827861	0.0497043       	0.218218	0.378366	1  	0.132532

ASSIGNING STRATA FOR MULTI-OUTCOME DATA KIRC_MV
Assigning strata for outcome named survival of type survival
Counts:
censored 0: 55
censored 1: 124
deceased 0: 35
deceased 1: 35
VIEW: LOG_MRNA
   	     	         	        	   survival SKSurv Cox model concordance index   	                 root leanness                  
   	     	         	        	-------------------------------------------------	------------------------------------------------
gen	evals	gen_feats	explored	min	avg     	max     	std                  	min     	avg     	max	std     
0  	0    	73       	73      	0.5	0.817073	0.876602	0.0677204            	0.223607	0.403905	1  	0.16381 
1  	391  	351      	359     	0.5	0.798401	0.876602	0.0571292            	0.218218	0.387789	1  	0.130351
2  	374  	461      	616     	0.5	0.802388	0.876602	0.055685             	0.218218	0.387989	1  	0.129531
3  	386  	478      	861     	0.5	0.806946	0.876602	0.0552175            	0.218218	0.385811	1  	0.132478
4  	367  	464      	1093    	0.5	0.809857	0.876602	0.0525586            	0.218218	0.385379	1  	0.132844
5  	379  	444      	1326    	0.5	0.813392	0.876602	0.0509326            	0.218218	0.380608	1  	0.132693
6  	372  	425      	1530    	0.5	0.815367	0.876602	0.049907             	0.213201	0.379044	1  	0.132149
7  	381  	423      	1720    	0.5	0.815412	0.876602	0.0507323            	0.213201	0.382784	1  	0.13216 
8  	365  	420      	1935    	0.5	0.817455	0.876602	0.050018             	0.213201	0.379815	1  	0.131695
9  	371  	389      	2113    	0.5	0.818687	0.876602	0.0502382            	0.213201	0.378136	1  	0.13255 
10 	391  	437      	2314    	0.5	0.820365	0.876602	0.0497989            	0.213201	0.375349	1  	0.132275
11 	373  	425      	2504    	0.5	0.821983	0.876602	0.0494354            	0.213201	0.371837	1  	0.132038
12 	389  	414      	2675    	0.5	0.823765	0.876602	0.0491229            	0.213201	0.367778	1  	0.132293
13 	374  	413      	2825    	0.5	0.823321	0.876602	0.0500332            	0.208514	0.371205	1  	0.132401
14 	361  	411      	2993    	0.5	0.823751	0.876602	0.0501238            	0.208514	0.371794	1  	0.132125
15 	376  	422      	3161    	0.5	0.824385	0.876602	0.0501978            	0.208514	0.371272	1  	0.132597
16 	391  	458      	3339    	0.5	0.824841	0.881156	0.0503234            	0.208514	0.371382	1  	0.132478
17 	365  	410      	3496    	0.5	0.826553	0.881156	0.0499666            	0.208514	0.367354	1  	0.132546
18 	376  	408      	3636    	0.5	0.827114	0.881156	0.0502633            	0.204124	0.366977	1  	0.132807
19 	383  	421      	3788    	0.5	0.828634	0.881156	0.0498793            	0.204124	0.363107	1  	0.132605
20 	387  	424      	3927    	0.5	0.828314	0.881156	0.0507627            	0.204124	0.365028	1  	0.133593
21 	381  	401      	4047    	0.5	0.829484	0.881156	0.0500118            	0.204124	0.363109	1  	0.13256 
22 	400  	441      	4210    	0.5	0.829888	0.881156	0.0499286            	0.204124	0.363289	1  	0.132412
23 	363  	421      	4344    	0.5	0.830874	0.883731	0.050227             	0.204124	0.361039	1  	0.133547
24 	376  	416      	4478    	0.5	0.831665	0.883731	0.0503051            	0.204124	0.360314	1  	0.13287 
25 	382  	411      	4598    	0.5	0.831317	0.883731	0.0506202            	0.204124	0.362446	1  	0.132866
26 	400  	419      	4721    	0.5	0.831865	0.883731	0.0507695            	0.204124	0.362052	1  	0.132683
27 	366  	386      	4822    	0.5	0.833044	0.883731	0.0501993            	0.204124	0.359352	1  	0.132036
28 	387  	419      	4953    	0.5	0.832238	0.883731	0.0511267            	0.204124	0.362366	1  	0.13281 
29 	386  	422      	5070    	0.5	0.833766	0.884568	0.0506038            	0.204124	0.359465	1  	0.131943
30 	388  	408      	5183    	0.5	0.833817	0.884568	0.0509815            	0.208514	0.360486	1  	0.131869
31 	384  	442      	5310    	0.5	0.833347	0.884568	0.0517814            	0.208514	0.362522	1  	0.132468
32 	390  	432      	5434    	0.5	0.834274	0.884568	0.0517809            	0.208514	0.360824	1  	0.132425
33 	377  	422      	5547    	0.5	0.835193	0.892006	0.0513956            	0.204124	0.359787	1  	0.131672
34 	390  	433      	5658    	0.5	0.834558	0.892006	0.0521602            	0.204124	0.362535	1  	0.132405
35 	391  	404      	5752    	0.5	0.836047	0.892006	0.0516327            	0.2     	0.359695	1  	0.131788
36 	381  	395      	5828    	0.5	0.836432	0.892006	0.0518663            	0.2     	0.359158	1  	0.132133
37 	378  	406      	5920    	0.5	0.8382  	0.892006	0.0515761            	0.204124	0.355382	1  	0.131654
38 	365  	386      	6017    	0.5	0.838046	0.892808	0.0525414            	0.204124	0.357028	1  	0.132715
39 	394  	419      	6103    	0.5	0.839095	0.892808	0.0520137            	0.196116	0.355435	1  	0.131603
40 	374  	406      	6190    	0.5	0.839432	0.892808	0.0521926            	0.196116	0.35558 	1  	0.131447
41 	378  	383      	6259    	0.5	0.839693	0.892808	0.0523276            	0.196116	0.355658	1  	0.131379
42 	373  	386      	6336    	0.5	0.840296	0.892808	0.0525699            	0.196116	0.354947	1  	0.131579
43 	391  	405      	6403    	0.5	0.841396	0.893406	0.0521808            	0.196116	0.352704	1  	0.13086 
44 	363  	400      	6480    	0.5	0.841205	0.893406	0.0523394            	0.19245 	0.354035	1  	0.130984
45 	366  	376      	6544    	0.5	0.842167	0.893406	0.0524822            	0.19245 	0.352033	1  	0.131303
46 	381  	407      	6620    	0.5	0.842779	0.893406	0.0526295            	0.19245 	0.351039	1  	0.131433
47 	369  	368      	6689    	0.5	0.843293	0.893406	0.0528586            	0.188982	0.350076	1  	0.132106
48 	383  	420      	6764    	0.5	0.843455	0.893406	0.0529487            	0.188982	0.350357	1  	0.131909
49 	374  	391      	6840    	0.5	0.843862	0.893427	0.0531409            	0.188982	0.350118	1  	0.132022

STARTING MASTER RUNNER RESAMPLING
Generations completed = 6
Generations completed = 15
Generations completed = 25
Generations completed = 35
Generations completed = 45
MASTER
   	     	         	        	       survival SKSurv Cox model concordance index       	                      root leanness                      
   	     	         	        	---------------------------------------------------------	---------------------------------------------------------
gen	evals	gen_feats	explored	min     	avg     	max     	std             	min     	avg     	max     	std      
0  	500  	303      	303     	0.38537 	0.793897	0.893283	0.0788179       	0.150756	0.237719	0.57735 	0.059935 
1  	378  	271      	313     	0.671721	0.840089	0.893283	0.0300037       	0.179605	0.266996	0.57735 	0.059791 
2  	382  	250      	327     	0.684002	0.844203	0.895687	0.0311242       	0.185695	0.280333	0.57735 	0.0651964
3  	398  	246      	339     	0.684002	0.847363	0.897119	0.032932        	0.185695	0.286512	0.57735 	0.070609 
4  	378  	237      	343     	0.684002	0.847765	0.897119	0.0358559       	0.185695	0.29498 	0.57735 	0.0733443
5  	385  	228      	350     	0.684002	0.849693	0.897119	0.0372122       	0.19245 	0.299942	0.57735 	0.0754256
6  	399  	225      	352     	0.684002	0.851918	0.902728	0.0390113       	0.188982	0.300886	0.57735 	0.0785614
7  	404  	233      	354     	0.613381	0.851938	0.902728	0.0420937       	0.188982	0.305318	0.707107	0.083964 
8  	386  	244      	354     	0.613381	0.851909	0.902728	0.0422931       	0.188982	0.310507	0.707107	0.084948 
9  	393  	230      	354     	0.613381	0.852486	0.902728	0.0429235       	0.188982	0.312959	0.707107	0.0855737
10 	396  	252      	355     	0.613381	0.853031	0.902728	0.043227        	0.188982	0.31513 	0.707107	0.087835 
11 	401  	244      	355     	0.613381	0.853303	0.902728	0.0430733       	0.188982	0.317495	0.707107	0.0886956
12 	399  	225      	355     	0.613381	0.854829	0.902728	0.0426502       	0.188982	0.317405	0.707107	0.0896693
13 	399  	249      	355     	0.613381	0.855505	0.902728	0.0431225       	0.19245 	0.318023	0.707107	0.0914985
14 	403  	240      	356     	0.613381	0.856419	0.902728	0.0437099       	0.19245 	0.317542	0.707107	0.0926845
15 	382  	217      	356     	0.613381	0.856826	0.902728	0.044533        	0.19245 	0.317945	0.707107	0.094479 
16 	404  	236      	356     	0.613381	0.85757 	0.902728	0.0454982       	0.19245 	0.317637	0.707107	0.0955803
17 	390  	217      	356     	0.613381	0.857974	0.904395	0.0465695       	0.19245 	0.318111	0.707107	0.0970559
18 	382  	236      	356     	0.613381	0.858021	0.904395	0.0469522       	0.19245 	0.319139	0.707107	0.0974205
19 	379  	232      	356     	0.613381	0.85792 	0.904978	0.0471777       	0.19245 	0.320279	0.707107	0.0975902
20 	389  	248      	356     	0.613381	0.857442	0.904978	0.0483891       	0.19245 	0.322458	0.707107	0.0995558
21 	390  	233      	356     	0.613381	0.857555	0.904978	0.0484157       	0.19245 	0.323292	0.707107	0.0995229
22 	403  	226      	356     	0.613381	0.857084	0.904978	0.0487746       	0.19245 	0.3254  	0.707107	0.0997345
23 	395  	254      	356     	0.613381	0.856875	0.90505 	0.0488663       	0.19245 	0.327124	0.707107	0.0994819
24 	380  	227      	356     	0.613381	0.857274	0.90505 	0.049992        	0.19245 	0.326654	0.707107	0.101526 
25 	394  	226      	356     	0.613381	0.858629	0.90505 	0.0475006       	0.19245 	0.326078	0.707107	0.101045 
26 	393  	233      	356     	0.613381	0.85873 	0.90505 	0.0478034       	0.19245 	0.327007	0.707107	0.102398 
27 	381  	205      	356     	0.613381	0.859059	0.90505 	0.0476698       	0.19245 	0.327138	0.707107	0.102428 
28 	398  	241      	356     	0.613381	0.85907 	0.905201	0.0477417       	0.19245 	0.328236	0.707107	0.10274  
29 	392  	233      	356     	0.613381	0.858732	0.905201	0.0476273       	0.196116	0.330142	0.707107	0.102235 
30 	394  	231      	356     	0.613381	0.858284	0.905201	0.0492275       	0.196116	0.331902	0.707107	0.104893 
31 	396  	233      	356     	0.5     	0.857994	0.905201	0.0513625       	0.196116	0.333419	1       	0.10897  
32 	391  	214      	356     	0.5     	0.858611	0.905201	0.051436        	0.196116	0.332396	1       	0.10947  
33 	381  	232      	356     	0.5     	0.858865	0.90569 	0.0509808       	0.196116	0.332878	1       	0.109199 
34 	392  	222      	356     	0.5     	0.859179	0.90569 	0.050775        	0.196116	0.332854	1       	0.109278 
35 	397  	224      	356     	0.5     	0.858225	0.90569 	0.0530066       	0.196116	0.334859	1       	0.111573 
36 	391  	223      	356     	0.5     	0.858136	0.90569 	0.0532083       	0.196116	0.335804	1       	0.112717 
37 	392  	226      	356     	0.5     	0.858412	0.90569 	0.0528555       	0.196116	0.336073	1       	0.112561 
38 	395  	226      	356     	0.5     	0.858668	0.90569 	0.0534114       	0.196116	0.335692	1       	0.114072 
39 	400  	228      	356     	0.5     	0.858915	0.90632 	0.0537166       	0.196116	0.335525	1       	0.114746 
40 	383  	224      	356     	0.5     	0.859035	0.90632 	0.0538649       	0.196116	0.335835	1       	0.115202 
41 	394  	223      	356     	0.5     	0.859284	0.90632 	0.0539312       	0.196116	0.336021	1       	0.115862 
42 	381  	226      	356     	0.5     	0.859206	0.90632 	0.0538746       	0.196116	0.336602	1       	0.115998 
43 	385  	231      	356     	0.5     	0.858861	0.90632 	0.0551411       	0.196116	0.337735	1       	0.118096 
44 	401  	225      	356     	0.5     	0.858483	0.90632 	0.0558633       	0.196116	0.338741	1       	0.119092 
45 	386  	237      	356     	0.5     	0.858667	0.90632 	0.0559271       	0.196116	0.338536	1       	0.119275 
46 	373  	230      	356     	0.5     	0.85902 	0.90632 	0.0556999       	0.196116	0.338306	1       	0.119424 
47 	395  	240      	356     	0.5     	0.858675	0.90632 	0.0562537       	0.196116	0.339167	1       	0.12047  
48 	397  	221      	356     	0.5     	0.85873 	0.90632 	0.0561375       	0.196116	0.339734	1       	0.120083 
49 	387  	241      	356     	0.5     	0.858398	0.90632 	0.0569991       	0.196116	0.340579	1       	0.121188 

CURRENT HALLS OF FAME

PARETO FRONT
Number of solutions = 19
(0.906319926109633, 0.22360679774997896) 19 features: [0_age_at_initial_pathologic_diagnosis, 0_ajcc_pathologic_tumor_stage_Stage IV, 1_hsa.miR.1248, 1_hsa.miR.2355.5p, 1_hsa.miR.3065.5p, 1_hsa.miR.516a.5p, 2_BARX1.56033, 2_C1orf115.79762, 2_C6orf153.88745, 2_C6orf186.728464, 2_CYP3A7.1551, 2_DSG2.1829, 2_FOXA2.3170, 2_KLRAQ1.129285, 2_LIMCH1.22998, 2_RPL21P44.402176, 2_SYTL1.84958, 2_TRIM44.54765, 2_UPK3B.80761]
(0.9062989785760411, 0.23570226039551584) 17 features: [0_age_at_initial_pathologic_diagnosis, 0_ajcc_pathologic_tumor_stage_Stage IV, 1_hsa.miR.1179, 1_hsa.miR.18a.5p, 2_BARX1.56033, 2_C1orf115.79762, 2_C6orf153.88745, 2_C6orf186.728464, 2_CYP3A7.1551, 2_DSG2.1829, 2_FOXA2.3170, 2_KLRAQ1.129285, 2_LIMCH1.22998, 2_RPL21P44.402176, 2_SYTL1.84958, 2_TRIM44.54765, 2_UPK3B.80761]
(0.9056904145780983, 0.24253562503633297) 16 features: [0_age_at_initial_pathologic_diagnosis, 0_ajcc_pathologic_tumor_stage_Stage IV, 1_hsa.miR.34c.5p, 2_BARX1.56033, 2_C1orf115.79762, 2_C6orf153.88745, 2_C6orf186.728464, 2_CYP3A7.1551, 2_DSG2.1829, 2_FOXA2.3170, 2_KLRAQ1.129285, 2_LIMCH1.22998, 2_RPL21P44.402176, 2_SYTL1.84958, 2_TRIM44.54765, 2_UPK3B.80761]
(0.901006477624644, 0.25) 15 features: [0_age_at_initial_pathologic_diagnosis, 0_ajcc_pathologic_tumor_stage_Stage IV, 2_BARX1.56033, 2_C1orf115.79762, 2_C6orf153.88745, 2_C6orf186.728464, 2_CYP3A7.1551, 2_DSG2.1829, 2_FOXA2.3170, 2_KLRAQ1.129285, 2_LIMCH1.22998, 2_RPL21P44.402176, 2_SYTL1.84958, 2_TRIM44.54765, 2_UPK3B.80761]
(0.899962939864884, 0.2581988897471611) 14 features: [0_ajcc_pathologic_tumor_stage_Stage IV, 1_hsa.miR.301b, 2_BARX1.56033, 2_C14orf37.145407, 2_C1orf115.79762, 2_C6orf186.728464, 2_CYP3A7.1551, 2_FOXA2.3170, 2_LIMCH1.22998, 2_SAA1.6288, 2_SIM2.6493, 2_SYTL1.84958, 2_TRIM44.54765, 2_UPK3B.80761]
(0.8936881517838261, 0.2672612419124244) 13 features: [0_age_at_initial_pathologic_diagnosis, 0_ajcc_pathologic_tumor_stage_Stage IV, 1_hsa.miR.425.3p, 2_BARX1.56033, 2_C1orf115.79762, 2_C6orf186.728464, 2_CYP3A7.1551, 2_FOXA2.3170, 2_LIMCH1.22998, 2_SBSN.374897, 2_SIM2.6493, 2_TRIM44.54765, 2_UPK3B.80761]
(0.8894438611210008, 0.2773500981126146) 12 features: [0_ajcc_pathologic_tumor_stage_Stage IV, 1_hsa.miR.590.3p, 2_BARX1.56033, 2_C1orf115.79762, 2_C6orf186.728464, 2_CYP3A7.1551, 2_FOXA2.3170, 2_LIMCH1.22998, 2_SBSN.374897, 2_SIM2.6493, 2_TRIM44.54765, 2_UPK3B.80761]
(0.886260258054115, 0.28867513459481287) 11 features: [0_age_at_initial_pathologic_diagnosis, 0_ajcc_pathologic_tumor_stage_Stage IV, 2_BARX1.56033, 2_C1orf115.79762, 2_C6orf153.88745, 2_C6orf186.728464, 2_CYP3A7.1551, 2_DSG2.1829, 2_FOXA2.3170, 2_RPL21P44.402176, 2_UPK3B.80761]
(0.8811097716179545, 0.30151134457776363) 10 features: [0_ajcc_pathologic_tumor_stage_Stage IV, 2_BARX1.56033, 2_C1orf115.79762, 2_C6orf186.728464, 2_CYP3A7.1551, 2_FOXA2.3170, 2_LIMCH1.22998, 2_SIM2.6493, 2_TRIM44.54765, 2_UPK3B.80761]
(0.8750222308268466, 0.31622776601683794) 9 features: [0_ajcc_pathologic_tumor_stage_Stage IV, 2_BARX1.56033, 2_C1orf115.79762, 2_C6orf186.728464, 2_CYP3A7.1551, 2_LIMCH1.22998, 2_SIM2.6493, 2_TRIM44.54765, 2_UPK3B.80761]
(0.8726048158302517, 0.3333333333333333) 8 features: [0_ajcc_pathologic_tumor_stage_Stage IV, 2_BARX1.56033, 2_C6orf153.88745, 2_C6orf186.728464, 2_CYP3A7.1551, 2_HOXA3.3200, 2_PIPSL.266971, 2_RPL21P44.402176]
(0.8688431985060324, 0.3535533905932738) 7 features: [0_ajcc_pathologic_tumor_stage_Stage IV, 2_BARX1.56033, 2_C6orf186.728464, 2_CYP3A7.1551, 2_HOXA3.3200, 2_PIPSL.266971, 2_RPL21P44.402176]
(0.858835288263509, 0.3779644730092272) 6 features: [0_ajcc_pathologic_tumor_stage_Stage IV, 2_BARX1.56033, 2_C6orf153.88745, 2_C6orf186.728464, 2_PIPSL.266971, 2_RPL21P44.402176]
(0.8514450319136859, 0.408248290463863) 5 features: [0_ajcc_pathologic_tumor_stage_Stage IV, 2_BARX1.56033, 2_C6orf186.728464, 2_PIPSL.266971, 2_RPL21P44.402176]
(0.8401937042392592, 0.4472135954999579) 4 features: [0_ajcc_pathologic_tumor_stage_Stage IV, 2_C6orf186.728464, 2_HOXA3.3200, 2_SIM2.6493]
(0.8228070884312726, 0.5) [0_ajcc_pathologic_tumor_stage_Stage IV, 2_C6orf186.728464, 2_SIM2.6493]
(0.8020363761281969, 0.5773502691896257) [0_ajcc_pathologic_tumor_stage_Stage IV, 2_SIM2.6493]
(0.725657229717067, 0.7071067811865476) [2_C6orf186.728464]
(0.5, 1.0) []
Features in hall of fame by prevalence:
31 features: [0_ajcc_pathologic_tumor_stage_Stage IV, 2_C6orf186.728464, 2_BARX1.56033, 2_CYP3A7.1551, 2_C1orf115.79762, 2_UPK3B.80761, 2_FOXA2.3170, 2_LIMCH1.22998, 2_RPL21P44.402176, 2_TRIM44.54765, 2_SIM2.6493, 2_C6orf153.88745, 0_age_at_initial_pathologic_diagnosis, 2_DSG2.1829, 2_SYTL1.84958, 2_KLRAQ1.129285, 2_PIPSL.266971, 2_HOXA3.3200, 2_SBSN.374897, 1_hsa.miR.1179, 1_hsa.miR.1248, 1_hsa.miR.18a.5p, 1_hsa.miR.2355.5p, 1_hsa.miR.301b, 1_hsa.miR.3065.5p, 1_hsa.miR.34c.5p, 1_hsa.miR.425.3p, 1_hsa.miR.590.3p, 1_hsa.miR.516a.5p, 2_C14orf37.145407, 2_SAA1.6288]

LAST POPULATION
Number of solutions = 500
Features in hall of fame by prevalence:
114 features: [0_ajcc_pathologic_tumor_stage_Stage IV, 2_C6orf186.728464, 2_CYP3A7.1551, 2_BARX1.56033, 2_FOXA2.3170, 2_UPK3B.80761, 2_C1orf115.79762, 2_TRIM44.54765, 2_LIMCH1.22998, 2_SIM2.6493, 0_age_at_initial_pathologic_diagnosis, 2_SYTL1.84958, 2_RPL21P44.402176, 2_C14orf37.145407, 2_SAA1.6288, 2_C6orf153.88745, 2_HOXA3.3200, 1_hsa.miR.1248, 2_KLRAQ1.129285, 2_DSG2.1829, 2_PIPSL.266971, 0_ajcc_pathologic_tumor_stage_Stage I, 2_SFRS4.6429, 1_hsa.miR.301b, 1_hsa.miR.2355.5p, 1_hsa.miR.18a.5p, 2_NR3C2.4306, 1_hsa.miR.425.3p, 2_LTF.4057, 1_hsa.miR.34c.5p, 1_hsa.miR.96.5p, 1_hsa.miR.139.5p, 1_hsa.miR.590.3p, 2_SBSN.374897, 1_hsa.miR.3065.5p, 1_hsa.miR.10b.5p, 1_hsa.miR.194.3p, 1_hsa.miR.296.5p, 1_hsa.miR.34c.3p, 1_hsa.miR.130b.3p, 1_hsa.miR.92b.3p, 2_TNFRSF12A.51330, 1_hsa.miR.24.1.5p, 1_hsa.miR.27b.5p, 1_hsa.miR.628.3p, 1_hsa.miR.139.3p, 1_hsa.miR.146b.5p, 2_IGFN1.91156, 1_hsa.miR.10b.3p, 1_hsa.miR.516a.5p, 2_CSNK2A1P.283106, 2_MRPL9.65005, 1_hsa.miR.1179, 1_hsa.miR.126.3p, 1_hsa.miR.223.3p, 1_hsa.miR.22.5p, 1_hsa.miR.95.3p, 2_C6orf221.154288, 2_LOC649330.649330, 2_PON3.5446, 1_hsa.miR.130b.5p, 1_hsa.miR.520a.3p, 2_BCAS3.54828, 2_EIF3F.8665, 2_FSTL5.56884, 2_ANAPC1.64682, 2_CORO6.84940, 2_HERC3.8916, 2_MRPL52.122704, 2_ODF3.113746, 2_SEMA3G.56920, 1_hsa.miR.182.5p, 1_hsa.miR.21.5p, 1_hsa.miR.296.3p, 1_hsa.miR.3922.3p, 1_hsa.miR.671.5p, 2_ATRIP.84126, 2_C19orf54.284325, 2_HS3ST1.9957, 2_LOC100144603.100144603, 2_LOC285359.285359, 2_MFSD2A.84879, 2_PRKD1.5587, 2_SLC25A37.51312, 1_hsa.miR.149.5p, 1_hsa.miR.193b.3p, 1_hsa.miR.23b.3p, 1_hsa.miR.30b.5p, 1_hsa.miR.3651, 1_hsa.miR.659.5p, 2_ARHGAP42.143872, 2_ATF2.1386, 2_AUP1.550, 2_C21orf59.56683, 2_CACNA2D1.781, 2_CHCHD2.51142, 2_CLIP4.79745, 2_CTTNBP2NL.55917, 2_ENKUR.219670, 2_FAM54A.113115, ...]

BEST SUMS WITH SIZE 50
Number of solutions = 50
Features in hall of fame by prevalence:
36 features: [0_ajcc_pathologic_tumor_stage_Stage IV, 2_C6orf186.728464, 2_LIMCH1.22998, 2_SIM2.6493, 2_SCP2.6342, 0_ajcc_pathologic_tumor_stage_Stage I, 1_hsa.miR.425.3p, 2_BARX1.56033, 2_CORO6.84940, 2_CYP3A7.1551, 2_FOXA2.3170, 2_HERC3.8916, 2_HOXA3.3200, 2_LOC285359.285359, 0_age_at_initial_pathologic_diagnosis, 1_hsa.miR.10b.3p, 1_hsa.miR.10b.5p, 1_hsa.miR.1248, 1_hsa.miR.130b.5p, 1_hsa.miR.18a.5p, 1_hsa.miR.194.3p, 1_hsa.miR.223.3p, 1_hsa.miR.22.5p, 1_hsa.miR.296.5p, 1_hsa.miR.301b, 1_hsa.miR.34c.5p, 1_hsa.miR.590.3p, 1_hsa.miR.671.5p, 2_ABCG2.9429, 2_AUP1.550, 2_CTTNBP2NL.55917, 2_IGFN1.91156, 2_MRPL9.65005, 2_PYCARD.29108, 2_UPK3B.80761, 2_ZYG11B.79699]

BEST SUMS WITH SIZE 100
Number of solutions = 100
Features in hall of fame by prevalence:
54 features: [0_ajcc_pathologic_tumor_stage_Stage IV, 2_C6orf186.728464, 0_ajcc_pathologic_tumor_stage_Stage I, 2_SIM2.6493, 2_CYP3A7.1551, 1_hsa.miR.590.3p, 2_BARX1.56033, 2_HERC3.8916, 2_HOXA3.3200, 1_hsa.miR.194.3p, 2_FOXA2.3170, 2_LIMCH1.22998, 2_UPK3B.80761, 1_hsa.miR.18a.5p, 1_hsa.miR.223.3p, 1_hsa.miR.301b, 2_SCP2.6342, 1_hsa.miR.1248, 1_hsa.miR.130b.5p, 1_hsa.miR.34c.3p, 1_hsa.miR.34c.5p, 1_hsa.miR.425.3p, 1_hsa.miR.671.5p, 2_ARHGAP42.143872, 2_CORO6.84940, 2_LOC285359.285359, 2_MRPL9.65005, 2_PRKD1.5587, 2_PYCARD.29108, 0_age_at_initial_pathologic_diagnosis, 1_hsa.miR.10b.3p, 1_hsa.miR.10b.5p, 1_hsa.miR.146b.5p, 1_hsa.miR.21.5p, 1_hsa.miR.22.5p, 1_hsa.miR.23b.3p, 1_hsa.miR.24.1.5p, 1_hsa.miR.296.3p, 1_hsa.miR.296.5p, 1_hsa.miR.3651, 2_ABCG2.9429, 2_AP1AR.55435, 2_AUP1.550, 2_C6orf153.88745, 2_CTTNBP2NL.55917, 2_IGFN1.91156, 2_KCNN3.3782, 2_LOC100286793.100286793, 2_ORC6L.23594, 2_PDIA2.64714, 2_SAA1.6288, 2_SEMA3G.56920, 2_SRA1.10011, 2_ZYG11B.79699]

STARTING SWEEP NUMBER 3
folds_creator_seed = 1928271015

ASSIGNING STRATA FOR MULTI-OUTCOME DATA KIRC_MV
Assigning strata for outcome named survival of type survival
Counts:
censored 0: 55
censored 1: 124
deceased 0: 35
deceased 1: 35
ga_runner_seed = 4100566371
VIEW: CLINIC
   	     	         	        	   survival SKSurv Cox model concordance index   	             root leanness              
   	     	         	        	-------------------------------------------------	----------------------------------------
gen	evals	gen_feats	explored	min	avg     	max     	std                  	min	avg     	max	std     
0  	0    	3        	3       	0.5	0.703855	0.760953	0.0633241            	0.5	0.657185	1  	0.107741
1  	348  	3        	3       	0.5	0.674982	0.760953	0.0889798            	0.5	0.677473	1  	0.160823
2  	353  	3        	3       	0.5	0.67492 	0.760953	0.0803126            	0.5	0.669387	1  	0.145216
3  	342  	3        	3       	0.5	0.674857	0.760953	0.0802606            	0.5	0.669542	1  	0.145077
4  	338  	3        	3       	0.5	0.674748	0.760953	0.0802281            	0.5	0.669801	1  	0.145028
5  	327  	3        	3       	0.5	0.674748	0.760953	0.0802281            	0.5	0.669801	1  	0.145028
6  	333  	3        	3       	0.5	0.674857	0.760953	0.0802606            	0.5	0.669542	1  	0.145077
7  	346  	3        	3       	0.5	0.674901	0.760953	0.0802951            	0.5	0.669387	1  	0.145216
8  	330  	3        	3       	0.5	0.674901	0.760953	0.0802951            	0.5	0.669387	1  	0.145216
9  	326  	3        	3       	0.5	0.674748	0.760953	0.0802281            	0.5	0.669801	1  	0.145028
10 	327  	3        	3       	0.5	0.674857	0.760953	0.0802606            	0.5	0.669542	1  	0.145077
11 	331  	3        	3       	0.5	0.674748	0.760953	0.0802281            	0.5	0.669801	1  	0.145028
12 	335  	3        	3       	0.5	0.674857	0.760953	0.0802606            	0.5	0.669542	1  	0.145077
13 	341  	3        	3       	0.5	0.674901	0.760953	0.0802951            	0.5	0.669387	1  	0.145216
14 	340  	3        	3       	0.5	0.674857	0.760953	0.0802606            	0.5	0.669542	1  	0.145077
15 	355  	3        	3       	0.5	0.67492 	0.760953	0.0803126            	0.5	0.669387	1  	0.145216
16 	331  	3        	3       	0.5	0.67492 	0.760953	0.0803126            	0.5	0.669387	1  	0.145216
17 	341  	3        	3       	0.5	0.67492 	0.760953	0.0803126            	0.5	0.669387	1  	0.145216
18 	350  	3        	3       	0.5	0.674748	0.760953	0.0802281            	0.5	0.669801	1  	0.145028
19 	335  	3        	3       	0.5	0.674857	0.760953	0.0802606            	0.5	0.669542	1  	0.145077
20 	334  	3        	3       	0.5	0.674748	0.760953	0.0802281            	0.5	0.669801	1  	0.145028
21 	323  	3        	3       	0.5	0.674901	0.760953	0.0802951            	0.5	0.669387	1  	0.145216
22 	332  	3        	3       	0.5	0.674748	0.760953	0.0802281            	0.5	0.669801	1  	0.145028
23 	336  	3        	3       	0.5	0.674901	0.760953	0.0802951            	0.5	0.669387	1  	0.145216
24 	330  	3        	3       	0.5	0.674857	0.760953	0.0802606            	0.5	0.669542	1  	0.145077
25 	327  	3        	3       	0.5	0.674748	0.760953	0.0802281            	0.5	0.669801	1  	0.145028
26 	341  	3        	3       	0.5	0.674857	0.760953	0.0802606            	0.5	0.669542	1  	0.145077
27 	343  	3        	3       	0.5	0.674748	0.760953	0.0802281            	0.5	0.669801	1  	0.145028
28 	339  	3        	3       	0.5	0.674748	0.760953	0.0802281            	0.5	0.669801	1  	0.145028
29 	336  	3        	3       	0.5	0.674901	0.760953	0.0802951            	0.5	0.669387	1  	0.145216
30 	322  	3        	3       	0.5	0.674901	0.760953	0.0802951            	0.5	0.669387	1  	0.145216
31 	332  	3        	3       	0.5	0.674857	0.760953	0.0802606            	0.5	0.669542	1  	0.145077
32 	333  	3        	3       	0.5	0.674748	0.760953	0.0802281            	0.5	0.669801	1  	0.145028
33 	359  	3        	3       	0.5	0.674857	0.760953	0.0802606            	0.5	0.669542	1  	0.145077
34 	333  	3        	3       	0.5	0.674748	0.760953	0.0802281            	0.5	0.669801	1  	0.145028
35 	327  	3        	3       	0.5	0.674748	0.760953	0.0802281            	0.5	0.669801	1  	0.145028
36 	336  	3        	3       	0.5	0.674901	0.760953	0.0802951            	0.5	0.669387	1  	0.145216
37 	340  	3        	3       	0.5	0.674901	0.760953	0.0802951            	0.5	0.669387	1  	0.145216
38 	341  	3        	3       	0.5	0.674901	0.760953	0.0802951            	0.5	0.669387	1  	0.145216
39 	343  	3        	3       	0.5	0.674748	0.760953	0.0802281            	0.5	0.669801	1  	0.145028
40 	334  	3        	3       	0.5	0.674748	0.760953	0.0802281            	0.5	0.669801	1  	0.145028
41 	337  	3        	3       	0.5	0.674748	0.760953	0.0802281            	0.5	0.669801	1  	0.145028
42 	337  	3        	3       	0.5	0.674748	0.760953	0.0802281            	0.5	0.669801	1  	0.145028
43 	343  	3        	3       	0.5	0.67492 	0.760953	0.0803126            	0.5	0.669387	1  	0.145216
44 	316  	3        	3       	0.5	0.674859	0.760953	0.0802619            	0.5	0.669542	1  	0.145077
45 	339  	3        	3       	0.5	0.674901	0.760953	0.0802951            	0.5	0.669387	1  	0.145216
46 	344  	3        	3       	0.5	0.674863	0.760953	0.0802644            	0.5	0.669542	1  	0.145077
47 	336  	3        	3       	0.5	0.674863	0.760953	0.0802644            	0.5	0.669542	1  	0.145077
48 	347  	3        	3       	0.5	0.674901	0.760953	0.0802951            	0.5	0.669387	1  	0.145216
49 	347  	3        	3       	0.5	0.674901	0.760953	0.0802951            	0.5	0.669387	1  	0.145216

ASSIGNING STRATA FOR MULTI-OUTCOME DATA KIRC_MV
Assigning strata for outcome named survival of type survival
Counts:
censored 0: 55
censored 1: 124
deceased 0: 35
deceased 1: 35
VIEW: LOG_MIRNA
   	     	         	        	       survival SKSurv Cox model concordance index       	                 root leanness                  
   	     	         	        	---------------------------------------------------------	------------------------------------------------
gen	evals	gen_feats	explored	min     	avg     	max     	std             	min     	avg     	max	std     
0  	0    	41       	41      	0.5     	0.617493	0.787024	0.0783016       	0.353553	0.759251	1  	0.159493
1  	347  	138      	138     	0.490557	0.646984	0.787024	0.0600969       	0.353553	0.640676	1  	0.108119
2  	363  	160      	167     	0.490313	0.644013	0.787024	0.0626951       	0.333333	0.574694	1  	0.103154
3  	392  	166      	174     	0.5     	0.662477	0.787024	0.0554004       	0.316228	0.551528	1  	0.109705
4  	397  	170      	178     	0.5     	0.679485	0.787024	0.0484141       	0.301511	0.530063	1  	0.113273
5  	392  	167      	179     	0.5     	0.690268	0.787024	0.0467887       	0.27735 	0.514033	1  	0.117142
6  	393  	173      	179     	0.5     	0.696854	0.787024	0.0461962       	0.27735 	0.504271	1  	0.119749
7  	394  	166      	179     	0.5     	0.703761	0.787024	0.0449607       	0.27735 	0.491076	1  	0.122056
8  	365  	167      	179     	0.5     	0.709242	0.787024	0.0442807       	0.27735 	0.482055	1  	0.121752
9  	381  	167      	179     	0.5     	0.712677	0.787024	0.0440109       	0.27735 	0.476371	1  	0.122774
10 	378  	162      	179     	0.5     	0.716625	0.787024	0.0436066       	0.267261	0.468669	1  	0.123762
11 	398  	160      	179     	0.5     	0.719973	0.787024	0.0434238       	0.267261	0.462102	1  	0.124943
12 	382  	165      	179     	0.5     	0.721918	0.787024	0.0437406       	0.267261	0.459728	1  	0.125315
13 	358  	164      	179     	0.5     	0.724239	0.787024	0.0436269       	0.267261	0.454996	1  	0.125952
14 	361  	166      	179     	0.5     	0.727067	0.787024	0.0431689       	0.25    	0.448956	1  	0.126212
15 	374  	166      	179     	0.5     	0.729027	0.794345	0.0439319       	0.25    	0.448973	1  	0.126227
16 	379  	160      	179     	0.5     	0.731806	0.794345	0.0439541       	0.25    	0.443944	1  	0.126902
17 	368  	163      	179     	0.5     	0.734502	0.794345	0.0440571       	0.25    	0.438789	1  	0.127446
18 	369  	162      	179     	0.5     	0.738374	0.794345	0.0432317       	0.223607	0.42849 	1  	0.128402
19 	371  	170      	179     	0.5     	0.741458	0.794345	0.0427962       	0.223607	0.420817	1  	0.129378
20 	376  	165      	179     	0.5     	0.743226	0.796202	0.0434612       	0.223607	0.418546	1  	0.129464
21 	387  	166      	179     	0.5     	0.745505	0.796202	0.0432784       	0.218218	0.414288	1  	0.129417
22 	392  	161      	179     	0.5     	0.745865	0.796307	0.0442807       	0.218218	0.416886	1  	0.129412
23 	376  	163      	179     	0.5     	0.747681	0.796307	0.04441         	0.218218	0.413422	1  	0.129701
24 	375  	163      	179     	0.5     	0.749527	0.798051	0.044612        	0.218218	0.410701	1  	0.129679
25 	376  	170      	179     	0.5     	0.751685	0.798376	0.0440941       	0.218218	0.405477	1  	0.129494
26 	366  	162      	179     	0.5     	0.753252	0.798376	0.0440548       	0.218218	0.402047	1  	0.129862
27 	378  	164      	179     	0.5     	0.754977	0.802262	0.0441268       	0.218218	0.398616	1  	0.130087
28 	375  	155      	179     	0.5     	0.756044	0.802262	0.044713        	0.229416	0.398108	1  	0.130497
29 	379  	164      	179     	0.5     	0.757868	0.81491 	0.0448117       	0.229416	0.394754	1  	0.130609
30 	381  	168      	179     	0.5     	0.759812	0.8249  	0.0449451       	0.229416	0.39133 	1  	0.130694
31 	379  	162      	179     	0.5     	0.761689	0.8249  	0.0450571       	0.229416	0.387613	1  	0.130931
32 	383  	158      	179     	0.5     	0.763688	0.8249  	0.0451507       	0.229416	0.384046	1  	0.130994
33 	377  	161      	179     	0.5     	0.764724	0.8249  	0.0456757       	0.223607	0.382971	1  	0.131891
34 	370  	165      	179     	0.5     	0.765581	0.8249  	0.0460798       	0.223607	0.382431	1  	0.132016
35 	380  	160      	179     	0.5     	0.768103	0.828825	0.0455342       	0.213201	0.375819	1  	0.131742
36 	385  	166      	179     	0.5     	0.769972	0.828825	0.0454004       	0.213201	0.372472	1  	0.131311
37 	374  	163      	179     	0.5     	0.769942	0.828825	0.0464903       	0.208514	0.374173	1  	0.132559
38 	371  	168      	179     	0.5     	0.770463	0.828825	0.0468751       	0.213201	0.375954	1  	0.131636
39 	384  	162      	179     	0.5     	0.771303	0.832032	0.0473093       	0.213201	0.375491	1  	0.131936
40 	377  	163      	179     	0.5     	0.77245 	0.832032	0.0476123       	0.213201	0.374104	1  	0.132221
41 	371  	164      	179     	0.5     	0.772626	0.832032	0.0479611       	0.218218	0.376525	1  	0.13118 
42 	375  	158      	179     	0.5     	0.773468	0.832032	0.0484616       	0.218218	0.376504	1  	0.131194
43 	378  	168      	179     	0.5     	0.774235	0.832032	0.0489142       	0.218218	0.375597	1  	0.131888
44 	372  	151      	179     	0.5     	0.776289	0.832032	0.0488913       	0.213201	0.37194 	1  	0.13181 
45 	387  	163      	179     	0.5     	0.777151	0.832032	0.0493986       	0.213201	0.371592	1  	0.13211 
46 	374  	162      	179     	0.5     	0.77655 	0.832032	0.0509295       	0.208514	0.375032	1  	0.132803
47 	373  	164      	179     	0.5     	0.776635	0.837107	0.0516349       	0.208514	0.377023	1  	0.133517
48 	376  	169      	179     	0.5     	0.775914	0.837107	0.0525139       	0.218218	0.3815  	1  	0.133163
49 	378  	159      	179     	0.5     	0.777605	0.837107	0.0522045       	0.218218	0.378933	1  	0.132445

ASSIGNING STRATA FOR MULTI-OUTCOME DATA KIRC_MV
Assigning strata for outcome named survival of type survival
Counts:
censored 0: 55
censored 1: 124
deceased 0: 35
deceased 1: 35
VIEW: LOG_MRNA
   	     	         	        	   survival SKSurv Cox model concordance index   	                 root leanness                  
   	     	         	        	-------------------------------------------------	------------------------------------------------
gen	evals	gen_feats	explored	min	avg     	max     	std                  	min     	avg     	max	std     
0  	0    	70       	70      	0.5	0.823444	0.89169 	0.0820668            	0.208514	0.402862	1  	0.173758
1  	376  	266      	284     	0.5	0.808065	0.89169 	0.0663002            	0.204124	0.391136	1  	0.136099
2  	386  	375      	505     	0.5	0.818705	0.89169 	0.0592313            	0.196116	0.379585	1  	0.131741
3  	374  	417      	743     	0.5	0.823498	0.89169 	0.057607             	0.204124	0.375665	1  	0.131864
4  	396  	423      	985     	0.5	0.826473	0.89169 	0.0561025            	0.204124	0.372644	1  	0.131696
5  	377  	404      	1199    	0.5	0.829366	0.89169 	0.0545561            	0.204124	0.369008	1  	0.1312  
6  	367  	417      	1436    	0.5	0.831396	0.89169 	0.0543532            	0.204124	0.366461	1  	0.131986
7  	405  	435      	1665    	0.5	0.833074	0.89169 	0.0535265            	0.204124	0.364546	1  	0.131201
8  	377  	418      	1874    	0.5	0.833885	0.89169 	0.0535888            	0.204124	0.364314	1  	0.131429
9  	385  	426      	2085    	0.5	0.835266	0.89169 	0.0537999            	0.204124	0.362133	1  	0.131942
10 	376  	428      	2286    	0.5	0.836668	0.89169 	0.0533144            	0.204124	0.359938	1  	0.131441
11 	379  	404      	2476    	0.5	0.837237	0.895771	0.0536478            	0.204124	0.359925	1  	0.131478
12 	389  	391      	2637    	0.5	0.839632	0.897566	0.0530834            	0.204124	0.355704	1  	0.13131 
13 	389  	445      	2833    	0.5	0.839967	0.897566	0.0531543            	0.204124	0.355772	1  	0.131249
14 	375  	404      	3019    	0.5	0.840386	0.897566	0.0533521            	0.208514	0.355409	1  	0.131489
15 	365  	401      	3180    	0.5	0.840853	0.897566	0.0535245            	0.204124	0.354731	1  	0.131844
16 	399  	459      	3352    	0.5	0.841019	0.897566	0.0534976            	0.204124	0.355138	1  	0.131669
17 	370  	425      	3513    	0.5	0.842897	0.897566	0.0531087            	0.204124	0.351005	1  	0.131438
18 	378  	443      	3690    	0.5	0.843547	0.897566	0.0534292            	0.204124	0.349789	1  	0.132213
19 	377  	454      	3844    	0.5	0.845244	0.900311	0.0529559            	0.204124	0.34573 	1  	0.131768
20 	377  	428      	3992    	0.5	0.845798	0.900311	0.0530977            	0.204124	0.345079	1  	0.131758
21 	388  	423      	4132    	0.5	0.847498	0.900311	0.0523452            	0.2     	0.341624	1  	0.131156
22 	367  	461      	4267    	0.5	0.847977	0.900311	0.0526367            	0.196116	0.340905	1  	0.131744
23 	376  	436      	4410    	0.5	0.848195	0.900813	0.0527607            	0.196116	0.341234	1  	0.131515
24 	384  	428      	4544    	0.5	0.849708	0.900813	0.0526315            	0.196116	0.337688	1  	0.131647
25 	377  	427      	4670    	0.5	0.850582	0.900813	0.0525274            	0.196116	0.336145	1  	0.131353
26 	368  	404      	4778    	0.5	0.84941 	0.900813	0.0537814            	0.196116	0.33965 	1  	0.132258
27 	369  	439      	4905    	0.5	0.849472	0.900813	0.0538825            	0.19245 	0.340345	1  	0.132059
28 	371  	426      	4995    	0.5	0.850051	0.900813	0.0540266            	0.19245 	0.339053	1  	0.132415
29 	384  	442      	5114    	0.5	0.851264	0.900813	0.0530501            	0.185695	0.336802	1  	0.1315  
30 	377  	447      	5220    	0.5	0.85045 	0.901632	0.0540264            	0.185695	0.339474	1  	0.132347
31 	386  	435      	5336    	0.5	0.851525	0.902307	0.0532103            	0.185695	0.337543	1  	0.131243
32 	404  	444      	5442    	0.5	0.852095	0.902307	0.0532536            	0.188982	0.336294	1  	0.131352
33 	380  	447      	5546    	0.5	0.852394	0.906618	0.0534223            	0.188982	0.336118	1  	0.131514
34 	376  	423      	5626    	0.5	0.851521	0.906618	0.0545958            	0.188982	0.338682	1  	0.132784
35 	371  	431      	5723    	0.5	0.853207	0.906618	0.0534548            	0.185695	0.335131	1  	0.131994
36 	359  	393      	5790    	0.5	0.853502	0.906618	0.0535238            	0.185695	0.334891	1  	0.132409
37 	366  	432      	5889    	0.5	0.85411 	0.906618	0.0537192            	0.185695	0.333435	1  	0.132986
38 	369  	465      	6007    	0.5	0.8539  	0.906618	0.0537563            	0.182574	0.334513	1  	0.132737
39 	388  	453      	6103    	0.5	0.855224	0.906618	0.0531913            	0.182574	0.331869	1  	0.131597
40 	385  	464      	6201    	0.5	0.853988	0.906618	0.0539449            	0.182574	0.335917	1  	0.131735
41 	363  	444      	6289    	0.5	0.852698	0.906618	0.05486              	0.185695	0.33992 	1  	0.1323  
42 	364  	425      	6370    	0.5	0.852464	0.906618	0.0547367            	0.188982	0.341348	1  	0.131437
43 	379  	399      	6443    	0.5	0.852637	0.906618	0.0547346            	0.188982	0.341482	1  	0.131325
44 	368  	392      	6510    	0.5	0.85281 	0.906618	0.0547344            	0.188982	0.341503	1  	0.131306
45 	375  	417      	6578    	0.5	0.853009	0.906618	0.0548657            	0.188982	0.341366	1  	0.131431
46 	377  	423      	6652    	0.5	0.853367	0.906618	0.0550086            	0.188982	0.340771	1  	0.1319  
47 	371  	410      	6720    	0.5	0.853345	0.906618	0.0549785            	0.19245 	0.341433	1  	0.131322
48 	387  	402      	6785    	0.5	0.853531	0.906618	0.0551               	0.19245 	0.341198	1  	0.131521
49 	375  	431      	6856    	0.5	0.853615	0.906618	0.0551414            	0.19245 	0.341247	1  	0.131456

STARTING MASTER RUNNER RESAMPLING
Generations completed = 5
Generations completed = 14
Generations completed = 23
Generations completed = 32
Generations completed = 41
MASTER
   	     	         	        	       survival SKSurv Cox model concordance index       	                      root leanness                      
   	     	         	        	---------------------------------------------------------	---------------------------------------------------------
gen	evals	gen_feats	explored	min     	avg     	max     	std             	min     	avg     	max     	std      
0  	500  	321      	321     	0.5     	0.797154	0.905282	0.0828294       	0.150756	0.232888	0.5     	0.0550692
1  	415  	275      	340     	0.612352	0.846921	0.905282	0.0384785       	0.171499	0.260561	0.5     	0.0540655
2  	384  	267      	353     	0.717446	0.850252	0.905282	0.035137        	0.174078	0.27731 	0.57735 	0.0603901
3  	410  	264      	360     	0.717446	0.850669	0.905282	0.0371786       	0.182574	0.28816 	0.57735 	0.0661739
4  	369  	248      	363     	0.717446	0.85459 	0.905282	0.0358109       	0.182574	0.290225	0.57735 	0.0687716
5  	404  	247      	365     	0.717446	0.857675	0.912487	0.0361448       	0.185695	0.292058	0.57735 	0.0712367
6  	399  	252      	370     	0.717446	0.859064	0.912487	0.0370383       	0.185695	0.293921	0.57735 	0.0736045
7  	390  	248      	374     	0.686438	0.861157	0.912487	0.0378875       	0.185695	0.295581	0.57735 	0.0784403
8  	383  	254      	375     	0.671576	0.862482	0.912487	0.0393311       	0.185695	0.296933	0.57735 	0.081093 
9  	398  	254      	375     	0.671484	0.863184	0.912487	0.0407168       	0.185695	0.298837	0.57735 	0.0840157
10 	401  	252      	375     	0.671484	0.8631  	0.912487	0.042622        	0.185695	0.302658	0.707107	0.0870004
11 	397  	252      	375     	0.661836	0.861955	0.912487	0.0443076       	0.185695	0.307408	0.707107	0.0882563
12 	407  	246      	375     	0.661836	0.862347	0.912487	0.0449628       	0.185695	0.309127	0.707107	0.0914871
13 	415  	248      	376     	0.661836	0.863244	0.912487	0.0449464       	0.185695	0.309631	0.707107	0.0923577
14 	393  	260      	377     	0.661836	0.86371 	0.912487	0.0459493       	0.185695	0.310449	0.707107	0.0950241
15 	398  	255      	379     	0.661836	0.864786	0.912487	0.045963        	0.182574	0.309865	0.707107	0.0963789
16 	384  	231      	379     	0.661836	0.864639	0.912487	0.046969        	0.182574	0.311598	0.707107	0.0983353
17 	416  	260      	379     	0.661836	0.865082	0.912487	0.0471419       	0.182574	0.312349	0.707107	0.0989225
18 	379  	235      	379     	0.661836	0.864974	0.912487	0.04844         	0.182574	0.313649	0.707107	0.101923 
19 	388  	252      	379     	0.661836	0.865193	0.912487	0.04888         	0.182574	0.314249	0.707107	0.103507 
20 	396  	246      	379     	0.661836	0.865865	0.912775	0.0485768       	0.182574	0.314093	0.707107	0.103392 
21 	390  	247      	379     	0.661836	0.865972	0.912775	0.0491236       	0.182574	0.31442 	0.707107	0.104252 
22 	394  	262      	379     	0.671484	0.86666 	0.912775	0.0486775       	0.182574	0.314077	0.707107	0.104541 
23 	411  	251      	379     	0.682573	0.867317	0.912775	0.0475712       	0.182574	0.31429 	0.707107	0.105398 
24 	389  	243      	379     	0.682573	0.866609	0.912775	0.0472762       	0.182574	0.317196	0.707107	0.105891 
25 	393  	253      	379     	0.616852	0.866365	0.912775	0.0482833       	0.182574	0.318215	0.707107	0.106787 
26 	378  	255      	379     	0.616852	0.867685	0.912775	0.0478865       	0.182574	0.31623 	0.707107	0.10811  
27 	392  	237      	379     	0.616852	0.868082	0.912775	0.047393        	0.182574	0.316547	0.707107	0.10794  
28 	387  	239      	379     	0.616852	0.868563	0.912775	0.0474742       	0.182574	0.315927	0.707107	0.108326 
29 	391  	260      	379     	0.616852	0.86889 	0.912775	0.0468719       	0.182574	0.31671 	0.707107	0.10982  
30 	391  	239      	379     	0.616852	0.869834	0.912775	0.0459953       	0.182574	0.315379	0.707107	0.109078 
31 	406  	237      	379     	0.616852	0.867841	0.912885	0.0481249       	0.182574	0.320467	0.707107	0.11118  
32 	380  	252      	379     	0.616852	0.868516	0.912885	0.0478233       	0.182574	0.319781	0.707107	0.111757 
33 	395  	234      	379     	0.616852	0.868252	0.91348 	0.04846         	0.182574	0.320928	0.707107	0.11293  
34 	396  	253      	379     	0.616852	0.868374	0.91348 	0.0479684       	0.182574	0.321453	0.707107	0.11314  
35 	400  	262      	379     	0.616852	0.868982	0.91348 	0.0475003       	0.182574	0.320626	0.707107	0.11311  
36 	390  	249      	379     	0.616852	0.86917 	0.91348 	0.0474551       	0.182574	0.320663	0.707107	0.11308  
37 	380  	241      	379     	0.616852	0.869348	0.91348 	0.0472851       	0.182574	0.320652	0.707107	0.113083 
38 	380  	241      	379     	0.616852	0.869665	0.915158	0.0472662       	0.182574	0.320359	0.707107	0.113277 
39 	388  	250      	379     	0.616852	0.869341	0.915158	0.04766         	0.182574	0.32184 	0.707107	0.114103 
40 	390  	252      	379     	0.600458	0.868435	0.915158	0.0496512       	0.182574	0.32374 	0.707107	0.116529 
41 	388  	252      	379     	0.600458	0.868034	0.915158	0.0508597       	0.182574	0.324791	0.707107	0.117599 
42 	395  	258      	379     	0.600458	0.867099	0.915158	0.052803        	0.182574	0.326702	0.707107	0.119899 
43 	397  	248      	379     	0.600458	0.866835	0.915158	0.0528335       	0.182574	0.327747	0.707107	0.119918 
44 	394  	241      	379     	0.600458	0.866242	0.915158	0.0535104       	0.182574	0.329307	0.707107	0.121397 
45 	379  	237      	379     	0.600458	0.866131	0.915158	0.0535063       	0.182574	0.330006	0.707107	0.121404 
46 	381  	239      	379     	0.600458	0.86579 	0.915158	0.0533885       	0.182574	0.331052	0.707107	0.120846 
47 	396  	257      	379     	0.600458	0.865877	0.915158	0.0534102       	0.182574	0.33103 	0.707107	0.120903 
48 	402  	242      	379     	0.600458	0.865339	0.915158	0.0540189       	0.182574	0.332385	0.707107	0.121757 
49 	407  	244      	379     	0.600458	0.864885	0.915158	0.0549845       	0.182574	0.333334	0.707107	0.122824 

CURRENT HALLS OF FAME

PARETO FRONT
Number of solutions = 20
(0.9151582024752739, 0.21320071635561044) 21 features: [0_ajcc_pathologic_tumor_stage_Stage IV, 1_hsa.miR.34c.5p, 2_BARX1.56033, 2_C14orf37.145407, 2_C1orf115.79762, 2_C6orf153.88745, 2_C6orf186.728464, 2_CYP3A7.1551, 2_FOXA2.3170, 2_KLRAQ1.129285, 2_LGALS9C.654346, 2_LIMCH1.22998, 2_LOC649330.649330, 2_OAZ2.4947, 2_PHF11.51131, 2_RPL21P44.402176, 2_SAA1.6288, 2_SIM2.6493, 2_SYTL1.84958, 2_TRIM44.54765, 2_UPK3B.80761]
(0.9135295111272933, 0.22941573387056177) 18 features: [0_age_at_initial_pathologic_diagnosis, 0_ajcc_pathologic_tumor_stage_Stage IV, 1_hsa.miR.139.3p, 1_hsa.miR.18a.5p, 2_BARX1.56033, 2_C1orf115.79762, 2_C6orf153.88745, 2_C6orf186.728464, 2_CDH22.64405, 2_CSTF1.1477, 2_CYP3A7.1551, 2_DSG2.1829, 2_FOXA2.3170, 2_KLRAQ1.129285, 2_LIMCH1.22998, 2_RPL21P44.402176, 2_TRIM44.54765, 2_UPK3B.80761]
(0.9134798629731623, 0.23570226039551584) 17 features: [0_age_at_initial_pathologic_diagnosis, 0_ajcc_pathologic_tumor_stage_Stage IV, 1_hsa.miR.92b.3p, 2_BARX1.56033, 2_C1orf115.79762, 2_C6orf153.88745, 2_C6orf186.728464, 2_CDH22.64405, 2_CSTF1.1477, 2_CYP3A7.1551, 2_DSG2.1829, 2_FOXA2.3170, 2_KLRAQ1.129285, 2_LIMCH1.22998, 2_RPL21P44.402176, 2_TRIM44.54765, 2_UPK3B.80761]
(0.9127323650181184, 0.24253562503633297) 16 features: [0_age_at_initial_pathologic_diagnosis, 0_ajcc_pathologic_tumor_stage_Stage IV, 2_BARX1.56033, 2_C1orf115.79762, 2_C6orf153.88745, 2_C6orf186.728464, 2_CDH22.64405, 2_CSTF1.1477, 2_CYP3A7.1551, 2_DSG2.1829, 2_FOXA2.3170, 2_KLRAQ1.129285, 2_LIMCH1.22998, 2_RPL21P44.402176, 2_TRIM44.54765, 2_UPK3B.80761]
(0.9067416576591422, 0.25) 15 features: [0_age_at_initial_pathologic_diagnosis, 0_ajcc_pathologic_tumor_stage_Stage IV, 1_hsa.miR.34c.3p, 2_BARX1.56033, 2_C14orf37.145407, 2_C1orf115.79762, 2_C6orf186.728464, 2_CSTF1.1477, 2_CYP3A7.1551, 2_KLRAQ1.129285, 2_LIMCH1.22998, 2_MORN2.729967, 2_SIM2.6493, 2_TRIM44.54765, 2_UPK3B.80761]
(0.9044142933704579, 0.2581988897471611) 14 features: [0_age_at_initial_pathologic_diagnosis, 0_ajcc_pathologic_tumor_stage_Stage IV, 2_BARX1.56033, 2_C1orf115.79762, 2_C6orf153.88745, 2_C6orf186.728464, 2_CYP3A7.1551, 2_DSG2.1829, 2_FOXA2.3170, 2_KLRAQ1.129285, 2_LIMCH1.22998, 2_RPL21P44.402176, 2_TRIM44.54765, 2_UPK3B.80761]
(0.8964170649933682, 0.2672612419124244) 13 features: [0_ajcc_pathologic_tumor_stage_Stage IV, 2_BARX1.56033, 2_C14orf37.145407, 2_C1orf115.79762, 2_C6orf186.728464, 2_CSTF1.1477, 2_CYP3A7.1551, 2_KLRAQ1.129285, 2_LIMCH1.22998, 2_MORN2.729967, 2_SIM2.6493, 2_TRIM44.54765, 2_UPK3B.80761]
(0.8928315524730136, 0.2773500981126146) 12 features: [0_ajcc_pathologic_tumor_stage_Stage IV, 2_BARX1.56033, 2_C14orf37.145407, 2_C1orf115.79762, 2_C6orf186.728464, 2_CSTF1.1477, 2_CYP3A7.1551, 2_LIMCH1.22998, 2_SIM2.6493, 2_SYTL1.84958, 2_TRIM44.54765, 2_UPK3B.80761]
(0.8890794313552982, 0.28867513459481287) 11 features: [0_ajcc_pathologic_tumor_stage_Stage IV, 2_BARX1.56033, 2_C1orf115.79762, 2_C6orf186.728464, 2_CYP3A7.1551, 2_FOXA2.3170, 2_KLRAQ1.129285, 2_LIMCH1.22998, 2_PCDHA12.56137, 2_TRIM44.54765, 2_UPK3B.80761]
(0.8842845439260051, 0.30151134457776363) 10 features: [0_ajcc_pathologic_tumor_stage_Stage IV, 1_hsa.miR.590.3p, 2_BARX1.56033, 2_C14orf37.145407, 2_C6orf186.728464, 2_CYP3A7.1551, 2_SIM2.6493, 2_SYTL1.84958, 2_TRIM44.54765, 2_UPK3B.80761]
(0.8826227882696759, 0.31622776601683794) 9 features: [0_ajcc_pathologic_tumor_stage_Stage IV, 2_BARX1.56033, 2_C14orf37.145407, 2_C6orf186.728464, 2_CYP3A7.1551, 2_SIM2.6493, 2_SYTL1.84958, 2_TRIM44.54765, 2_UPK3B.80761]
(0.8726048158302517, 0.3333333333333333) 8 features: [0_ajcc_pathologic_tumor_stage_Stage IV, 2_BARX1.56033, 2_C6orf153.88745, 2_C6orf186.728464, 2_CYP3A7.1551, 2_HOXA3.3200, 2_PIPSL.266971, 2_RPL21P44.402176]
(0.8691563403812643, 0.3535533905932738) 7 features: [0_ajcc_pathologic_tumor_stage_Stage IV, 1_hsa.miR.590.3p, 2_BARX1.56033, 2_MRPL2.51069, 2_PIPSL.266971, 2_RPL21P44.402176, 2_SAA1.6288]
(0.858835288263509, 0.3779644730092272) 6 features: [0_ajcc_pathologic_tumor_stage_Stage IV, 2_BARX1.56033, 2_C6orf153.88745, 2_C6orf186.728464, 2_PIPSL.266971, 2_RPL21P44.402176]
(0.85731046629533, 0.408248290463863) 5 features: [0_ajcc_pathologic_tumor_stage_Stage IV, 1_hsa.miR.194.3p, 2_BARX1.56033, 2_MRPL24.79590, 2_RPL21P44.402176]
(0.8428396478369278, 0.4472135954999579) 4 features: [0_ajcc_pathologic_tumor_stage_Stage IV, 2_BARX1.56033, 2_MRPL24.79590, 2_RPL21P44.402176]
(0.8228070884312726, 0.5) [0_ajcc_pathologic_tumor_stage_Stage IV, 2_C6orf186.728464, 2_SIM2.6493]
(0.8020363761281969, 0.5773502691896257) [0_ajcc_pathologic_tumor_stage_Stage IV, 2_SIM2.6493]
(0.725657229717067, 0.7071067811865476) [2_C6orf186.728464]
(0.5, 1.0) []
Features in hall of fame by prevalence:
37 features: [0_ajcc_pathologic_tumor_stage_Stage IV, 2_BARX1.56033, 2_C6orf186.728464, 2_CYP3A7.1551, 2_TRIM44.54765, 2_UPK3B.80761, 2_RPL21P44.402176, 2_C1orf115.79762, 2_LIMCH1.22998, 2_KLRAQ1.129285, 2_SIM2.6493, 2_C6orf153.88745, 2_C14orf37.145407, 2_CSTF1.1477, 2_FOXA2.3170, 0_age_at_initial_pathologic_diagnosis, 2_DSG2.1829, 2_SYTL1.84958, 2_CDH22.64405, 2_PIPSL.266971, 1_hsa.miR.590.3p, 2_MORN2.729967, 2_MRPL24.79590, 2_SAA1.6288, 1_hsa.miR.139.3p, 1_hsa.miR.18a.5p, 1_hsa.miR.194.3p, 1_hsa.miR.34c.3p, 1_hsa.miR.34c.5p, 1_hsa.miR.92b.3p, 2_HOXA3.3200, 2_LGALS9C.654346, 2_LOC649330.649330, 2_MRPL2.51069, 2_OAZ2.4947, 2_PCDHA12.56137, 2_PHF11.51131]

LAST POPULATION
Number of solutions = 500
Features in hall of fame by prevalence:
135 features: [0_ajcc_pathologic_tumor_stage_Stage IV, 2_C6orf186.728464, 2_BARX1.56033, 2_CYP3A7.1551, 2_TRIM44.54765, 2_UPK3B.80761, 2_LIMCH1.22998, 2_SIM2.6493, 2_C1orf115.79762, 2_FOXA2.3170, 2_C6orf153.88745, 0_age_at_initial_pathologic_diagnosis, 2_C14orf37.145407, 2_RPL21P44.402176, 2_KLRAQ1.129285, 2_SYTL1.84958, 2_HOXA3.3200, 2_CSTF1.1477, 2_PIPSL.266971, 2_SAA1.6288, 2_DSG2.1829, 1_hsa.miR.1248, 0_ajcc_pathologic_tumor_stage_Stage I, 2_CDH22.64405, 1_hsa.miR.425.3p, 2_LOC649330.649330, 2_ZNF860.344787, 2_HRH3.11255, 1_hsa.miR.139.3p, 2_LGALS9C.654346, 2_OAZ2.4947, 2_PHF11.51131, 1_hsa.miR.194.3p, 1_hsa.miR.590.3p, 1_hsa.miR.92b.3p, 2_CCDC11.220136, 2_MORN2.729967, 1_hsa.miR.2355.5p, 1_hsa.miR.146b.5p, 2_HMBS.3145, 1_hsa.miR.3065.5p, 2_ITPA.3704, 2_LTF.4057, 2_PCDHA12.56137, 1_hsa.miR.34c.5p, 1_hsa.miR.18a.5p, 2_MRPL24.79590, 1_hsa.miR.126.3p, 1_hsa.miR.95.3p, 1_hsa.miR.296.3p, 2_PIGA.5277, 1_hsa.miR.296.5p, 1_hsa.miR.96.5p, 1_hsa.miR.21.5p, 1_hsa.miR.223.3p, 1_hsa.miR.301b, 1_hsa.miR.34c.3p, 1_hsa.miR.3922.3p, 1_hsa.miR.1179, 1_hsa.miR.139.5p, 1_hsa.miR.27b.5p, 2_IGFN1.91156, 2_MYCBP2.23077, 2_SBSN.374897, 1_hsa.miR.130b.3p, 1_hsa.miR.193b.3p, 1_hsa.miR.22.5p, 2_CORO6.84940, 2_DICER1.23405, 2_NPR3.4883, 2_OR1L8.138881, 2_PLCL2.23228, 1_hsa.miR.149.5p, 2_FLAD1.80308, 2_MRPL2.51069, 2_SEMA3G.56920, 2_ACCN4.55515, 2_ATF2.1386, 2_MEGF9.1955, 2_MRPL52.122704, 1_hsa.miR.10b.5p, 1_hsa.miR.221.3p, 1_hsa.miR.23b.3p, 1_hsa.miR.365a.3p, 1_hsa.miR.676.3p, 2_CTTNBP2NL.55917, 2_FASN.2194, 2_IL21.59067, 2_KAL1.3730, 2_LRRC61.65999, 2_METTL7A.25840, 2_MICALL2.79778, 2_MRPL9.65005, 2_PPP1R14B.26472, 2_RBM42.79171, 2_RFXANK.8625, 2_SCP2.6342, 2_SLC39A11.201266, 2_STK25.10494, 2_SYMPK.8189, ...]

BEST SUMS WITH SIZE 50
Number of solutions = 50
Features in hall of fame by prevalence:
37 features: [0_ajcc_pathologic_tumor_stage_Stage IV, 2_BARX1.56033, 2_C6orf186.728464, 2_SIM2.6493, 2_CORO6.84940, 2_FLAD1.80308, 2_HERC3.8916, 2_HOXA3.3200, 2_LIMCH1.22998, 2_LOC285359.285359, 2_PLCL2.23228, 2_SCP2.6342, 2_SEMA3G.56920, 0_ajcc_pathologic_tumor_stage_Stage I, 1_hsa.miR.10b.3p, 1_hsa.miR.10b.5p, 1_hsa.miR.1248, 1_hsa.miR.194.3p, 1_hsa.miR.223.3p, 1_hsa.miR.22.5p, 1_hsa.miR.296.5p, 1_hsa.miR.301b, 1_hsa.miR.671.5p, 2_ABCG2.9429, 2_AUP1.550, 2_BREA2.286076, 2_CTTNBP2NL.55917, 2_CYP3A7.1551, 2_EXOSC1.51013, 2_FOXA2.3170, 2_IGFN1.91156, 2_JTB.10899, 2_METTL7A.25840, 2_MRPL9.65005, 2_PYCARD.29108, 2_SAA1.6288, 2_UPK3B.80761]

BEST SUMS WITH SIZE 100
Number of solutions = 100
Features in hall of fame by prevalence:
52 features: [0_ajcc_pathologic_tumor_stage_Stage IV, 2_C6orf186.728464, 0_ajcc_pathologic_tumor_stage_Stage I, 2_SIM2.6493, 2_BARX1.56033, 2_CYP3A7.1551, 2_FLAD1.80308, 2_HOXA3.3200, 1_hsa.miR.194.3p, 1_hsa.miR.590.3p, 2_HERC3.8916, 2_LIMCH1.22998, 2_PLCL2.23228, 2_SAA1.6288, 2_SEMA3G.56920, 2_CORO6.84940, 2_SCP2.6342, 2_UPK3B.80761, 1_hsa.miR.1248, 1_hsa.miR.130b.5p, 1_hsa.miR.18a.5p, 1_hsa.miR.301b, 1_hsa.miR.425.3p, 2_CTTNBP2NL.55917, 2_FOXA2.3170, 2_LOC285359.285359, 2_METTL7A.25840, 2_MRPL9.65005, 0_age_at_initial_pathologic_diagnosis, 1_hsa.miR.10b.3p, 1_hsa.miR.10b.5p, 1_hsa.miR.126.3p, 1_hsa.miR.223.3p, 1_hsa.miR.22.5p, 1_hsa.miR.296.5p, 1_hsa.miR.34c.3p, 1_hsa.miR.34c.5p, 1_hsa.miR.671.5p, 2_ABCG2.9429, 2_ARHGAP42.143872, 2_AUP1.550, 2_BREA2.286076, 2_C6orf153.88745, 2_EXOSC1.51013, 2_IGFN1.91156, 2_JTB.10899, 2_LOC100286793.100286793, 2_ORC6L.23594, 2_PDIA2.64714, 2_PYCARD.29108, 2_SLC2A9.56606, 2_ZYG11B.79699]
Optimization on fold finished in 00-10:25:50

FEATURE SETS SELECTED

PARETO FRONT
Number of solutions = 20
(0.9151582024752739, 0.21320071635561044) 21 features: [0_ajcc_pathologic_tumor_stage_Stage IV, 1_hsa.miR.34c.5p, 2_BARX1.56033, 2_C14orf37.145407, 2_C1orf115.79762, 2_C6orf153.88745, 2_C6orf186.728464, 2_CYP3A7.1551, 2_FOXA2.3170, 2_KLRAQ1.129285, 2_LGALS9C.654346, 2_LIMCH1.22998, 2_LOC649330.649330, 2_OAZ2.4947, 2_PHF11.51131, 2_RPL21P44.402176, 2_SAA1.6288, 2_SIM2.6493, 2_SYTL1.84958, 2_TRIM44.54765, 2_UPK3B.80761]
(0.9135295111272933, 0.22941573387056177) 18 features: [0_age_at_initial_pathologic_diagnosis, 0_ajcc_pathologic_tumor_stage_Stage IV, 1_hsa.miR.139.3p, 1_hsa.miR.18a.5p, 2_BARX1.56033, 2_C1orf115.79762, 2_C6orf153.88745, 2_C6orf186.728464, 2_CDH22.64405, 2_CSTF1.1477, 2_CYP3A7.1551, 2_DSG2.1829, 2_FOXA2.3170, 2_KLRAQ1.129285, 2_LIMCH1.22998, 2_RPL21P44.402176, 2_TRIM44.54765, 2_UPK3B.80761]
(0.9134798629731623, 0.23570226039551584) 17 features: [0_age_at_initial_pathologic_diagnosis, 0_ajcc_pathologic_tumor_stage_Stage IV, 1_hsa.miR.92b.3p, 2_BARX1.56033, 2_C1orf115.79762, 2_C6orf153.88745, 2_C6orf186.728464, 2_CDH22.64405, 2_CSTF1.1477, 2_CYP3A7.1551, 2_DSG2.1829, 2_FOXA2.3170, 2_KLRAQ1.129285, 2_LIMCH1.22998, 2_RPL21P44.402176, 2_TRIM44.54765, 2_UPK3B.80761]
(0.9127323650181184, 0.24253562503633297) 16 features: [0_age_at_initial_pathologic_diagnosis, 0_ajcc_pathologic_tumor_stage_Stage IV, 2_BARX1.56033, 2_C1orf115.79762, 2_C6orf153.88745, 2_C6orf186.728464, 2_CDH22.64405, 2_CSTF1.1477, 2_CYP3A7.1551, 2_DSG2.1829, 2_FOXA2.3170, 2_KLRAQ1.129285, 2_LIMCH1.22998, 2_RPL21P44.402176, 2_TRIM44.54765, 2_UPK3B.80761]
(0.9067416576591422, 0.25) 15 features: [0_age_at_initial_pathologic_diagnosis, 0_ajcc_pathologic_tumor_stage_Stage IV, 1_hsa.miR.34c.3p, 2_BARX1.56033, 2_C14orf37.145407, 2_C1orf115.79762, 2_C6orf186.728464, 2_CSTF1.1477, 2_CYP3A7.1551, 2_KLRAQ1.129285, 2_LIMCH1.22998, 2_MORN2.729967, 2_SIM2.6493, 2_TRIM44.54765, 2_UPK3B.80761]
(0.9044142933704579, 0.2581988897471611) 14 features: [0_age_at_initial_pathologic_diagnosis, 0_ajcc_pathologic_tumor_stage_Stage IV, 2_BARX1.56033, 2_C1orf115.79762, 2_C6orf153.88745, 2_C6orf186.728464, 2_CYP3A7.1551, 2_DSG2.1829, 2_FOXA2.3170, 2_KLRAQ1.129285, 2_LIMCH1.22998, 2_RPL21P44.402176, 2_TRIM44.54765, 2_UPK3B.80761]
(0.8964170649933682, 0.2672612419124244) 13 features: [0_ajcc_pathologic_tumor_stage_Stage IV, 2_BARX1.56033, 2_C14orf37.145407, 2_C1orf115.79762, 2_C6orf186.728464, 2_CSTF1.1477, 2_CYP3A7.1551, 2_KLRAQ1.129285, 2_LIMCH1.22998, 2_MORN2.729967, 2_SIM2.6493, 2_TRIM44.54765, 2_UPK3B.80761]
(0.8928315524730136, 0.2773500981126146) 12 features: [0_ajcc_pathologic_tumor_stage_Stage IV, 2_BARX1.56033, 2_C14orf37.145407, 2_C1orf115.79762, 2_C6orf186.728464, 2_CSTF1.1477, 2_CYP3A7.1551, 2_LIMCH1.22998, 2_SIM2.6493, 2_SYTL1.84958, 2_TRIM44.54765, 2_UPK3B.80761]
(0.8890794313552982, 0.28867513459481287) 11 features: [0_ajcc_pathologic_tumor_stage_Stage IV, 2_BARX1.56033, 2_C1orf115.79762, 2_C6orf186.728464, 2_CYP3A7.1551, 2_FOXA2.3170, 2_KLRAQ1.129285, 2_LIMCH1.22998, 2_PCDHA12.56137, 2_TRIM44.54765, 2_UPK3B.80761]
(0.8842845439260051, 0.30151134457776363) 10 features: [0_ajcc_pathologic_tumor_stage_Stage IV, 1_hsa.miR.590.3p, 2_BARX1.56033, 2_C14orf37.145407, 2_C6orf186.728464, 2_CYP3A7.1551, 2_SIM2.6493, 2_SYTL1.84958, 2_TRIM44.54765, 2_UPK3B.80761]
(0.8826227882696759, 0.31622776601683794) 9 features: [0_ajcc_pathologic_tumor_stage_Stage IV, 2_BARX1.56033, 2_C14orf37.145407, 2_C6orf186.728464, 2_CYP3A7.1551, 2_SIM2.6493, 2_SYTL1.84958, 2_TRIM44.54765, 2_UPK3B.80761]
(0.8726048158302517, 0.3333333333333333) 8 features: [0_ajcc_pathologic_tumor_stage_Stage IV, 2_BARX1.56033, 2_C6orf153.88745, 2_C6orf186.728464, 2_CYP3A7.1551, 2_HOXA3.3200, 2_PIPSL.266971, 2_RPL21P44.402176]
(0.8691563403812643, 0.3535533905932738) 7 features: [0_ajcc_pathologic_tumor_stage_Stage IV, 1_hsa.miR.590.3p, 2_BARX1.56033, 2_MRPL2.51069, 2_PIPSL.266971, 2_RPL21P44.402176, 2_SAA1.6288]
(0.858835288263509, 0.3779644730092272) 6 features: [0_ajcc_pathologic_tumor_stage_Stage IV, 2_BARX1.56033, 2_C6orf153.88745, 2_C6orf186.728464, 2_PIPSL.266971, 2_RPL21P44.402176]
(0.85731046629533, 0.408248290463863) 5 features: [0_ajcc_pathologic_tumor_stage_Stage IV, 1_hsa.miR.194.3p, 2_BARX1.56033, 2_MRPL24.79590, 2_RPL21P44.402176]
(0.8428396478369278, 0.4472135954999579) 4 features: [0_ajcc_pathologic_tumor_stage_Stage IV, 2_BARX1.56033, 2_MRPL24.79590, 2_RPL21P44.402176]
(0.8228070884312726, 0.5) [0_ajcc_pathologic_tumor_stage_Stage IV, 2_C6orf186.728464, 2_SIM2.6493]
(0.8020363761281969, 0.5773502691896257) [0_ajcc_pathologic_tumor_stage_Stage IV, 2_SIM2.6493]
(0.725657229717067, 0.7071067811865476) [2_C6orf186.728464]
(0.5, 1.0) []
Features in hall of fame by prevalence:
37 features: [0_ajcc_pathologic_tumor_stage_Stage IV, 2_BARX1.56033, 2_C6orf186.728464, 2_CYP3A7.1551, 2_TRIM44.54765, 2_UPK3B.80761, 2_RPL21P44.402176, 2_C1orf115.79762, 2_LIMCH1.22998, 2_KLRAQ1.129285, 2_SIM2.6493, 2_C6orf153.88745, 2_C14orf37.145407, 2_CSTF1.1477, 2_FOXA2.3170, 0_age_at_initial_pathologic_diagnosis, 2_DSG2.1829, 2_SYTL1.84958, 2_CDH22.64405, 2_PIPSL.266971, 1_hsa.miR.590.3p, 2_MORN2.729967, 2_MRPL24.79590, 2_SAA1.6288, 1_hsa.miR.139.3p, 1_hsa.miR.18a.5p, 1_hsa.miR.194.3p, 1_hsa.miR.34c.3p, 1_hsa.miR.34c.5p, 1_hsa.miR.92b.3p, 2_HOXA3.3200, 2_LGALS9C.654346, 2_LOC649330.649330, 2_MRPL2.51069, 2_OAZ2.4947, 2_PCDHA12.56137, 2_PHF11.51131]

LAST POPULATION
Number of solutions = 500
Features in hall of fame by prevalence:
135 features: [0_ajcc_pathologic_tumor_stage_Stage IV, 2_C6orf186.728464, 2_BARX1.56033, 2_CYP3A7.1551, 2_TRIM44.54765, 2_UPK3B.80761, 2_LIMCH1.22998, 2_SIM2.6493, 2_C1orf115.79762, 2_FOXA2.3170, 2_C6orf153.88745, 0_age_at_initial_pathologic_diagnosis, 2_C14orf37.145407, 2_RPL21P44.402176, 2_KLRAQ1.129285, 2_SYTL1.84958, 2_HOXA3.3200, 2_CSTF1.1477, 2_PIPSL.266971, 2_SAA1.6288, 2_DSG2.1829, 1_hsa.miR.1248, 0_ajcc_pathologic_tumor_stage_Stage I, 2_CDH22.64405, 1_hsa.miR.425.3p, 2_LOC649330.649330, 2_ZNF860.344787, 2_HRH3.11255, 1_hsa.miR.139.3p, 2_LGALS9C.654346, 2_OAZ2.4947, 2_PHF11.51131, 1_hsa.miR.194.3p, 1_hsa.miR.590.3p, 1_hsa.miR.92b.3p, 2_CCDC11.220136, 2_MORN2.729967, 1_hsa.miR.2355.5p, 1_hsa.miR.146b.5p, 2_HMBS.3145, 1_hsa.miR.3065.5p, 2_ITPA.3704, 2_LTF.4057, 2_PCDHA12.56137, 1_hsa.miR.34c.5p, 1_hsa.miR.18a.5p, 2_MRPL24.79590, 1_hsa.miR.126.3p, 1_hsa.miR.95.3p, 1_hsa.miR.296.3p, 2_PIGA.5277, 1_hsa.miR.296.5p, 1_hsa.miR.96.5p, 1_hsa.miR.21.5p, 1_hsa.miR.223.3p, 1_hsa.miR.301b, 1_hsa.miR.34c.3p, 1_hsa.miR.3922.3p, 1_hsa.miR.1179, 1_hsa.miR.139.5p, 1_hsa.miR.27b.5p, 2_IGFN1.91156, 2_MYCBP2.23077, 2_SBSN.374897, 1_hsa.miR.130b.3p, 1_hsa.miR.193b.3p, 1_hsa.miR.22.5p, 2_CORO6.84940, 2_DICER1.23405, 2_NPR3.4883, 2_OR1L8.138881, 2_PLCL2.23228, 1_hsa.miR.149.5p, 2_FLAD1.80308, 2_MRPL2.51069, 2_SEMA3G.56920, 2_ACCN4.55515, 2_ATF2.1386, 2_MEGF9.1955, 2_MRPL52.122704, 1_hsa.miR.10b.5p, 1_hsa.miR.221.3p, 1_hsa.miR.23b.3p, 1_hsa.miR.365a.3p, 1_hsa.miR.676.3p, 2_CTTNBP2NL.55917, 2_FASN.2194, 2_IL21.59067, 2_KAL1.3730, 2_LRRC61.65999, 2_METTL7A.25840, 2_MICALL2.79778, 2_MRPL9.65005, 2_PPP1R14B.26472, 2_RBM42.79171, 2_RFXANK.8625, 2_SCP2.6342, 2_SLC39A11.201266, 2_STK25.10494, 2_SYMPK.8189, ...]

BEST SUMS WITH SIZE 50
Number of solutions = 50
Features in hall of fame by prevalence:
37 features: [0_ajcc_pathologic_tumor_stage_Stage IV, 2_BARX1.56033, 2_C6orf186.728464, 2_SIM2.6493, 2_CORO6.84940, 2_FLAD1.80308, 2_HERC3.8916, 2_HOXA3.3200, 2_LIMCH1.22998, 2_LOC285359.285359, 2_PLCL2.23228, 2_SCP2.6342, 2_SEMA3G.56920, 0_ajcc_pathologic_tumor_stage_Stage I, 1_hsa.miR.10b.3p, 1_hsa.miR.10b.5p, 1_hsa.miR.1248, 1_hsa.miR.194.3p, 1_hsa.miR.223.3p, 1_hsa.miR.22.5p, 1_hsa.miR.296.5p, 1_hsa.miR.301b, 1_hsa.miR.671.5p, 2_ABCG2.9429, 2_AUP1.550, 2_BREA2.286076, 2_CTTNBP2NL.55917, 2_CYP3A7.1551, 2_EXOSC1.51013, 2_FOXA2.3170, 2_IGFN1.91156, 2_JTB.10899, 2_METTL7A.25840, 2_MRPL9.65005, 2_PYCARD.29108, 2_SAA1.6288, 2_UPK3B.80761]

BEST SUMS WITH SIZE 100
Number of solutions = 100
Features in hall of fame by prevalence:
52 features: [0_ajcc_pathologic_tumor_stage_Stage IV, 2_C6orf186.728464, 0_ajcc_pathologic_tumor_stage_Stage I, 2_SIM2.6493, 2_BARX1.56033, 2_CYP3A7.1551, 2_FLAD1.80308, 2_HOXA3.3200, 1_hsa.miR.194.3p, 1_hsa.miR.590.3p, 2_HERC3.8916, 2_LIMCH1.22998, 2_PLCL2.23228, 2_SAA1.6288, 2_SEMA3G.56920, 2_CORO6.84940, 2_SCP2.6342, 2_UPK3B.80761, 1_hsa.miR.1248, 1_hsa.miR.130b.5p, 1_hsa.miR.18a.5p, 1_hsa.miR.301b, 1_hsa.miR.425.3p, 2_CTTNBP2NL.55917, 2_FOXA2.3170, 2_LOC285359.285359, 2_METTL7A.25840, 2_MRPL9.65005, 0_age_at_initial_pathologic_diagnosis, 1_hsa.miR.10b.3p, 1_hsa.miR.10b.5p, 1_hsa.miR.126.3p, 1_hsa.miR.223.3p, 1_hsa.miR.22.5p, 1_hsa.miR.296.5p, 1_hsa.miR.34c.3p, 1_hsa.miR.34c.5p, 1_hsa.miR.671.5p, 2_ABCG2.9429, 2_ARHGAP42.143872, 2_AUP1.550, 2_BREA2.286076, 2_C6orf153.88745, 2_EXOSC1.51013, 2_IGFN1.91156, 2_JTB.10899, 2_LOC100286793.100286793, 2_ORC6L.23594, 2_PDIA2.64714, 2_PYCARD.29108, 2_SLC2A9.56606, 2_ZYG11B.79699]
