inner_cv_svm_bal_acc,inner_cv_root_leanness,train_svm_bal_acc,train_root_leanness
,0.0,0.01198631660925054,0.0
,0.0,0.018296288427758937,0.0
,0.0,0.013744338421805804,0.0
,0.0,0.012917151871809144,0.0
,0.0,0.005468892826399651,0.0
,0.0,0.013881280554837193,0.0
,0.0,0.017871451876723458,0.0
,0.0,0.013683422836862687,0.0
,0.0,0.021808464312968612,0.0
,0.0,0.0,0.0
