inner_cv_RF4_bal_acc,inner_cv_root_leanness,train_RF4_bal_acc,train_root_leanness,test_RF4_bal_acc,test_root_leanness
0.9677760308270821,0.3333333333333333,0.9870747519204783,0.3333333333333333,0.8967573128520258,0.3333333333333333
0.9621617313078228,0.3535533905932738,0.9876782880782283,0.3535533905932738,0.9559855157839885,0.3535533905932738
0.954931307175875,0.3779644730092272,0.9837093102881921,0.3779644730092272,0.9469422370020957,0.3779644730092272
0.9453158051617252,0.408248290463863,0.9902039890813038,0.408248290463863,0.8949249837239727,0.408248290463863
0.9340030342111939,0.4472135954999579,0.9901792620405933,0.4472135954999579,0.901112685065617,0.4472135954999579
0.911290414495781,0.5,0.9315894882080573,0.5,0.8558742295384787,0.5
0.8779091108342907,0.5773502691896257,0.9017674204769267,0.5773502691896257,0.8490957011732352,0.5773502691896257
0.6881108086155123,0.7071067811865476,0.8280191313835656,0.7071067811865476,0.6934716681159729,0.7071067811865476
0.20000000000000004,1.0,0.2,1.0,0.2,1.0
