inner_cv_RF4_bal_acc,inner_cv_root_leanness,train_RF4_bal_acc,train_root_leanness,test_RF4_bal_acc,test_root_leanness
0.9245192282179603,0.3333333333333333,0.9624516743547943,0.3333333333333333,0.8378305947872343,0.3333333333333333
0.9149616005092562,0.3535533905932738,0.9601401433539271,0.3535533905932738,0.8445693405426814,0.3535533905932738
0.9056051820783576,0.3779644730092272,0.9608747871517959,0.3779644730092272,0.8372663590882331,0.3779644730092272
0.887041503109945,0.408248290463863,0.9611270973518877,0.408248290463863,0.812614833786435,0.408248290463863
0.8716841895097677,0.4472135954999579,0.9658705161852918,0.4472135954999579,0.7776173000426869,0.4472135954999579
0.849825563557798,0.5,0.9042329041087007,0.5,0.7845251723491998,0.5
0.8051431064032055,0.5773502691896257,0.8510579189539753,0.5773502691896257,0.7450103539822728,0.5773502691896257
0.6165923930149917,0.7071067811865476,0.7845167467552919,0.7071067811865476,0.6372035092687942,0.7071067811865476
0.20000000000000004,1.0,0.2,1.0,0.2,1.0
