inner_cv_RF4_bal_acc,inner_cv_root_leanness,train_RF4_bal_acc,train_root_leanness,test_RF4_bal_acc,test_root_leanness
0.012032889740579708,0.0,0.010130414766857455,0.0,0.02005559661030456,0.0
0.012424556944156883,0.0,0.008956940499400693,0.0,0.03412284442588021,0.0
0.012951365386065637,0.0,0.009887747876107704,0.0,0.03516407649209281,0.0
0.014814194909789823,0.0,0.010237003001409188,0.0,0.027896983750706292,0.0
0.01577406951323431,0.0,0.008928680032118814,0.0,0.03898332109599367,0.0
0.01650939218366833,0.0,0.009521427749050489,0.0,0.022496266293903642,0.0
0.018685240239022682,0.0,0.0169558350146877,0.0,0.03366377308909619,0.0
0.018507418724103917,0.0,0.014474983497202876,0.0,0.019625586881096488,0.0
0.0,0.0,0.0,0.0,0.0,0.0
