inner_cv_RF4_bal_acc,inner_cv_root_leanness,train_RF4_bal_acc,train_root_leanness,test_RF4_bal_acc,test_root_leanness
0.9497029990034804,0.3333333333333333,0.9725412451007202,0.3333333333333333,0.8605849530015354,0.3333333333333333
0.9429865487518538,0.3535533905932738,0.9713066771994855,0.3535533905932738,0.8912310548306503,0.3535533905932738
0.9362313658960421,0.3779644730092272,0.9706893932488683,0.3779644730092272,0.8792184933742062,0.3779644730092272
0.9212312139803857,0.408248290463863,0.9706544526478899,0.408248290463863,0.8603131804345152,0.408248290463863
0.905776068785525,0.4472135954999579,0.9744280375535503,0.4472135954999579,0.8307022752927707,0.4472135954999579
0.8817339087757082,0.5,0.9214834057464628,0.5,0.8220066231188576,0.5
0.8442443986106666,0.5773502691896257,0.87995573012902,0.5773502691896257,0.8174474778114819,0.5773502691896257
0.6479901087598335,0.7071067811865476,0.795331596548759,0.7071067811865476,0.6694705249811418,0.7071067811865476
0.2,1.0,0.2,1.0,0.2,1.0
