inner_cv_NB_bal_acc,inner_cv_root_leanness,train_NB_bal_acc,train_root_leanness,test_NB_bal_acc,test_root_leanness
,0.0,0.01662445052544232,0.0,0.012575505503853487,0.0
,0.0,0.014874439789848823,0.0,0.016236751357870515,0.0
,0.0,0.017635370263861024,0.0,0.01736337524388239,0.0
,0.0,0.022561554988721814,0.0,0.01852439087686342,0.0
,0.0,0.015932779114274476,0.0,0.019274346453960037,0.0
,0.0,0.01879140916966748,0.0,0.0290428463561875,0.0
,0.0,0.014211980825938038,0.0,0.018941629657867,0.0
,0.0,0.0,0.0,0.0,0.0
