inner_cv_NB_bal_acc,inner_cv_root_leanness,train_NB_bal_acc,train_root_leanness
,0.0,0.010292660409049898,0.0
,0.0,0.014081490192677472,0.0
,0.0,0.010960973815531594,0.0
,0.0,0.011113557780436148,0.0
,0.0,0.016354394626692623,0.0
,0.0,0.013757146701158166,0.0
,0.0,0.010483821932724994,0.0
,0.0,0.010526058774907376,0.0
,0.0,0.009888641808506621,0.0
,0.0,0.0,0.0
