inner_cv_NB_bal_acc,inner_cv_root_leanness,train_NB_bal_acc,train_root_leanness,test_NB_bal_acc,test_root_leanness
0.8734914653799389,0.20851441405707477,0.8959963748706643,0.20851441405707477,0.8846397962022028,0.20851441405707477
0.8734913582156871,0.31622776601683794,0.8882509095419584,0.31622776601683794,0.8182329170844348,0.31622776601683794
0.8734876913345522,0.408248290463863,0.8887036651776675,0.408248290463863,0.8967520432655789,0.408248290463863
0.8734646510204322,0.4472135954999579,0.8653881938929591,0.4472135954999579,0.8413711789385075,0.4472135954999579
0.8526614059334581,0.5,0.8445946355224769,0.5,0.8141109153872188,0.5
0.7905597314885574,0.5773502691896257,0.7939475768495626,0.5773502691896257,0.7628034397473066,0.5773502691896257
0.6721906100140607,0.7071067811865476,0.6709406461819956,0.7071067811865476,0.6538220683752349,0.7071067811865476
0.2,1.0,0.2,1.0,0.2,1.0
