inner_cv_NB_bal_acc,inner_cv_root_leanness,train_NB_bal_acc,train_root_leanness,test_NB_bal_acc,test_root_leanness
,0.20851441405707477,0.8614158685352741,0.20851441405707477,0.8644131202204941,0.20851441405707477
,0.31622776601683794,0.8563962877907851,0.31622776601683794,0.8024660791340948,0.31622776601683794
,0.408248290463863,0.8542209287358735,0.408248290463863,0.863048857313949,0.408248290463863
,0.4472135954999579,0.824326724594229,0.4472135954999579,0.8158549592819212,0.4472135954999579
,0.5,0.8050614085463419,0.5,0.7926101126498123,0.5
,0.5773502691896257,0.7693699584261879,0.5773502691896257,0.720121432098719,0.5773502691896257
,0.7071067811865476,0.6511039673408162,0.7071067811865476,0.6212407802746492,0.7071067811865476
,1.0,0.2,1.0,0.2,1.0
