inner_cv_root_separation,inner_cv_root_leanness,train_root_separation,train_root_leanness,test_root_separation,test_root_leanness
0.008530275743903302,0.0,0.007987986492454793,0.0,0.009919903922445128,0.0
0.008931021515375599,0.0,0.009660069641501024,0.0,0.010948318573307483,0.0
0.009565220760380959,0.0,0.006662997358701332,0.0,0.008881414357891502,0.0
0.01090692364985847,0.0,0.00706818928726369,0.0,0.008478041559413337,0.0
0.010056619282307411,0.0,0.008191200300091699,0.0,0.010850307873734593,0.0
0.009305848766548538,0.0,0.009463480388616179,0.0,0.008338189797787127,0.0
0.004568095727847169,0.0,0.005444339063436326,0.0,0.005935985033520478,0.0
0.0,0.0,0.0,0.0,0.0,0.0
