inner_cv_root_separation,inner_cv_root_leanness,train_root_separation,train_root_leanness,test_root_separation,test_root_leanness
0.009655904017269134,0.0,0.010402702308780978,0.0,0.008542652730316978,0.0
0.009662282081310062,0.0,0.00584801828512011,0.0,0.010826221411985294,0.0
0.009588272290267572,0.0,0.007711500040164112,0.0,0.011502159191248806,0.0
0.00865145916715801,0.0,0.007900840567559943,0.0,0.007712979967118823,0.0
0.00921433048439637,0.0,0.009310631393665903,0.0,0.007794682997335224,0.0
0.010534049890260036,0.0,0.014300240018609474,0.0,0.008339830069102121,0.0
0.0062943586680181355,0.0,0.0071667561330614,0.0,0.010482690788193588,0.0
0.0,0.0,0.0,0.0,0.0,0.0
