inner_cv_root_separation,inner_cv_root_leanness,train_root_separation,train_root_leanness,test_root_separation,test_root_leanness
0.6760777345786255,0.3535533905932738,0.6760777345786255,0.3535533905932738,0.6172651060260422,0.3535533905932738
0.675318363008355,0.3779644730092272,0.675318363008355,0.3779644730092272,0.615224367675451,0.3779644730092272
0.6743961449638367,0.408248290463863,0.6743961449638367,0.408248290463863,0.615224367675451,0.408248290463863
0.6720604708678258,0.4472135954999579,0.6720604708678258,0.4472135954999579,0.6218850867299992,0.4472135954999579
0.6661463110886061,0.5,0.6661463110886061,0.5,0.612966612986819,0.5
0.6351093706915238,0.5773502691896257,0.6351093706915238,0.5773502691896257,0.5990443612356608,0.5773502691896257
0.5702276678992372,0.7071067811865476,0.5702276678992372,0.7071067811865476,0.5493476259779875,0.7071067811865476
0.0,1.0,0.0,1.0,0.0,1.0
