inner_cv_root_separation,inner_cv_root_leanness,train_root_separation,train_root_leanness,test_root_separation,test_root_leanness
0.6900676011806355,0.3535533905932738,0.6909724215416378,0.3535533905932738,0.6395270509534059,0.3535533905932738
0.6895441746921515,0.3779644730092272,0.6984002140650688,0.3779644730092272,0.6432155248393547,0.3779644730092272
0.6895441746921515,0.408248290463863,0.6969686699713677,0.408248290463863,0.6329755467484065,0.408248290463863
0.6864912083728638,0.4472135954999579,0.6809640808112651,0.4472135954999579,0.6477798330125382,0.4472135954999579
0.6824378845541532,0.5,0.6859924134743068,0.5,0.6382124764209989,0.5
0.6539192374854638,0.5773502691896257,0.6505055146482016,0.5773502691896257,0.6337612210801499,0.5773502691896257
0.5775140841894912,0.7071067811865476,0.5783247655979026,0.7071067811865476,0.584667219395023,0.7071067811865476
0.0,1.0,0.0,1.0,0.0,1.0
