inner_cv_root_separation,inner_cv_root_leanness,train_root_separation,train_root_leanness,test_root_separation,test_root_leanness
0.6699739181300038,0.3333333333333333,0.6682510489900968,0.3333333333333333,0.6930762785169112,0.3333333333333333
0.6699739181300038,0.3535533905932738,0.6656970227255026,0.3535533905932738,0.6785376098511763,0.3535533905932738
0.6686823346908947,0.3779644730092272,0.6613895284574329,0.3779644730092272,0.6926228303400981,0.3779644730092272
0.6685078397061744,0.408248290463863,0.6586492881833995,0.408248290463863,0.6939623907856604,0.408248290463863
0.6677765721898395,0.4472135954999579,0.6567864491955152,0.4472135954999579,0.6954194366130397,0.4472135954999579
0.6632523823166173,0.5,0.6577021726722934,0.5,0.6928195545308725,0.5
0.6455127839366367,0.5773502691896257,0.6316393490686222,0.5773502691896257,0.6566797076781997,0.5773502691896257
0.5773609054259883,0.7071067811865476,0.5765571906218053,0.7071067811865476,0.5915270393097091,0.7071067811865476
0.0,1.0,0.0,1.0,0.0,1.0
