inner_cv_root_separation,inner_cv_root_leanness,train_root_separation,train_root_leanness,test_root_separation,test_root_leanness
0.006548919168525491,0.0,0.006272777835826625,0.0,0.014546152097358437,0.0
0.005526934816138557,0.0,0.006625541129044722,0.0,0.012127660288410254,0.0
0.005668110922388978,0.0,0.007490487096859343,0.0,0.01521564320671709,0.0
0.005412149399317541,0.0,0.004469259583693534,0.0,0.014261549002804897,0.0
0.006305240500260189,0.0,0.003235443078553282,0.0,0.008622790686700911,0.0
0.005148679121133248,0.0,0.0070258031567948164,0.0,0.005784314794473938,0.0
0.0064967141410285775,0.0,0.007149784703164245,0.0,0.013928013169608618,0.0
0.005340333617026649,0.0,0.004540557563705891,0.0,0.009288590785103695,0.0
0.0,0.0,0.0,0.0,0.0,0.0
