inner_cv_root_separation,inner_cv_root_leanness,train_root_separation,train_root_leanness,test_root_separation,test_root_leanness
0.6750408888554127,0.3535533905932738,0.6695486798963532,0.3535533905932738,0.6736942312534329,0.3535533905932738
0.6746517271559221,0.3779644730092272,0.6747115147109756,0.3779644730092272,0.6718299194534343,0.3779644730092272
0.6732415618492265,0.408248290463863,0.6654510018238299,0.408248290463863,0.6668076260850393,0.408248290463863
0.6731180090188049,0.4472135954999579,0.6647097195151477,0.4472135954999579,0.6662219384251764,0.4472135954999579
0.6697601685821419,0.5,0.6688389887299593,0.5,0.6642883422673396,0.5
0.6515535912886128,0.5773502691896257,0.6488022678915608,0.5773502691896257,0.6291667485194927,0.5773502691896257
0.5831456436388669,0.7071067811865476,0.586023389009204,0.7071067811865476,0.5734163303230038,0.7071067811865476
0.0,1.0,0.0,1.0,0.0,1.0
