inner_cv_root_separation,inner_cv_root_leanness,train_root_separation,train_root_leanness,test_root_separation,test_root_leanness
0.6722721115467487,0.3535533905932738,0.6710457090246575,0.3535533905932738,0.6787800695486026,0.3535533905932738
0.6720612031737926,0.3779644730092272,0.6685643087911899,0.3779644730092272,0.672502296966094,0.3779644730092272
0.6712043330362996,0.408248290463863,0.674716954539357,0.408248290463863,0.694599025771719,0.408248290463863
0.6680391844374207,0.4472135954999579,0.6647652661415957,0.4472135954999579,0.6689794063632111,0.4472135954999579
0.662684015925471,0.5,0.6619212978361729,0.5,0.6725267345946593,0.5
0.6387168949660041,0.5773502691896257,0.6450621914790927,0.5773502691896257,0.6617078555444237,0.5773502691896257
0.5697412610395605,0.7071067811865476,0.575259376155709,0.7071067811865476,0.5745436737557994,0.7071067811865476
0.0,1.0,0.0,1.0,0.0,1.0
