inner_cv_root_separation,inner_cv_root_leanness,train_root_separation,train_root_leanness,test_root_separation,test_root_leanness
0.6444967337219087,0.3535533905932738,0.6451765708510896,0.3535533905932738,0.6530181133432836,0.3535533905932738
0.6439880749406722,0.3779644730092272,0.6500310092461271,0.3779644730092272,0.6429341658555978,0.3779644730092272
0.64383571084753,0.408248290463863,0.6495813227181989,0.408248290463863,0.6572585987607512,0.408248290463863
0.6422077422857659,0.4472135954999579,0.6411821188497842,0.4472135954999579,0.6482913250890832,0.4472135954999579
0.6343190143768201,0.5,0.6332582972589655,0.5,0.6522667658058607,0.5
0.6051964243765487,0.5773502691896257,0.6040919010208583,0.5773502691896257,0.6385085068930717,0.5773502691896257
0.5514413507328597,0.7071067811865476,0.5555724269177386,0.7071067811865476,0.5461983624499781,0.7071067811865476
0.0,1.0,0.0,1.0,0.0,1.0
