inner_cv_root_separation,inner_cv_root_leanness,train_root_separation,train_root_leanness,test_root_separation,test_root_leanness
0.6694072089513817,0.3333333333333333,0.6684541232354174,0.3333333333333333,0.6782371265600767,0.3333333333333333
0.665586092222246,0.3535533905932738,0.6676190637414473,0.3535533905932738,0.6796153764035728,0.3535533905932738
0.6654630848939079,0.3779644730092272,0.6698802983508213,0.3779644730092272,0.6764238124352834,0.3779644730092272
0.6643730097550683,0.408248290463863,0.658338019719581,0.408248290463863,0.6914081625299415,0.408248290463863
0.6615918184669117,0.4472135954999579,0.6586066984293422,0.4472135954999579,0.680412020791428,0.4472135954999579
0.6521788903000617,0.5,0.6556868922436342,0.5,0.665968564793135,0.5
0.6364416403846761,0.5773502691896257,0.6363779531993069,0.5773502691896257,0.6614468292675008,0.5773502691896257
0.5778648255208112,0.7071067811865476,0.5719310275265341,0.7071067811865476,0.5971664861872715,0.7071067811865476
0.0,1.0,0.0,1.0,0.0,1.0
