inner_cv_root_separation,inner_cv_root_leanness,train_root_separation,train_root_leanness,test_root_separation,test_root_leanness
0.6526660146421384,0.3535533905932738,0.6445008520961456,0.3535533905932738,0.6483959206304111,0.3535533905932738
0.6496342401775064,0.3779644730092272,0.6461061422529643,0.3779644730092272,0.6420234720105116,0.3779644730092272
0.6458052465246398,0.408248290463863,0.6462481092349992,0.408248290463863,0.6394039501994007,0.408248290463863
0.6416035390176855,0.4472135954999579,0.6418808414962384,0.4472135954999579,0.6412486663597453,0.4472135954999579
0.6398342814051636,0.5,0.6443214440249454,0.5,0.6346596346022074,0.5
0.6238740626415388,0.5773502691896257,0.6192944605057245,0.5773502691896257,0.6076577374670835,0.5773502691896257
0.5686115372070915,0.7071067811865476,0.5711138232975604,0.7071067811865476,0.5566642190304661,0.7071067811865476
0.0,1.0,0.0,1.0,0.0,1.0
