inner_cv_root_separation,inner_cv_root_leanness,train_root_separation,train_root_leanness,test_root_separation,test_root_leanness
0.009170161333160754,0.0,0.012917240905479875,0.0,0.005797811969919831,0.0
0.009231394163770244,0.0,0.008245915933009785,0.0,0.0032685557173482735,0.0
0.009553303339061405,0.0,0.008009035013920236,0.0,0.011100659577789333,0.0
0.010530694726842697,0.0,0.009734062228276167,0.0,0.009507049278419333,0.0
0.010673193098755763,0.0,0.008825215282067872,0.0,0.011286576488992598,0.0
0.010174287626496626,0.0,0.009060147511769841,0.0,0.011679701420016583,0.0
0.010128289537779493,0.0,0.005502973884801258,0.0,0.010331168968686183,0.0
0.0069124063396591735,0.0,0.005001224819943799,0.0,0.007152576052024257,0.0
0.0,0.0,0.0,0.0,0.0,0.0
