inner_cv_RF_bal_acc,inner_cv_leanness,train_RF_bal_acc,train_leanness,test_RF_bal_acc,test_leanness
0.8961926923664633,0.1,0.9872899578491683,0.1,0.7823308270676692,0.1
0.8821717936307836,0.14285714285714285,0.9813475364718274,0.14285714285714285,0.781234335839599,0.14285714285714285
0.8615442133504694,0.16666666666666666,0.9818644452380271,0.16666666666666666,0.7567355889724311,0.16666666666666666
0.8435232832353066,0.2,0.9764147158519598,0.2,0.7787593984962407,0.2
0.8221858913751445,0.25,0.962131129061085,0.25,0.6947055137844612,0.25
0.6902533023495047,0.3333333333333333,0.9469311547786179,0.3333333333333333,0.6401629072681704,0.3333333333333333
0.47590486320591896,0.5,0.8685895681296326,0.5,0.4462719298245614,0.5
0.2,1.0,0.2,1.0,0.2,1.0
