inner_cv_root_separation,inner_cv_root_leanness,train_root_separation,train_root_leanness,test_root_separation,test_root_leanness
0.00934572239460141,0.0,0.010022453646167113,0.0,0.01133727021122169,0.0
0.009340844694508046,0.0,0.009980430385680618,0.0,0.01089220610234922,0.0
0.009184636423429692,0.0,0.00660572241101507,0.0,0.016234493554496975,0.0
0.009196774956149303,0.0,0.008918435125142113,0.0,0.013006241670036531,0.0
0.009091571022840693,0.0,0.01057082546123207,0.0,0.0132092280420979,0.0
0.010718405910431373,0.0,0.011888340737413027,0.0,0.01037812038441878,0.0
0.013403651359894759,0.0,0.019980002888631925,0.0,0.020619925362390525,0.0
0.009696680937816754,0.0,0.0053029457447309235,0.0,0.008207823758049383,0.0
0.0,0.0,0.0,0.0,0.0,0.0
