inner_cv_root_separation,inner_cv_root_leanness,train_root_separation,train_root_leanness,test_root_separation,test_root_leanness
0.6479711122017254,0.3333333333333333,0.647470574077462,0.3333333333333333,0.649466674537822,0.3333333333333333
0.6479538903211428,0.3535533905932738,0.641219387463494,0.3535533905932738,0.643839016536642,0.3535533905932738
0.6476917593207828,0.3779644730092272,0.6565011389383236,0.3779644730092272,0.6445437826464321,0.3779644730092272
0.6465229916318954,0.408248290463863,0.6452028237758726,0.408248290463863,0.6475822587863035,0.408248290463863
0.6419766689049728,0.4472135954999579,0.6419011767118393,0.4472135954999579,0.6382052841921693,0.4472135954999579
0.6291110594262549,0.5,0.6240301281050716,0.5,0.6208201277996352,0.5
0.6006597979512818,0.5773502691896257,0.5973790372796174,0.5773502691896257,0.6084773408780443,0.5773502691896257
0.5514017332544141,0.7071067811865476,0.5584079359214911,0.7071067811865476,0.5708952297165123,0.7071067811865476
0.0,1.0,0.0,1.0,0.0,1.0
