inner_cv_root_separation,inner_cv_root_leanness,train_root_separation,train_root_leanness,test_root_separation,test_root_leanness
0.007196186539744255,0.0,0.01119861657524177,0.0,0.00841749591712371,0.0
0.007978711770733483,0.0,0.009436460371022125,0.0,0.014594175194168547,0.0
0.008287434784008523,0.0,0.009911233976275262,0.0,0.00789527331895679,0.0
0.009929526035286788,0.0,0.006801546814537434,0.0,0.005419200770251346,0.0
0.01037314730388022,0.0,0.00853794561053963,0.0,0.01208327001569229,0.0
0.010453257147573235,0.0,0.010332153880522534,0.0,0.010663009009970161,0.0
0.015023365211714806,0.0,0.010707712270672989,0.0,0.014880376666746428,0.0
0.006517431045557754,0.0,0.006690026908677984,0.0,0.009947892626073119,0.0
0.0,0.0,0.0,0.0,0.0,0.0
