inner_cv_root_separation,inner_cv_root_leanness,train_root_separation,train_root_leanness,test_root_separation,test_root_leanness
0.6466263713368515,0.3333333333333333,0.6424973265644556,0.3333333333333333,0.6565068158954274,0.3333333333333333
0.6405677968836352,0.3535533905932738,0.6399009274429122,0.3535533905932738,0.656199843625836,0.3535533905932738
0.6397716925914071,0.3779644730092272,0.6316915439952816,0.3779644730092272,0.6524247470116069,0.3779644730092272
0.6345059088972812,0.408248290463863,0.6362556162888108,0.408248290463863,0.6512751267904912,0.408248290463863
0.6352411649999189,0.4472135954999579,0.6273399451221879,0.4472135954999579,0.6586400794562933,0.4472135954999579
0.631620662904745,0.5,0.6318179363723019,0.5,0.6533073793202502,0.5
0.6121130098874352,0.5773502691896257,0.6040559993342984,0.5773502691896257,0.615073891135098,0.5773502691896257
0.5634800719914167,0.7071067811865476,0.5646119324579246,0.7071067811865476,0.5429757036996741,0.7071067811865476
0.0,1.0,0.0,1.0,0.0,1.0
