inner_cv_root_separation,inner_cv_root_leanness,train_root_separation,train_root_leanness,test_root_separation,test_root_leanness
0.6709747407217483,0.3333333333333333,0.675116645801626,0.3333333333333333,0.671443389123182,0.3333333333333333
0.6709747407217483,0.3535533905932738,0.670215092878714,0.3535533905932738,0.6775160678226834,0.3535533905932738
0.6700548183173498,0.3779644730092272,0.6709842151580819,0.3779644730092272,0.6732631123868293,0.3779644730092272
0.669999109211974,0.408248290463863,0.6647508916110898,0.408248290463863,0.6596513735640133,0.408248290463863
0.6690272774186365,0.4472135954999579,0.6734721834953334,0.4472135954999579,0.6716561732640546,0.4472135954999579
0.6666275624211432,0.5,0.6652022629263027,0.5,0.662204781560553,0.5
0.650252356623674,0.5773502691896257,0.6552771696674867,0.5773502691896257,0.6352983517314581,0.5773502691896257
0.5829100372060749,0.7071067811865476,0.5837298931105978,0.7071067811865476,0.5655614068567724,0.7071067811865476
0.0,1.0,0.0,1.0,0.0,1.0
