inner_cv_root_separation,inner_cv_root_leanness,train_root_separation,train_root_leanness,test_root_separation,test_root_leanness
0.6446717864175264,0.3333333333333333,0.6446717864175264,0.3333333333333333,0.6646479674917848,0.3333333333333333
0.6443257434184253,0.3535533905932738,0.6443257434184253,0.3535533905932738,0.6593221357545522,0.3535533905932738
0.6436508898236062,0.3779644730092272,0.6436508898236062,0.3779644730092272,0.659288007852763,0.3779644730092272
0.6418951091020563,0.408248290463863,0.6418951091020563,0.408248290463863,0.6550675876277465,0.408248290463863
0.6399367885116413,0.4472135954999579,0.6399367885116413,0.4472135954999579,0.6568459328971689,0.4472135954999579
0.6381431311237984,0.5,0.6381431311237984,0.5,0.6556672053408732,0.5
0.6182089840650262,0.5773502691896257,0.6182089840650262,0.5773502691896257,0.6301907019994673,0.5773502691896257
0.5698211826396377,0.7071067811865476,0.5698211826396377,0.7071067811865476,0.550417291690015,0.7071067811865476
0.0,1.0,0.0,1.0,0.0,1.0
