inner_cv_root_separation,inner_cv_root_leanness,train_root_separation,train_root_leanness,test_root_separation,test_root_leanness
0.6529920583016,0.3535533905932738,0.6553774630218474,0.3535533905932738,0.6344749727595071,0.3535533905932738
0.6498539477790842,0.3779644730092272,0.6531271976200789,0.3779644730092272,0.6319371480882431,0.3779644730092272
0.6478881122200584,0.408248290463863,0.6488980724734588,0.408248290463863,0.6211998709955916,0.408248290463863
0.6478881122200584,0.4472135954999579,0.6436398116468405,0.4472135954999579,0.6153736022646218,0.4472135954999579
0.6462917318835919,0.5,0.6473685361580878,0.5,0.6006562695703326,0.5
0.6214291038766565,0.5773502691896257,0.6231204918642583,0.5773502691896257,0.5888886867321794,0.5773502691896257
0.5499489633500416,0.7071067811865476,0.5502608619702338,0.7071067811865476,0.5027872448105012,0.7071067811865476
0.0,1.0,0.0,1.0,0.0,1.0
